5912 - 10-Feb-26 14:21:22 - main - Ingestion pipeline starting
5912 - 10-Feb-26 14:21:22 - ingestion.Reader - Attempting to read CSV at C:\Users\armin\OneDrive\Desktop\Developer\MHIngestion\data\Mental_Health_DB.csv
5912 - 10-Feb-26 14:21:22 - ingestion.Reader - Read 10404 rows from C:\Users\armin\OneDrive\Desktop\Developer\MHIngestion\data\Mental_Health_DB.csv
5912 - 10-Feb-26 14:21:22 - ingestion.Validator - Successfully validated 9914 rows
5912 - 10-Feb-26 14:21:22 - ingestion.Validator - Rejected 490 rows
5912 - 10-Feb-26 14:21:22 - ingestion.Cleaner - Starting data cleaning step
5912 - 10-Feb-26 14:21:22 - ingestion.Cleaner - Removed 0 duplicate rows
5912 - 10-Feb-26 14:21:22 - ingestion.Cleaner - Converted column 'phase' to numeric
5912 - 10-Feb-26 14:21:22 - ingestion.Cleaner - Converted column 'value' to numeric
5912 - 10-Feb-26 14:21:22 - ingestion.Cleaner - Converted column 'lowci' to numeric
5912 - 10-Feb-26 14:21:22 - ingestion.Cleaner - Converted column 'highci' to numeric
5912 - 10-Feb-26 14:21:22 - ingestion.Cleaner - Converted 'time period' to nullable Int64
5912 - 10-Feb-26 14:21:22 - ingestion.Cleaner - Converted 'time period start date' to datetime
5912 - 10-Feb-26 14:21:22 - ingestion.Cleaner - Converted 'time period end date' to datetime
5912 - 10-Feb-26 14:21:22 - ingestion.Cleaner - Converted 'indicator' to string
5912 - 10-Feb-26 14:21:22 - ingestion.Cleaner - Converted 'group' to string
5912 - 10-Feb-26 14:21:22 - ingestion.Cleaner - Converted 'state' to string
5912 - 10-Feb-26 14:21:22 - ingestion.Cleaner - Converted 'subgroup' to string
5912 - 10-Feb-26 14:21:22 - ingestion.Cleaner - Converted 'time period label' to string
5912 - 10-Feb-26 14:21:22 - ingestion.Cleaner - Converted 'confidence interval' to string
5912 - 10-Feb-26 14:21:22 - ingestion.Cleaner - Converted 'quartile range' to string
5912 - 10-Feb-26 14:21:22 - ingestion.Cleaner - Completed data cleaning.
5912 - 10-Feb-26 14:21:22 - DBlogger - An error has occurred during connection: 2017 (HY000): Can't open named pipe to host: .  pipe: MySQL (2)
9024 - 10-Feb-26 14:23:32 - main - Ingestion pipeline starting
9024 - 10-Feb-26 14:23:32 - ingestion.Reader - Attempting to read CSV at C:\Users\armin\OneDrive\Desktop\Developer\MHIngestion\data\Mental_Health_DB.csv
9024 - 10-Feb-26 14:23:32 - ingestion.Reader - Read 10404 rows from C:\Users\armin\OneDrive\Desktop\Developer\MHIngestion\data\Mental_Health_DB.csv
9024 - 10-Feb-26 14:23:32 - ingestion.Validator - Successfully validated 9914 rows
9024 - 10-Feb-26 14:23:32 - ingestion.Validator - Rejected 490 rows
9024 - 10-Feb-26 14:23:32 - ingestion.Cleaner - Starting data cleaning step
9024 - 10-Feb-26 14:23:32 - ingestion.Cleaner - Removed 0 duplicate rows
9024 - 10-Feb-26 14:23:32 - ingestion.Cleaner - Converted column 'phase' to numeric
9024 - 10-Feb-26 14:23:32 - ingestion.Cleaner - Converted column 'value' to numeric
9024 - 10-Feb-26 14:23:32 - ingestion.Cleaner - Converted column 'lowci' to numeric
9024 - 10-Feb-26 14:23:32 - ingestion.Cleaner - Converted column 'highci' to numeric
9024 - 10-Feb-26 14:23:32 - ingestion.Cleaner - Converted 'time period' to nullable Int64
9024 - 10-Feb-26 14:23:32 - ingestion.Cleaner - Converted 'time period start date' to datetime
9024 - 10-Feb-26 14:23:32 - ingestion.Cleaner - Converted 'time period end date' to datetime
9024 - 10-Feb-26 14:23:32 - ingestion.Cleaner - Converted 'indicator' to string
9024 - 10-Feb-26 14:23:32 - ingestion.Cleaner - Converted 'group' to string
9024 - 10-Feb-26 14:23:32 - ingestion.Cleaner - Converted 'state' to string
9024 - 10-Feb-26 14:23:32 - ingestion.Cleaner - Converted 'subgroup' to string
9024 - 10-Feb-26 14:23:32 - ingestion.Cleaner - Converted 'time period label' to string
9024 - 10-Feb-26 14:23:32 - ingestion.Cleaner - Converted 'confidence interval' to string
9024 - 10-Feb-26 14:23:32 - ingestion.Cleaner - Converted 'quartile range' to string
9024 - 10-Feb-26 14:23:32 - ingestion.Cleaner - Completed data cleaning.
9024 - 10-Feb-26 14:23:32 - DBlogger - An error has occurred during connection: 2017 (HY000): Can't open named pipe to host: .  pipe: MySQL (2)
34492 - 10-Feb-26 14:26:47 - main - Ingestion pipeline starting
34492 - 10-Feb-26 14:26:47 - ingestion.Reader - Attempting to read CSV at C:\Users\armin\OneDrive\Desktop\Developer\MHIngestion\data\Mental_Health_DB.csv
34492 - 10-Feb-26 14:26:47 - ingestion.Reader - Read 10404 rows from C:\Users\armin\OneDrive\Desktop\Developer\MHIngestion\data\Mental_Health_DB.csv
34492 - 10-Feb-26 14:26:47 - ingestion.Validator - Successfully validated 9914 rows
34492 - 10-Feb-26 14:26:47 - ingestion.Validator - Rejected 490 rows
34492 - 10-Feb-26 14:26:47 - ingestion.Cleaner - Starting data cleaning step
34492 - 10-Feb-26 14:26:47 - ingestion.Cleaner - Removed 0 duplicate rows
34492 - 10-Feb-26 14:26:47 - ingestion.Cleaner - Converted column 'phase' to numeric
34492 - 10-Feb-26 14:26:47 - ingestion.Cleaner - Converted column 'value' to numeric
34492 - 10-Feb-26 14:26:47 - ingestion.Cleaner - Converted column 'lowci' to numeric
34492 - 10-Feb-26 14:26:47 - ingestion.Cleaner - Converted column 'highci' to numeric
34492 - 10-Feb-26 14:26:47 - ingestion.Cleaner - Converted 'time period' to nullable Int64
34492 - 10-Feb-26 14:26:47 - ingestion.Cleaner - Converted 'time period start date' to datetime
34492 - 10-Feb-26 14:26:47 - ingestion.Cleaner - Converted 'time period end date' to datetime
34492 - 10-Feb-26 14:26:47 - ingestion.Cleaner - Converted 'indicator' to string
34492 - 10-Feb-26 14:26:47 - ingestion.Cleaner - Converted 'group' to string
34492 - 10-Feb-26 14:26:47 - ingestion.Cleaner - Converted 'state' to string
34492 - 10-Feb-26 14:26:47 - ingestion.Cleaner - Converted 'subgroup' to string
34492 - 10-Feb-26 14:26:47 - ingestion.Cleaner - Converted 'time period label' to string
34492 - 10-Feb-26 14:26:47 - ingestion.Cleaner - Converted 'confidence interval' to string
34492 - 10-Feb-26 14:26:47 - ingestion.Cleaner - Converted 'quartile range' to string
34492 - 10-Feb-26 14:26:47 - ingestion.Cleaner - Completed data cleaning.
34492 - 10-Feb-26 14:26:48 - DBlogger - An error has occurred during connection: 2017 (HY000): Can't open named pipe to host: .  pipe: MySQL (2)
21568 - 10-Feb-26 14:29:06 - main - Ingestion pipeline starting
21568 - 10-Feb-26 14:29:06 - ingestion.Reader - Attempting to read CSV at C:\Users\armin\OneDrive\Desktop\Developer\MHIngestion\data\Mental_Health_DB.csv
21568 - 10-Feb-26 14:29:06 - ingestion.Reader - Read 10404 rows from C:\Users\armin\OneDrive\Desktop\Developer\MHIngestion\data\Mental_Health_DB.csv
21568 - 10-Feb-26 14:29:06 - ingestion.Validator - Successfully validated 9914 rows
21568 - 10-Feb-26 14:29:06 - ingestion.Validator - Rejected 490 rows
21568 - 10-Feb-26 14:29:06 - ingestion.Cleaner - Starting data cleaning step
21568 - 10-Feb-26 14:29:06 - ingestion.Cleaner - Removed 0 duplicate rows
21568 - 10-Feb-26 14:29:06 - ingestion.Cleaner - Converted column 'phase' to numeric
21568 - 10-Feb-26 14:29:06 - ingestion.Cleaner - Converted column 'value' to numeric
21568 - 10-Feb-26 14:29:06 - ingestion.Cleaner - Converted column 'lowci' to numeric
21568 - 10-Feb-26 14:29:06 - ingestion.Cleaner - Converted column 'highci' to numeric
21568 - 10-Feb-26 14:29:06 - ingestion.Cleaner - Converted 'time period' to nullable Int64
21568 - 10-Feb-26 14:29:06 - ingestion.Cleaner - Converted 'time period start date' to datetime
21568 - 10-Feb-26 14:29:06 - ingestion.Cleaner - Converted 'time period end date' to datetime
21568 - 10-Feb-26 14:29:06 - ingestion.Cleaner - Converted 'indicator' to string
21568 - 10-Feb-26 14:29:06 - ingestion.Cleaner - Converted 'group' to string
21568 - 10-Feb-26 14:29:06 - ingestion.Cleaner - Converted 'state' to string
21568 - 10-Feb-26 14:29:06 - ingestion.Cleaner - Converted 'subgroup' to string
21568 - 10-Feb-26 14:29:06 - ingestion.Cleaner - Converted 'time period label' to string
21568 - 10-Feb-26 14:29:06 - ingestion.Cleaner - Converted 'confidence interval' to string
21568 - 10-Feb-26 14:29:06 - ingestion.Cleaner - Converted 'quartile range' to string
21568 - 10-Feb-26 14:29:06 - ingestion.Cleaner - Completed data cleaning.
21568 - 10-Feb-26 14:29:06 - DBlogger - An error has occurred during connection: 2017 (HY000): Can't open named pipe to host: .  pipe: MySQL (2)
26308 - 10-Feb-26 14:33:15 - main - Ingestion pipeline starting
26308 - 10-Feb-26 14:33:15 - ingestion.Reader - Attempting to read CSV at C:\Users\armin\OneDrive\Desktop\Developer\MHIngestion\data\Mental_Health_DB.csv
26308 - 10-Feb-26 14:33:15 - ingestion.Reader - Read 10404 rows from C:\Users\armin\OneDrive\Desktop\Developer\MHIngestion\data\Mental_Health_DB.csv
26308 - 10-Feb-26 14:33:15 - ingestion.Validator - Successfully validated 9914 rows
26308 - 10-Feb-26 14:33:15 - ingestion.Validator - Rejected 490 rows
26308 - 10-Feb-26 14:33:15 - ingestion.Cleaner - Starting data cleaning step
26308 - 10-Feb-26 14:33:15 - ingestion.Cleaner - Removed 0 duplicate rows
26308 - 10-Feb-26 14:33:15 - ingestion.Cleaner - Converted column 'phase' to numeric
26308 - 10-Feb-26 14:33:15 - ingestion.Cleaner - Converted column 'value' to numeric
26308 - 10-Feb-26 14:33:15 - ingestion.Cleaner - Converted column 'lowci' to numeric
26308 - 10-Feb-26 14:33:15 - ingestion.Cleaner - Converted column 'highci' to numeric
26308 - 10-Feb-26 14:33:15 - ingestion.Cleaner - Converted 'time period' to nullable Int64
26308 - 10-Feb-26 14:33:15 - ingestion.Cleaner - Converted 'time period start date' to datetime
26308 - 10-Feb-26 14:33:15 - ingestion.Cleaner - Converted 'time period end date' to datetime
26308 - 10-Feb-26 14:33:15 - ingestion.Cleaner - Converted 'indicator' to string
26308 - 10-Feb-26 14:33:15 - ingestion.Cleaner - Converted 'group' to string
26308 - 10-Feb-26 14:33:15 - ingestion.Cleaner - Converted 'state' to string
26308 - 10-Feb-26 14:33:15 - ingestion.Cleaner - Converted 'subgroup' to string
26308 - 10-Feb-26 14:33:15 - ingestion.Cleaner - Converted 'time period label' to string
26308 - 10-Feb-26 14:33:15 - ingestion.Cleaner - Converted 'confidence interval' to string
26308 - 10-Feb-26 14:33:15 - ingestion.Cleaner - Converted 'quartile range' to string
26308 - 10-Feb-26 14:33:15 - ingestion.Cleaner - Completed data cleaning.
26308 - 10-Feb-26 14:33:15 - DBlogger - An error has occurred during connection: 2017 (HY000): Can't open named pipe to host: .  pipe: MySQL (2)
23908 - 10-Feb-26 14:34:41 - main - Ingestion pipeline starting
23908 - 10-Feb-26 14:34:41 - ingestion.Reader - Attempting to read CSV at C:\Users\armin\OneDrive\Desktop\Developer\MHIngestion\data\Mental_Health_DB.csv
23908 - 10-Feb-26 14:34:41 - ingestion.Reader - Read 10404 rows from C:\Users\armin\OneDrive\Desktop\Developer\MHIngestion\data\Mental_Health_DB.csv
23908 - 10-Feb-26 14:34:41 - ingestion.Validator - Successfully validated 9914 rows
23908 - 10-Feb-26 14:34:41 - ingestion.Validator - Rejected 490 rows
23908 - 10-Feb-26 14:34:41 - ingestion.Cleaner - Starting data cleaning step
23908 - 10-Feb-26 14:34:41 - ingestion.Cleaner - Removed 0 duplicate rows
23908 - 10-Feb-26 14:34:41 - ingestion.Cleaner - Converted column 'phase' to numeric
23908 - 10-Feb-26 14:34:41 - ingestion.Cleaner - Converted column 'value' to numeric
23908 - 10-Feb-26 14:34:41 - ingestion.Cleaner - Converted column 'lowci' to numeric
23908 - 10-Feb-26 14:34:41 - ingestion.Cleaner - Converted column 'highci' to numeric
23908 - 10-Feb-26 14:34:41 - ingestion.Cleaner - Converted 'time period' to nullable Int64
23908 - 10-Feb-26 14:34:41 - ingestion.Cleaner - Converted 'time period start date' to datetime
23908 - 10-Feb-26 14:34:41 - ingestion.Cleaner - Converted 'time period end date' to datetime
23908 - 10-Feb-26 14:34:41 - ingestion.Cleaner - Converted 'indicator' to string
23908 - 10-Feb-26 14:34:41 - ingestion.Cleaner - Converted 'group' to string
23908 - 10-Feb-26 14:34:41 - ingestion.Cleaner - Converted 'state' to string
23908 - 10-Feb-26 14:34:41 - ingestion.Cleaner - Converted 'subgroup' to string
23908 - 10-Feb-26 14:34:41 - ingestion.Cleaner - Converted 'time period label' to string
23908 - 10-Feb-26 14:34:41 - ingestion.Cleaner - Converted 'confidence interval' to string
23908 - 10-Feb-26 14:34:41 - ingestion.Cleaner - Converted 'quartile range' to string
23908 - 10-Feb-26 14:34:41 - ingestion.Cleaner - Completed data cleaning.
23908 - 10-Feb-26 14:34:41 - DBlogger - Successfully connected to database
23908 - 10-Feb-26 14:34:41 - DBlogger - Successfully closed DB connection
12328 - 10-Feb-26 14:36:26 - main - Ingestion pipeline starting
12328 - 10-Feb-26 14:36:26 - ingestion.Reader - Attempting to read CSV at C:\Users\armin\OneDrive\Desktop\Developer\MHIngestion\data\Mental_Health_DB.csv
12328 - 10-Feb-26 14:36:26 - ingestion.Reader - Read 10404 rows from C:\Users\armin\OneDrive\Desktop\Developer\MHIngestion\data\Mental_Health_DB.csv
12328 - 10-Feb-26 14:36:26 - ingestion.Validator - Successfully validated 9914 rows
12328 - 10-Feb-26 14:36:26 - ingestion.Validator - Rejected 490 rows
12328 - 10-Feb-26 14:36:26 - ingestion.Cleaner - Starting data cleaning step
12328 - 10-Feb-26 14:36:26 - ingestion.Cleaner - Removed 0 duplicate rows
12328 - 10-Feb-26 14:36:26 - ingestion.Cleaner - Converted column 'phase' to numeric
12328 - 10-Feb-26 14:36:26 - ingestion.Cleaner - Converted column 'value' to numeric
12328 - 10-Feb-26 14:36:26 - ingestion.Cleaner - Converted column 'lowci' to numeric
12328 - 10-Feb-26 14:36:26 - ingestion.Cleaner - Converted column 'highci' to numeric
12328 - 10-Feb-26 14:36:26 - ingestion.Cleaner - Converted 'time period' to nullable Int64
12328 - 10-Feb-26 14:36:26 - ingestion.Cleaner - Converted 'time period start date' to datetime
12328 - 10-Feb-26 14:36:26 - ingestion.Cleaner - Converted 'time period end date' to datetime
12328 - 10-Feb-26 14:36:26 - ingestion.Cleaner - Converted 'indicator' to string
12328 - 10-Feb-26 14:36:26 - ingestion.Cleaner - Converted 'group' to string
12328 - 10-Feb-26 14:36:26 - ingestion.Cleaner - Converted 'state' to string
12328 - 10-Feb-26 14:36:26 - ingestion.Cleaner - Converted 'subgroup' to string
12328 - 10-Feb-26 14:36:26 - ingestion.Cleaner - Converted 'time period label' to string
12328 - 10-Feb-26 14:36:26 - ingestion.Cleaner - Converted 'confidence interval' to string
12328 - 10-Feb-26 14:36:26 - ingestion.Cleaner - Converted 'quartile range' to string
12328 - 10-Feb-26 14:36:26 - ingestion.Cleaner - Completed data cleaning.
12328 - 10-Feb-26 14:36:26 - DBlogger - Successfully connected to database
8104 - 10-Feb-26 14:41:05 - main - Ingestion pipeline starting
8104 - 10-Feb-26 14:41:05 - ingestion.Reader - Attempting to read CSV at C:\Users\armin\OneDrive\Desktop\Developer\MHIngestion\data\Mental_Health_DB.csv
8104 - 10-Feb-26 14:41:05 - ingestion.Reader - Read 10404 rows from C:\Users\armin\OneDrive\Desktop\Developer\MHIngestion\data\Mental_Health_DB.csv
8104 - 10-Feb-26 14:41:05 - ingestion.Validator - Successfully validated 9914 rows
8104 - 10-Feb-26 14:41:05 - ingestion.Validator - Rejected 490 rows
8104 - 10-Feb-26 14:41:05 - ingestion.Cleaner - Starting data cleaning step
8104 - 10-Feb-26 14:41:05 - ingestion.Cleaner - Removed 0 duplicate rows
8104 - 10-Feb-26 14:41:05 - ingestion.Cleaner - Converted column 'phase' to numeric
8104 - 10-Feb-26 14:41:05 - ingestion.Cleaner - Converted column 'value' to numeric
8104 - 10-Feb-26 14:41:05 - ingestion.Cleaner - Converted column 'lowci' to numeric
8104 - 10-Feb-26 14:41:05 - ingestion.Cleaner - Converted column 'highci' to numeric
8104 - 10-Feb-26 14:41:05 - ingestion.Cleaner - Converted 'time period' to nullable Int64
8104 - 10-Feb-26 14:41:05 - ingestion.Cleaner - Converted 'time period start date' to datetime
8104 - 10-Feb-26 14:41:05 - ingestion.Cleaner - Converted 'time period end date' to datetime
8104 - 10-Feb-26 14:41:05 - ingestion.Cleaner - Converted 'indicator' to string
8104 - 10-Feb-26 14:41:05 - ingestion.Cleaner - Converted 'group' to string
8104 - 10-Feb-26 14:41:05 - ingestion.Cleaner - Converted 'state' to string
8104 - 10-Feb-26 14:41:05 - ingestion.Cleaner - Converted 'subgroup' to string
8104 - 10-Feb-26 14:41:05 - ingestion.Cleaner - Converted 'time period label' to string
8104 - 10-Feb-26 14:41:05 - ingestion.Cleaner - Converted 'confidence interval' to string
8104 - 10-Feb-26 14:41:05 - ingestion.Cleaner - Converted 'quartile range' to string
8104 - 10-Feb-26 14:41:05 - ingestion.Cleaner - Completed data cleaning.
8104 - 10-Feb-26 14:41:05 - DBlogger - Successfully connected to database
8104 - 10-Feb-26 14:41:05 - DBlogger - Successfully closed DB connection
15856 - 10-Feb-26 14:41:30 - main - Ingestion pipeline starting
15856 - 10-Feb-26 14:41:30 - ingestion.Reader - Attempting to read CSV at C:\Users\armin\OneDrive\Desktop\Developer\MHIngestion\data\Mental_Health_DB.csv
15856 - 10-Feb-26 14:41:30 - ingestion.Reader - Read 10404 rows from C:\Users\armin\OneDrive\Desktop\Developer\MHIngestion\data\Mental_Health_DB.csv
15856 - 10-Feb-26 14:41:30 - ingestion.Validator - Successfully validated 9914 rows
15856 - 10-Feb-26 14:41:30 - ingestion.Validator - Rejected 490 rows
15856 - 10-Feb-26 14:41:30 - ingestion.Cleaner - Starting data cleaning step
15856 - 10-Feb-26 14:41:30 - ingestion.Cleaner - Removed 0 duplicate rows
15856 - 10-Feb-26 14:41:30 - ingestion.Cleaner - Converted column 'phase' to numeric
15856 - 10-Feb-26 14:41:30 - ingestion.Cleaner - Converted column 'value' to numeric
15856 - 10-Feb-26 14:41:30 - ingestion.Cleaner - Converted column 'lowci' to numeric
15856 - 10-Feb-26 14:41:30 - ingestion.Cleaner - Converted column 'highci' to numeric
15856 - 10-Feb-26 14:41:30 - ingestion.Cleaner - Converted 'time period' to nullable Int64
15856 - 10-Feb-26 14:41:30 - ingestion.Cleaner - Converted 'time period start date' to datetime
15856 - 10-Feb-26 14:41:30 - ingestion.Cleaner - Converted 'time period end date' to datetime
15856 - 10-Feb-26 14:41:30 - ingestion.Cleaner - Converted 'indicator' to string
15856 - 10-Feb-26 14:41:30 - ingestion.Cleaner - Converted 'group' to string
15856 - 10-Feb-26 14:41:30 - ingestion.Cleaner - Converted 'state' to string
15856 - 10-Feb-26 14:41:30 - ingestion.Cleaner - Converted 'subgroup' to string
15856 - 10-Feb-26 14:41:30 - ingestion.Cleaner - Converted 'time period label' to string
15856 - 10-Feb-26 14:41:30 - ingestion.Cleaner - Converted 'confidence interval' to string
15856 - 10-Feb-26 14:41:30 - ingestion.Cleaner - Converted 'quartile range' to string
15856 - 10-Feb-26 14:41:30 - ingestion.Cleaner - Completed data cleaning.
15856 - 10-Feb-26 14:41:30 - DBlogger - Successfully connected to database
20020 - 10-Feb-26 14:42:33 - main - Ingestion pipeline starting
20020 - 10-Feb-26 14:42:33 - ingestion.Reader - Attempting to read CSV at C:\Users\armin\OneDrive\Desktop\Developer\MHIngestion\data\Mental_Health_DB.csv
20020 - 10-Feb-26 14:42:33 - ingestion.Reader - Read 10404 rows from C:\Users\armin\OneDrive\Desktop\Developer\MHIngestion\data\Mental_Health_DB.csv
20020 - 10-Feb-26 14:42:33 - ingestion.Validator - Successfully validated 9914 rows
20020 - 10-Feb-26 14:42:33 - ingestion.Validator - Rejected 490 rows
20020 - 10-Feb-26 14:42:33 - ingestion.Cleaner - Starting data cleaning step
20020 - 10-Feb-26 14:42:33 - ingestion.Cleaner - Removed 0 duplicate rows
20020 - 10-Feb-26 14:42:33 - ingestion.Cleaner - Converted column 'phase' to numeric
20020 - 10-Feb-26 14:42:33 - ingestion.Cleaner - Converted column 'value' to numeric
20020 - 10-Feb-26 14:42:33 - ingestion.Cleaner - Converted column 'lowci' to numeric
20020 - 10-Feb-26 14:42:33 - ingestion.Cleaner - Converted column 'highci' to numeric
20020 - 10-Feb-26 14:42:33 - ingestion.Cleaner - Converted 'time period' to nullable Int64
20020 - 10-Feb-26 14:42:33 - ingestion.Cleaner - Converted 'time period start date' to datetime
20020 - 10-Feb-26 14:42:33 - ingestion.Cleaner - Converted 'time period end date' to datetime
20020 - 10-Feb-26 14:42:33 - ingestion.Cleaner - Converted 'indicator' to string
20020 - 10-Feb-26 14:42:33 - ingestion.Cleaner - Converted 'group' to string
20020 - 10-Feb-26 14:42:33 - ingestion.Cleaner - Converted 'state' to string
20020 - 10-Feb-26 14:42:33 - ingestion.Cleaner - Converted 'subgroup' to string
20020 - 10-Feb-26 14:42:33 - ingestion.Cleaner - Converted 'time period label' to string
20020 - 10-Feb-26 14:42:33 - ingestion.Cleaner - Converted 'confidence interval' to string
20020 - 10-Feb-26 14:42:33 - ingestion.Cleaner - Converted 'quartile range' to string
20020 - 10-Feb-26 14:42:33 - ingestion.Cleaner - Completed data cleaning.
20020 - 10-Feb-26 14:42:33 - DBlogger - Successfully connected to database
20020 - 10-Feb-26 14:42:33 - DBlogger - Error occurred during data insertion: Failed executing the operation; Python type NAType cannot be converted
20020 - 10-Feb-26 14:42:33 - DBlogger - Successfully closed DB connection
15692 - 10-Feb-26 14:52:28 - main - Ingestion pipeline starting
15692 - 10-Feb-26 14:52:28 - ingestion.Reader - Attempting to read CSV at C:\Users\armin\OneDrive\Desktop\Developer\MHIngestion\data\Mental_Health_DB.csv
15692 - 10-Feb-26 14:52:28 - ingestion.Reader - Read 10404 rows from C:\Users\armin\OneDrive\Desktop\Developer\MHIngestion\data\Mental_Health_DB.csv
15692 - 10-Feb-26 14:52:28 - ingestion.Validator - Successfully validated 9914 rows
15692 - 10-Feb-26 14:52:28 - ingestion.Validator - Rejected 490 rows
15692 - 10-Feb-26 14:52:28 - ingestion.Cleaner - Starting data cleaning step
15692 - 10-Feb-26 14:52:28 - ingestion.Cleaner - Removed 0 duplicate rows
15692 - 10-Feb-26 14:52:28 - ingestion.Cleaner - Converted column 'phase' to numeric
15692 - 10-Feb-26 14:52:28 - ingestion.Cleaner - Converted column 'value' to numeric
15692 - 10-Feb-26 14:52:28 - ingestion.Cleaner - Converted column 'lowci' to numeric
15692 - 10-Feb-26 14:52:28 - ingestion.Cleaner - Converted column 'highci' to numeric
15692 - 10-Feb-26 14:52:28 - ingestion.Cleaner - Converted 'time period' to nullable Int64
15692 - 10-Feb-26 14:52:28 - ingestion.Cleaner - Converted 'time period start date' to datetime
15692 - 10-Feb-26 14:52:28 - ingestion.Cleaner - Converted 'time period end date' to datetime
15692 - 10-Feb-26 14:52:28 - ingestion.Cleaner - Converted 'indicator' to string
15692 - 10-Feb-26 14:52:28 - ingestion.Cleaner - Converted 'group' to string
15692 - 10-Feb-26 14:52:28 - ingestion.Cleaner - Converted 'state' to string
15692 - 10-Feb-26 14:52:28 - ingestion.Cleaner - Converted 'subgroup' to string
15692 - 10-Feb-26 14:52:28 - ingestion.Cleaner - Converted 'time period label' to string
15692 - 10-Feb-26 14:52:28 - ingestion.Cleaner - Converted 'confidence interval' to string
15692 - 10-Feb-26 14:52:28 - ingestion.Cleaner - Converted 'quartile range' to string
15692 - 10-Feb-26 14:52:28 - ingestion.Cleaner - Completed data cleaning.
15692 - 10-Feb-26 14:52:28 - DBlogger - Successfully connected to database
15692 - 10-Feb-26 14:52:28 - DBlogger - Error occurred during data insertion: Failed executing the operation; Python type NAType cannot be converted
15692 - 10-Feb-26 14:52:28 - DBlogger - Successfully closed DB connection
31164 - 10-Feb-26 14:53:49 - main - Ingestion pipeline starting
31164 - 10-Feb-26 14:53:49 - ingestion.Reader - Attempting to read CSV at C:\Users\armin\OneDrive\Desktop\Developer\MHIngestion\data\Mental_Health_DB.csv
31164 - 10-Feb-26 14:53:49 - ingestion.Reader - Read 10404 rows from C:\Users\armin\OneDrive\Desktop\Developer\MHIngestion\data\Mental_Health_DB.csv
31164 - 10-Feb-26 14:53:49 - ingestion.Validator - Successfully validated 9914 rows
31164 - 10-Feb-26 14:53:49 - ingestion.Validator - Rejected 490 rows
31164 - 10-Feb-26 14:53:49 - ingestion.Cleaner - Starting data cleaning step
31164 - 10-Feb-26 14:53:49 - ingestion.Cleaner - Removed 0 duplicate rows
31164 - 10-Feb-26 14:53:49 - ingestion.Cleaner - Converted column 'phase' to numeric
31164 - 10-Feb-26 14:53:49 - ingestion.Cleaner - Converted column 'value' to numeric
31164 - 10-Feb-26 14:53:49 - ingestion.Cleaner - Converted column 'lowci' to numeric
31164 - 10-Feb-26 14:53:49 - ingestion.Cleaner - Converted column 'highci' to numeric
31164 - 10-Feb-26 14:53:49 - ingestion.Cleaner - Converted 'time period' to nullable Int64
31164 - 10-Feb-26 14:53:49 - ingestion.Cleaner - Converted 'time period start date' to datetime
31164 - 10-Feb-26 14:53:49 - ingestion.Cleaner - Converted 'time period end date' to datetime
31164 - 10-Feb-26 14:53:49 - ingestion.Cleaner - Converted 'indicator' to string
31164 - 10-Feb-26 14:53:49 - ingestion.Cleaner - Converted 'group' to string
31164 - 10-Feb-26 14:53:49 - ingestion.Cleaner - Converted 'state' to string
31164 - 10-Feb-26 14:53:49 - ingestion.Cleaner - Converted 'subgroup' to string
31164 - 10-Feb-26 14:53:49 - ingestion.Cleaner - Converted 'time period label' to string
31164 - 10-Feb-26 14:53:49 - ingestion.Cleaner - Converted 'confidence interval' to string
31164 - 10-Feb-26 14:53:49 - ingestion.Cleaner - Converted 'quartile range' to string
31164 - 10-Feb-26 14:53:49 - ingestion.Cleaner - Completed data cleaning.
31164 - 10-Feb-26 14:53:50 - DBlogger - Successfully connected to database
31164 - 10-Feb-26 14:53:50 - DBlogger - Error occurred during data insertion: Failed executing the operation; Python type NAType cannot be converted
31164 - 10-Feb-26 14:53:50 - DBlogger - Successfully closed DB connection
37840 - 10-Feb-26 14:54:52 - main - Ingestion pipeline starting
37840 - 10-Feb-26 14:54:52 - ingestion.Reader - Attempting to read CSV at C:\Users\armin\OneDrive\Desktop\Developer\MHIngestion\data\Mental_Health_DB.csv
37840 - 10-Feb-26 14:54:52 - ingestion.Reader - Read 10404 rows from C:\Users\armin\OneDrive\Desktop\Developer\MHIngestion\data\Mental_Health_DB.csv
37840 - 10-Feb-26 14:54:52 - ingestion.Validator - Successfully validated 9914 rows
37840 - 10-Feb-26 14:54:52 - ingestion.Validator - Rejected 490 rows
37840 - 10-Feb-26 14:54:52 - ingestion.Cleaner - Starting data cleaning step
37840 - 10-Feb-26 14:54:52 - ingestion.Cleaner - Removed 0 duplicate rows
37840 - 10-Feb-26 14:54:52 - ingestion.Cleaner - Converted column 'phase' to numeric
37840 - 10-Feb-26 14:54:52 - ingestion.Cleaner - Converted column 'value' to numeric
37840 - 10-Feb-26 14:54:52 - ingestion.Cleaner - Converted column 'lowci' to numeric
37840 - 10-Feb-26 14:54:52 - ingestion.Cleaner - Converted column 'highci' to numeric
37840 - 10-Feb-26 14:54:52 - ingestion.Cleaner - Converted 'time period' to nullable Int64
37840 - 10-Feb-26 14:54:52 - ingestion.Cleaner - Converted 'time period start date' to datetime
37840 - 10-Feb-26 14:54:52 - ingestion.Cleaner - Converted 'time period end date' to datetime
37840 - 10-Feb-26 14:54:52 - ingestion.Cleaner - Converted 'indicator' to string
37840 - 10-Feb-26 14:54:52 - ingestion.Cleaner - Converted 'group' to string
37840 - 10-Feb-26 14:54:52 - ingestion.Cleaner - Converted 'state' to string
37840 - 10-Feb-26 14:54:52 - ingestion.Cleaner - Converted 'subgroup' to string
37840 - 10-Feb-26 14:54:52 - ingestion.Cleaner - Converted 'time period label' to string
37840 - 10-Feb-26 14:54:52 - ingestion.Cleaner - Converted 'confidence interval' to string
37840 - 10-Feb-26 14:54:52 - ingestion.Cleaner - Converted 'quartile range' to string
37840 - 10-Feb-26 14:54:52 - ingestion.Cleaner - Completed data cleaning.
37840 - 10-Feb-26 14:54:52 - DBlogger - Successfully connected to database
37840 - 10-Feb-26 14:54:52 - DBlogger - Error occurred during data insertion: Failed executing the operation; Python type NAType cannot be converted
37840 - 10-Feb-26 14:54:52 - DBlogger - Successfully closed DB connection
4296 - 10-Feb-26 15:00:13 - main - Ingestion pipeline starting
4296 - 10-Feb-26 15:00:13 - ingestion.Reader - Attempting to read CSV at C:\Users\armin\OneDrive\Desktop\Developer\MHIngestion\data\Mental_Health_DB.csv
4296 - 10-Feb-26 15:00:13 - ingestion.Reader - Read 10404 rows from C:\Users\armin\OneDrive\Desktop\Developer\MHIngestion\data\Mental_Health_DB.csv
4296 - 10-Feb-26 15:00:13 - ingestion.Validator - Successfully validated 9914 rows
4296 - 10-Feb-26 15:00:13 - ingestion.Validator - Rejected 490 rows
4296 - 10-Feb-26 15:00:13 - ingestion.Cleaner - Starting data cleaning step
4296 - 10-Feb-26 15:00:13 - ingestion.Cleaner - Removed 0 duplicate rows
4296 - 10-Feb-26 15:00:13 - ingestion.Cleaner - Converted column 'phase' to numeric
4296 - 10-Feb-26 15:00:13 - ingestion.Cleaner - Converted column 'value' to numeric
4296 - 10-Feb-26 15:00:13 - ingestion.Cleaner - Converted column 'lowci' to numeric
4296 - 10-Feb-26 15:00:13 - ingestion.Cleaner - Converted column 'highci' to numeric
4296 - 10-Feb-26 15:00:13 - ingestion.Cleaner - Converted 'time period' to nullable Int64
4296 - 10-Feb-26 15:00:13 - ingestion.Cleaner - Converted 'time period start date' to datetime
4296 - 10-Feb-26 15:00:13 - ingestion.Cleaner - Converted 'time period end date' to datetime
4296 - 10-Feb-26 15:00:13 - ingestion.Cleaner - Converted 'indicator' to string
4296 - 10-Feb-26 15:00:13 - ingestion.Cleaner - Converted 'group' to string
4296 - 10-Feb-26 15:00:13 - ingestion.Cleaner - Converted 'state' to string
4296 - 10-Feb-26 15:00:13 - ingestion.Cleaner - Converted 'subgroup' to string
4296 - 10-Feb-26 15:00:13 - ingestion.Cleaner - Converted 'time period label' to string
4296 - 10-Feb-26 15:00:13 - ingestion.Cleaner - Converted 'confidence interval' to string
4296 - 10-Feb-26 15:00:13 - ingestion.Cleaner - Converted 'quartile range' to string
4296 - 10-Feb-26 15:00:13 - ingestion.Cleaner - Completed data cleaning.
33620 - 10-Feb-26 15:01:12 - main - Ingestion pipeline starting
33620 - 10-Feb-26 15:01:12 - ingestion.Reader - Attempting to read CSV at C:\Users\armin\OneDrive\Desktop\Developer\MHIngestion\data\Mental_Health_DB.csv
33620 - 10-Feb-26 15:01:12 - ingestion.Reader - Read 10404 rows from C:\Users\armin\OneDrive\Desktop\Developer\MHIngestion\data\Mental_Health_DB.csv
33620 - 10-Feb-26 15:01:12 - ingestion.Validator - Successfully validated 9914 rows
33620 - 10-Feb-26 15:01:12 - ingestion.Validator - Rejected 490 rows
5008 - 10-Feb-26 15:02:35 - main - Ingestion pipeline starting
5008 - 10-Feb-26 15:02:35 - ingestion.Reader - Attempting to read CSV at C:\Users\armin\OneDrive\Desktop\Developer\MHIngestion\data\Mental_Health_DB.csv
5008 - 10-Feb-26 15:02:35 - ingestion.Reader - Read 10404 rows from C:\Users\armin\OneDrive\Desktop\Developer\MHIngestion\data\Mental_Health_DB.csv
5008 - 10-Feb-26 15:02:35 - ingestion.Validator - Successfully validated 9914 rows
5008 - 10-Feb-26 15:02:35 - ingestion.Validator - Rejected 490 rows
28108 - 10-Feb-26 15:02:50 - main - Ingestion pipeline starting
28108 - 10-Feb-26 15:02:50 - ingestion.Reader - Attempting to read CSV at C:\Users\armin\OneDrive\Desktop\Developer\MHIngestion\data\Mental_Health_DB.csv
28108 - 10-Feb-26 15:02:50 - ingestion.Reader - Read 10404 rows from C:\Users\armin\OneDrive\Desktop\Developer\MHIngestion\data\Mental_Health_DB.csv
28108 - 10-Feb-26 15:02:50 - ingestion.Validator - Successfully validated 9914 rows
28108 - 10-Feb-26 15:02:50 - ingestion.Validator - Rejected 490 rows
10752 - 10-Feb-26 15:04:43 - main - Ingestion pipeline starting
10752 - 10-Feb-26 15:04:43 - ingestion.Reader - Attempting to read CSV at C:\Users\armin\OneDrive\Desktop\Developer\MHIngestion\data\Mental_Health_DB.csv
10752 - 10-Feb-26 15:04:44 - ingestion.Reader - Read 10404 rows from C:\Users\armin\OneDrive\Desktop\Developer\MHIngestion\data\Mental_Health_DB.csv
10752 - 10-Feb-26 15:04:44 - ingestion.Validator - Successfully validated 9914 rows
10752 - 10-Feb-26 15:04:44 - ingestion.Validator - Rejected 490 rows
33516 - 10-Feb-26 15:05:05 - main - Ingestion pipeline starting
33516 - 10-Feb-26 15:05:05 - ingestion.Reader - Attempting to read CSV at C:\Users\armin\OneDrive\Desktop\Developer\MHIngestion\data\Mental_Health_DB.csv
33516 - 10-Feb-26 15:05:05 - ingestion.Reader - Read 10404 rows from C:\Users\armin\OneDrive\Desktop\Developer\MHIngestion\data\Mental_Health_DB.csv
33516 - 10-Feb-26 15:05:05 - ingestion.Validator - Successfully validated 9914 rows
33516 - 10-Feb-26 15:05:05 - ingestion.Validator - Rejected 490 rows
34584 - 10-Feb-26 15:06:13 - main - Ingestion pipeline starting
34584 - 10-Feb-26 15:06:13 - ingestion.Reader - Attempting to read CSV at C:\Users\armin\OneDrive\Desktop\Developer\MHIngestion\data\Mental_Health_DB.csv
34584 - 10-Feb-26 15:06:13 - ingestion.Reader - Read 10404 rows from C:\Users\armin\OneDrive\Desktop\Developer\MHIngestion\data\Mental_Health_DB.csv
34584 - 10-Feb-26 15:06:13 - ingestion.Validator - Successfully validated 9914 rows
34584 - 10-Feb-26 15:06:13 - ingestion.Validator - Rejected 490 rows
30484 - 10-Feb-26 15:07:25 - main - Ingestion pipeline starting
30484 - 10-Feb-26 15:07:25 - ingestion.Reader - Attempting to read CSV at C:\Users\armin\OneDrive\Desktop\Developer\MHIngestion\data\Mental_Health_DB.csv
30484 - 10-Feb-26 15:07:25 - ingestion.Reader - Read 10404 rows from C:\Users\armin\OneDrive\Desktop\Developer\MHIngestion\data\Mental_Health_DB.csv
30484 - 10-Feb-26 15:07:25 - ingestion.Validator - Successfully validated 9914 rows
30484 - 10-Feb-26 15:07:25 - ingestion.Validator - Rejected 490 rows
27444 - 10-Feb-26 15:07:39 - main - Ingestion pipeline starting
27444 - 10-Feb-26 15:07:39 - ingestion.Reader - Attempting to read CSV at C:\Users\armin\OneDrive\Desktop\Developer\MHIngestion\data\Mental_Health_DB.csv
27444 - 10-Feb-26 15:07:39 - ingestion.Reader - Read 10404 rows from C:\Users\armin\OneDrive\Desktop\Developer\MHIngestion\data\Mental_Health_DB.csv
27444 - 10-Feb-26 15:07:40 - ingestion.Validator - Successfully validated 9914 rows
27444 - 10-Feb-26 15:07:40 - ingestion.Validator - Rejected 490 rows
19776 - 10-Feb-26 15:09:00 - main - Ingestion pipeline starting
19776 - 10-Feb-26 15:09:00 - ingestion.Reader - Attempting to read CSV at C:\Users\armin\OneDrive\Desktop\Developer\MHIngestion\data\Mental_Health_DB.csv
19776 - 10-Feb-26 15:09:00 - ingestion.Reader - Read 10404 rows from C:\Users\armin\OneDrive\Desktop\Developer\MHIngestion\data\Mental_Health_DB.csv
19776 - 10-Feb-26 15:09:00 - ingestion.Validator - Successfully validated 9914 rows
19776 - 10-Feb-26 15:09:00 - ingestion.Validator - Rejected 490 rows
19776 - 10-Feb-26 15:09:00 - DBlogger - Successfully connected to database
19776 - 10-Feb-26 15:09:00 - DBlogger - Error occurred during data insertion: 1064 (42000): You have an error in your SQL syntax; check the manual that corresponds to your MySQL server version for the right syntax to use near '),('Received Counseling or Therapy, Last 4 Weeks', 'By Sex', 'United States',   ' at line 1
19776 - 10-Feb-26 15:09:00 - DBlogger - Successfully closed DB connection
20692 - 10-Feb-26 15:14:28 - main - Ingestion pipeline starting
20692 - 10-Feb-26 15:14:28 - ingestion.Reader - Attempting to read CSV at C:\Users\armin\OneDrive\Desktop\Developer\MHIngestion\data\Mental_Health_DB.csv
20692 - 10-Feb-26 15:14:28 - ingestion.Reader - Read 10404 rows from C:\Users\armin\OneDrive\Desktop\Developer\MHIngestion\data\Mental_Health_DB.csv
20692 - 10-Feb-26 15:14:28 - ingestion.Validator - Successfully validated 9914 rows
20692 - 10-Feb-26 15:14:28 - ingestion.Validator - Rejected 490 rows
20692 - 10-Feb-26 15:14:28 - DBlogger - Successfully connected to database
20692 - 10-Feb-26 15:14:28 - DBlogger - Error occurred during data insertion: 1064 (42000): You have an error in your SQL syntax; check the manual that corresponds to your MySQL server version for the right syntax to use near ')' at line 1
20692 - 10-Feb-26 15:14:28 - DBlogger - Successfully closed DB connection
34732 - 10-Feb-26 15:15:09 - main - Ingestion pipeline starting
34732 - 10-Feb-26 15:15:09 - ingestion.Reader - Attempting to read CSV at C:\Users\armin\OneDrive\Desktop\Developer\MHIngestion\data\Mental_Health_DB.csv
34732 - 10-Feb-26 15:15:09 - ingestion.Reader - Read 10404 rows from C:\Users\armin\OneDrive\Desktop\Developer\MHIngestion\data\Mental_Health_DB.csv
34732 - 10-Feb-26 15:15:09 - ingestion.Validator - Successfully validated 9914 rows
34732 - 10-Feb-26 15:15:09 - ingestion.Validator - Rejected 490 rows
34732 - 10-Feb-26 15:15:09 - DBlogger - Successfully connected to database
34732 - 10-Feb-26 15:15:09 - DBlogger - Error occurred during data insertion: 1064 (42000): You have an error in your SQL syntax; check the manual that corresponds to your MySQL server version for the right syntax to use near ')' at line 1
34732 - 10-Feb-26 15:15:09 - DBlogger - Successfully closed DB connection
26456 - 10-Feb-26 15:17:07 - main - Ingestion pipeline starting
26456 - 10-Feb-26 15:17:07 - ingestion.Reader - Attempting to read CSV at C:\Users\armin\OneDrive\Desktop\Developer\MHIngestion\data\Mental_Health_DB.csv
26456 - 10-Feb-26 15:17:07 - ingestion.Reader - Read 10404 rows from C:\Users\armin\OneDrive\Desktop\Developer\MHIngestion\data\Mental_Health_DB.csv
26456 - 10-Feb-26 15:17:07 - ingestion.Validator - Successfully validated 9914 rows
26456 - 10-Feb-26 15:17:07 - ingestion.Validator - Rejected 490 rows
26456 - 10-Feb-26 15:17:07 - DBlogger - Successfully connected to database
26456 - 10-Feb-26 15:17:07 - DBlogger - Error occurred during data insertion: 1064 (42000): You have an error in your SQL syntax; check the manual that corresponds to your MySQL server version for the right syntax to use near ')' at line 1
26456 - 10-Feb-26 15:17:07 - DBlogger - Successfully closed DB connection
23820 - 10-Feb-26 15:23:09 - main - Ingestion pipeline starting
23820 - 10-Feb-26 15:23:09 - ingestion.Reader - Attempting to read CSV at C:\Users\armin\OneDrive\Desktop\Developer\MHIngestion\data\Mental_Health_DB.csv
23820 - 10-Feb-26 15:23:09 - ingestion.Reader - Read 10404 rows from C:\Users\armin\OneDrive\Desktop\Developer\MHIngestion\data\Mental_Health_DB.csv
23820 - 10-Feb-26 15:23:09 - ingestion.Validator - Successfully validated 9914 rows
23820 - 10-Feb-26 15:23:09 - ingestion.Validator - Rejected 490 rows
23820 - 10-Feb-26 15:23:09 - DBlogger - Successfully connected to database
23820 - 10-Feb-26 15:23:09 - DBlogger - Error occurred during data insertion: 1064 (42000): You have an error in your SQL syntax; check the manual that corresponds to your MySQL server version for the right syntax to use near ')' at line 1
23820 - 10-Feb-26 15:23:09 - DBlogger - Successfully closed DB connection
27056 - 10-Feb-26 15:29:15 - main - Ingestion pipeline starting
27056 - 10-Feb-26 15:29:15 - ingestion.Reader - Attempting to read CSV at C:\Users\armin\OneDrive\Desktop\Developer\MHIngestion\data\Mental_Health_DB.csv
27056 - 10-Feb-26 15:29:15 - ingestion.Reader - Read 10404 rows from C:\Users\armin\OneDrive\Desktop\Developer\MHIngestion\data\Mental_Health_DB.csv
27056 - 10-Feb-26 15:29:15 - ingestion.Validator - Successfully validated 9914 rows
27056 - 10-Feb-26 15:29:15 - ingestion.Validator - Rejected 490 rows
27056 - 10-Feb-26 15:29:15 - ingestion.Cleaner - Starting data cleaning step
27056 - 10-Feb-26 15:29:15 - ingestion.Cleaner - Removed 0 duplicate rows
27056 - 10-Feb-26 15:29:15 - ingestion.Cleaner - Converted column 'phase' to numeric
27056 - 10-Feb-26 15:29:15 - ingestion.Cleaner - Converted column 'value' to numeric
27056 - 10-Feb-26 15:29:15 - ingestion.Cleaner - Converted column 'lowci' to numeric
27056 - 10-Feb-26 15:29:15 - ingestion.Cleaner - Converted column 'highci' to numeric
27056 - 10-Feb-26 15:29:15 - ingestion.Cleaner - Converted 'time period' to nullable Int64
27056 - 10-Feb-26 15:29:15 - ingestion.Cleaner - Converted 'time period start date' to datetime
27056 - 10-Feb-26 15:29:15 - ingestion.Cleaner - Converted 'time period end date' to datetime
27056 - 10-Feb-26 15:29:15 - ingestion.Cleaner - Converted 'indicator' to string
27056 - 10-Feb-26 15:29:15 - ingestion.Cleaner - Converted 'group' to string
27056 - 10-Feb-26 15:29:15 - ingestion.Cleaner - Converted 'state' to string
27056 - 10-Feb-26 15:29:15 - ingestion.Cleaner - Converted 'subgroup' to string
27056 - 10-Feb-26 15:29:15 - ingestion.Cleaner - Converted 'time period label' to string
27056 - 10-Feb-26 15:29:15 - ingestion.Cleaner - Converted 'confidence interval' to string
27056 - 10-Feb-26 15:29:15 - ingestion.Cleaner - Converted 'quartile range' to string
27056 - 10-Feb-26 15:29:15 - ingestion.Cleaner - Completed data cleaning.
20812 - 10-Feb-26 15:29:34 - main - Ingestion pipeline starting
20812 - 10-Feb-26 15:29:34 - ingestion.Reader - Attempting to read CSV at C:\Users\armin\OneDrive\Desktop\Developer\MHIngestion\data\Mental_Health_DB.csv
20812 - 10-Feb-26 15:29:34 - ingestion.Reader - Read 10404 rows from C:\Users\armin\OneDrive\Desktop\Developer\MHIngestion\data\Mental_Health_DB.csv
20812 - 10-Feb-26 15:29:34 - ingestion.Validator - Successfully validated 9914 rows
20812 - 10-Feb-26 15:29:34 - ingestion.Validator - Rejected 490 rows
20812 - 10-Feb-26 15:29:34 - ingestion.Cleaner - Starting data cleaning step
20812 - 10-Feb-26 15:29:34 - ingestion.Cleaner - Removed 0 duplicate rows
20812 - 10-Feb-26 15:29:34 - ingestion.Cleaner - Converted column 'phase' to numeric
20812 - 10-Feb-26 15:29:34 - ingestion.Cleaner - Converted column 'value' to numeric
20812 - 10-Feb-26 15:29:34 - ingestion.Cleaner - Converted column 'lowci' to numeric
20812 - 10-Feb-26 15:29:34 - ingestion.Cleaner - Converted column 'highci' to numeric
20812 - 10-Feb-26 15:29:34 - ingestion.Cleaner - Converted 'time period' to nullable Int64
20812 - 10-Feb-26 15:29:34 - ingestion.Cleaner - Converted 'time period start date' to datetime
20812 - 10-Feb-26 15:29:34 - ingestion.Cleaner - Converted 'time period end date' to datetime
20812 - 10-Feb-26 15:29:34 - ingestion.Cleaner - Converted 'indicator' to string
20812 - 10-Feb-26 15:29:34 - ingestion.Cleaner - Converted 'group' to string
20812 - 10-Feb-26 15:29:34 - ingestion.Cleaner - Converted 'state' to string
20812 - 10-Feb-26 15:29:34 - ingestion.Cleaner - Converted 'subgroup' to string
20812 - 10-Feb-26 15:29:34 - ingestion.Cleaner - Converted 'time period label' to string
20812 - 10-Feb-26 15:29:34 - ingestion.Cleaner - Converted 'confidence interval' to string
20812 - 10-Feb-26 15:29:34 - ingestion.Cleaner - Converted 'quartile range' to string
20812 - 10-Feb-26 15:29:34 - ingestion.Cleaner - Completed data cleaning.
20812 - 10-Feb-26 15:29:34 - DBlogger - Successfully connected to database
28996 - 10-Feb-26 15:31:31 - main - Ingestion pipeline starting
28996 - 10-Feb-26 15:31:31 - ingestion.Reader - Attempting to read CSV at C:\Users\armin\OneDrive\Desktop\Developer\MHIngestion\data\Mental_Health_DB.csv
28996 - 10-Feb-26 15:31:31 - ingestion.Reader - Read 10404 rows from C:\Users\armin\OneDrive\Desktop\Developer\MHIngestion\data\Mental_Health_DB.csv
28996 - 10-Feb-26 15:31:31 - ingestion.Validator - Successfully validated 9914 rows
28996 - 10-Feb-26 15:31:31 - ingestion.Validator - Rejected 490 rows
28996 - 10-Feb-26 15:31:31 - ingestion.Cleaner - Starting data cleaning step
28996 - 10-Feb-26 15:31:31 - ingestion.Cleaner - Removed 0 duplicate rows
28996 - 10-Feb-26 15:31:31 - ingestion.Cleaner - Converted column 'phase' to numeric
28996 - 10-Feb-26 15:31:31 - ingestion.Cleaner - Converted column 'value' to numeric
28996 - 10-Feb-26 15:31:31 - ingestion.Cleaner - Converted column 'lowci' to numeric
28996 - 10-Feb-26 15:31:31 - ingestion.Cleaner - Converted column 'highci' to numeric
28996 - 10-Feb-26 15:31:31 - ingestion.Cleaner - Converted 'time period' to nullable Int64
28996 - 10-Feb-26 15:31:31 - ingestion.Cleaner - Converted 'time period start date' to datetime
28996 - 10-Feb-26 15:31:31 - ingestion.Cleaner - Converted 'time period end date' to datetime
28996 - 10-Feb-26 15:31:31 - ingestion.Cleaner - Converted 'indicator' to string
28996 - 10-Feb-26 15:31:31 - ingestion.Cleaner - Converted 'group' to string
28996 - 10-Feb-26 15:31:31 - ingestion.Cleaner - Converted 'state' to string
28996 - 10-Feb-26 15:31:31 - ingestion.Cleaner - Converted 'subgroup' to string
28996 - 10-Feb-26 15:31:31 - ingestion.Cleaner - Converted 'time period label' to string
28996 - 10-Feb-26 15:31:31 - ingestion.Cleaner - Converted 'confidence interval' to string
28996 - 10-Feb-26 15:31:31 - ingestion.Cleaner - Converted 'quartile range' to string
28996 - 10-Feb-26 15:31:31 - ingestion.Cleaner - Completed data cleaning.
5424 - 10-Feb-26 15:31:46 - main - Ingestion pipeline starting
5424 - 10-Feb-26 15:31:46 - ingestion.Reader - Attempting to read CSV at C:\Users\armin\OneDrive\Desktop\Developer\MHIngestion\data\Mental_Health_DB.csv
5424 - 10-Feb-26 15:31:46 - ingestion.Reader - Read 10404 rows from C:\Users\armin\OneDrive\Desktop\Developer\MHIngestion\data\Mental_Health_DB.csv
5424 - 10-Feb-26 15:31:46 - ingestion.Validator - Successfully validated 9914 rows
5424 - 10-Feb-26 15:31:46 - ingestion.Validator - Rejected 490 rows
5424 - 10-Feb-26 15:31:46 - ingestion.Cleaner - Starting data cleaning step
5424 - 10-Feb-26 15:31:46 - ingestion.Cleaner - Removed 0 duplicate rows
5424 - 10-Feb-26 15:31:46 - ingestion.Cleaner - Converted column 'phase' to numeric
5424 - 10-Feb-26 15:31:46 - ingestion.Cleaner - Converted column 'value' to numeric
5424 - 10-Feb-26 15:31:46 - ingestion.Cleaner - Converted column 'lowci' to numeric
5424 - 10-Feb-26 15:31:46 - ingestion.Cleaner - Converted column 'highci' to numeric
5424 - 10-Feb-26 15:31:46 - ingestion.Cleaner - Converted 'time period' to nullable Int64
5424 - 10-Feb-26 15:31:46 - ingestion.Cleaner - Converted 'time period start date' to datetime
5424 - 10-Feb-26 15:31:46 - ingestion.Cleaner - Converted 'time period end date' to datetime
5424 - 10-Feb-26 15:31:46 - ingestion.Cleaner - Converted 'indicator' to string
5424 - 10-Feb-26 15:31:46 - ingestion.Cleaner - Converted 'group' to string
5424 - 10-Feb-26 15:31:46 - ingestion.Cleaner - Converted 'state' to string
5424 - 10-Feb-26 15:31:46 - ingestion.Cleaner - Converted 'subgroup' to string
5424 - 10-Feb-26 15:31:46 - ingestion.Cleaner - Converted 'time period label' to string
5424 - 10-Feb-26 15:31:46 - ingestion.Cleaner - Converted 'confidence interval' to string
5424 - 10-Feb-26 15:31:46 - ingestion.Cleaner - Converted 'quartile range' to string
5424 - 10-Feb-26 15:31:46 - ingestion.Cleaner - Completed data cleaning.
1652 - 10-Feb-26 15:32:04 - main - Ingestion pipeline starting
1652 - 10-Feb-26 15:32:04 - ingestion.Reader - Attempting to read CSV at C:\Users\armin\OneDrive\Desktop\Developer\MHIngestion\data\Mental_Health_DB.csv
1652 - 10-Feb-26 15:32:05 - ingestion.Reader - Read 10404 rows from C:\Users\armin\OneDrive\Desktop\Developer\MHIngestion\data\Mental_Health_DB.csv
1652 - 10-Feb-26 15:32:05 - ingestion.Validator - Successfully validated 9914 rows
1652 - 10-Feb-26 15:32:05 - ingestion.Validator - Rejected 490 rows
1652 - 10-Feb-26 15:32:05 - ingestion.Cleaner - Starting data cleaning step
1652 - 10-Feb-26 15:32:05 - ingestion.Cleaner - Removed 0 duplicate rows
1652 - 10-Feb-26 15:32:05 - ingestion.Cleaner - Converted column 'phase' to numeric
1652 - 10-Feb-26 15:32:05 - ingestion.Cleaner - Converted column 'value' to numeric
1652 - 10-Feb-26 15:32:05 - ingestion.Cleaner - Converted column 'lowci' to numeric
1652 - 10-Feb-26 15:32:05 - ingestion.Cleaner - Converted column 'highci' to numeric
1652 - 10-Feb-26 15:32:05 - ingestion.Cleaner - Converted 'time period' to nullable Int64
1652 - 10-Feb-26 15:32:05 - ingestion.Cleaner - Converted 'time period start date' to datetime
1652 - 10-Feb-26 15:32:05 - ingestion.Cleaner - Converted 'time period end date' to datetime
1652 - 10-Feb-26 15:32:05 - ingestion.Cleaner - Converted 'indicator' to string
1652 - 10-Feb-26 15:32:05 - ingestion.Cleaner - Converted 'group' to string
1652 - 10-Feb-26 15:32:05 - ingestion.Cleaner - Converted 'state' to string
1652 - 10-Feb-26 15:32:05 - ingestion.Cleaner - Converted 'subgroup' to string
1652 - 10-Feb-26 15:32:05 - ingestion.Cleaner - Converted 'time period label' to string
1652 - 10-Feb-26 15:32:05 - ingestion.Cleaner - Converted 'confidence interval' to string
1652 - 10-Feb-26 15:32:05 - ingestion.Cleaner - Converted 'quartile range' to string
1652 - 10-Feb-26 15:32:05 - ingestion.Cleaner - Completed data cleaning.
14348 - 10-Feb-26 15:35:34 - main - Ingestion pipeline starting
14348 - 10-Feb-26 15:35:34 - ingestion.Reader - Attempting to read CSV at C:\Users\armin\OneDrive\Desktop\Developer\MHIngestion\data\Mental_Health_DB.csv
14348 - 10-Feb-26 15:35:34 - ingestion.Reader - Read 10404 rows from C:\Users\armin\OneDrive\Desktop\Developer\MHIngestion\data\Mental_Health_DB.csv
14348 - 10-Feb-26 15:35:35 - ingestion.Validator - Successfully validated 9914 rows
14348 - 10-Feb-26 15:35:35 - ingestion.Validator - Rejected 490 rows
14348 - 10-Feb-26 15:35:35 - ingestion.Cleaner - Starting data cleaning step
14348 - 10-Feb-26 15:35:35 - ingestion.Cleaner - Removed 0 duplicate rows
14348 - 10-Feb-26 15:35:35 - ingestion.Cleaner - Converted column 'phase' to numeric
14348 - 10-Feb-26 15:35:35 - ingestion.Cleaner - Converted column 'value' to numeric
14348 - 10-Feb-26 15:35:35 - ingestion.Cleaner - Converted column 'lowci' to numeric
14348 - 10-Feb-26 15:35:35 - ingestion.Cleaner - Converted column 'highci' to numeric
14348 - 10-Feb-26 15:35:35 - ingestion.Cleaner - Converted 'time period' to nullable Int64
14348 - 10-Feb-26 15:35:35 - ingestion.Cleaner - Converted 'time period start date' to datetime
14348 - 10-Feb-26 15:35:35 - ingestion.Cleaner - Converted 'time period end date' to datetime
14348 - 10-Feb-26 15:35:35 - ingestion.Cleaner - Converted 'indicator' to string
14348 - 10-Feb-26 15:35:35 - ingestion.Cleaner - Converted 'group' to string
14348 - 10-Feb-26 15:35:35 - ingestion.Cleaner - Converted 'state' to string
14348 - 10-Feb-26 15:35:35 - ingestion.Cleaner - Converted 'subgroup' to string
14348 - 10-Feb-26 15:35:35 - ingestion.Cleaner - Converted 'time period label' to string
14348 - 10-Feb-26 15:35:35 - ingestion.Cleaner - Converted 'confidence interval' to string
14348 - 10-Feb-26 15:35:35 - ingestion.Cleaner - Converted 'quartile range' to string
14348 - 10-Feb-26 15:35:35 - ingestion.Cleaner - Completed data cleaning.
14348 - 10-Feb-26 15:35:35 - DBlogger - Successfully connected to database
36376 - 10-Feb-26 15:37:59 - main - Ingestion pipeline starting
36376 - 10-Feb-26 15:37:59 - ingestion.Reader - Attempting to read CSV at C:\Users\armin\OneDrive\Desktop\Developer\MHIngestion\data\Mental_Health_DB.csv
36376 - 10-Feb-26 15:37:59 - ingestion.Reader - Read 10404 rows from C:\Users\armin\OneDrive\Desktop\Developer\MHIngestion\data\Mental_Health_DB.csv
36376 - 10-Feb-26 15:37:59 - ingestion.Validator - Successfully validated 9914 rows
36376 - 10-Feb-26 15:37:59 - ingestion.Validator - Rejected 490 rows
36376 - 10-Feb-26 15:37:59 - ingestion.Cleaner - Starting data cleaning step
36376 - 10-Feb-26 15:37:59 - ingestion.Cleaner - Removed 0 duplicate rows
36376 - 10-Feb-26 15:37:59 - ingestion.Cleaner - Converted column 'phase' to numeric
36376 - 10-Feb-26 15:37:59 - ingestion.Cleaner - Converted column 'value' to numeric
36376 - 10-Feb-26 15:37:59 - ingestion.Cleaner - Converted column 'lowci' to numeric
36376 - 10-Feb-26 15:37:59 - ingestion.Cleaner - Converted column 'highci' to numeric
36376 - 10-Feb-26 15:37:59 - ingestion.Cleaner - Converted 'time period' to nullable Int64
36376 - 10-Feb-26 15:37:59 - ingestion.Cleaner - Converted 'time period start date' to datetime
36376 - 10-Feb-26 15:37:59 - ingestion.Cleaner - Converted 'time period end date' to datetime
36376 - 10-Feb-26 15:37:59 - ingestion.Cleaner - Converted 'indicator' to string
36376 - 10-Feb-26 15:37:59 - ingestion.Cleaner - Converted 'group' to string
36376 - 10-Feb-26 15:37:59 - ingestion.Cleaner - Converted 'state' to string
36376 - 10-Feb-26 15:37:59 - ingestion.Cleaner - Converted 'subgroup' to string
36376 - 10-Feb-26 15:37:59 - ingestion.Cleaner - Converted 'time period label' to string
36376 - 10-Feb-26 15:37:59 - ingestion.Cleaner - Converted 'confidence interval' to string
36376 - 10-Feb-26 15:37:59 - ingestion.Cleaner - Converted 'quartile range' to string
36376 - 10-Feb-26 15:37:59 - ingestion.Cleaner - Completed data cleaning.
36376 - 10-Feb-26 15:37:59 - DBlogger - Successfully connected to database
36376 - 10-Feb-26 15:38:00 - DBlogger - Error occurred during data insertion: 1064 (42000): You have an error in your SQL syntax; check the manual that corresponds to your MySQL server version for the right syntax to use near '),('Received Counseling or Therapy, Last 4 Weeks', 'By Sex', 'United States',   ' at line 1
36376 - 10-Feb-26 15:38:00 - DBlogger - Successfully closed DB connection
16200 - 10-Feb-26 15:40:22 - main - Ingestion pipeline starting
16200 - 10-Feb-26 15:40:22 - ingestion.Reader - Attempting to read CSV at C:\Users\armin\OneDrive\Desktop\Developer\MHIngestion\data\Mental_Health_DB.csv
16200 - 10-Feb-26 15:40:22 - ingestion.Reader - Read 10404 rows from C:\Users\armin\OneDrive\Desktop\Developer\MHIngestion\data\Mental_Health_DB.csv
16200 - 10-Feb-26 15:40:22 - ingestion.Validator - Successfully validated 9914 rows
16200 - 10-Feb-26 15:40:22 - ingestion.Validator - Rejected 490 rows
16200 - 10-Feb-26 15:40:22 - ingestion.Cleaner - Starting data cleaning step
16200 - 10-Feb-26 15:40:22 - ingestion.Cleaner - Removed 0 duplicate rows
16200 - 10-Feb-26 15:40:22 - ingestion.Cleaner - Converted column 'phase' to numeric
16200 - 10-Feb-26 15:40:22 - ingestion.Cleaner - Converted column 'value' to numeric
16200 - 10-Feb-26 15:40:22 - ingestion.Cleaner - Converted column 'lowci' to numeric
16200 - 10-Feb-26 15:40:22 - ingestion.Cleaner - Converted column 'highci' to numeric
16200 - 10-Feb-26 15:40:22 - ingestion.Cleaner - Converted 'time period' to nullable Int64
16200 - 10-Feb-26 15:40:22 - ingestion.Cleaner - Converted 'time period start date' to datetime
16200 - 10-Feb-26 15:40:22 - ingestion.Cleaner - Converted 'time period end date' to datetime
16200 - 10-Feb-26 15:40:22 - ingestion.Cleaner - Converted 'indicator' to string
16200 - 10-Feb-26 15:40:22 - ingestion.Cleaner - Converted 'group' to string
16200 - 10-Feb-26 15:40:22 - ingestion.Cleaner - Converted 'state' to string
16200 - 10-Feb-26 15:40:22 - ingestion.Cleaner - Converted 'subgroup' to string
16200 - 10-Feb-26 15:40:22 - ingestion.Cleaner - Converted 'time period label' to string
16200 - 10-Feb-26 15:40:22 - ingestion.Cleaner - Converted 'confidence interval' to string
16200 - 10-Feb-26 15:40:22 - ingestion.Cleaner - Converted 'quartile range' to string
16200 - 10-Feb-26 15:40:22 - ingestion.Cleaner - Completed data cleaning.
16200 - 10-Feb-26 15:40:22 - DBlogger - Successfully connected to database
16200 - 10-Feb-26 15:40:22 - DBlogger - Error occurred during data insertion: Failed executing the operation; Python type NAType cannot be converted
16200 - 10-Feb-26 15:40:22 - DBlogger - Successfully closed DB connection
6968 - 10-Feb-26 15:41:48 - main - Ingestion pipeline starting
6968 - 10-Feb-26 15:41:48 - ingestion.Reader - Attempting to read CSV at C:\Users\armin\OneDrive\Desktop\Developer\MHIngestion\data\Mental_Health_DB.csv
6968 - 10-Feb-26 15:41:48 - ingestion.Reader - Read 10404 rows from C:\Users\armin\OneDrive\Desktop\Developer\MHIngestion\data\Mental_Health_DB.csv
6968 - 10-Feb-26 15:41:48 - ingestion.Validator - Successfully validated 9914 rows
6968 - 10-Feb-26 15:41:48 - ingestion.Validator - Rejected 490 rows
6968 - 10-Feb-26 15:41:48 - ingestion.Cleaner - Starting data cleaning step
6968 - 10-Feb-26 15:41:48 - ingestion.Cleaner - Removed 0 duplicate rows
6968 - 10-Feb-26 15:41:48 - ingestion.Cleaner - Converted column 'phase' to numeric
6968 - 10-Feb-26 15:41:48 - ingestion.Cleaner - Converted column 'value' to numeric
6968 - 10-Feb-26 15:41:48 - ingestion.Cleaner - Converted column 'lowci' to numeric
6968 - 10-Feb-26 15:41:48 - ingestion.Cleaner - Converted column 'highci' to numeric
6968 - 10-Feb-26 15:41:48 - ingestion.Cleaner - Converted 'time period' to nullable Int64
6968 - 10-Feb-26 15:41:48 - ingestion.Cleaner - Converted 'time period start date' to datetime
6968 - 10-Feb-26 15:41:48 - ingestion.Cleaner - Converted 'time period end date' to datetime
6968 - 10-Feb-26 15:41:48 - ingestion.Cleaner - Converted 'indicator' to string
6968 - 10-Feb-26 15:41:48 - ingestion.Cleaner - Converted 'group' to string
6968 - 10-Feb-26 15:41:48 - ingestion.Cleaner - Converted 'state' to string
6968 - 10-Feb-26 15:41:48 - ingestion.Cleaner - Converted 'subgroup' to string
6968 - 10-Feb-26 15:41:48 - ingestion.Cleaner - Converted 'time period label' to string
6968 - 10-Feb-26 15:41:48 - ingestion.Cleaner - Converted 'confidence interval' to string
6968 - 10-Feb-26 15:41:48 - ingestion.Cleaner - Converted 'quartile range' to string
6968 - 10-Feb-26 15:41:48 - ingestion.Cleaner - Completed data cleaning.
6968 - 10-Feb-26 15:41:48 - DBlogger - Successfully connected to database
6968 - 10-Feb-26 15:41:48 - DBlogger - Error occurred during data insertion: 1064 (42000): You have an error in your SQL syntax; check the manual that corresponds to your MySQL server version for the right syntax to use near '),('Received Counseling or Therapy, Last 4 Weeks', 'By Sex', 'United States',   ' at line 1
6968 - 10-Feb-26 15:41:48 - DBlogger - Successfully closed DB connection
22676 - 10-Feb-26 15:48:16 - main - Ingestion pipeline starting
22676 - 10-Feb-26 15:48:16 - ingestion.Reader - Attempting to read CSV at C:\Users\armin\OneDrive\Desktop\Developer\MHIngestion\data\Mental_Health_DB.csv
22676 - 10-Feb-26 15:48:16 - ingestion.Reader - Read 10404 rows from C:\Users\armin\OneDrive\Desktop\Developer\MHIngestion\data\Mental_Health_DB.csv
22676 - 10-Feb-26 15:48:17 - ingestion.Validator - Successfully validated 9914 rows
22676 - 10-Feb-26 15:48:17 - ingestion.Validator - Rejected 490 rows
22676 - 10-Feb-26 15:48:17 - ingestion.Cleaner - Starting data cleaning step
22676 - 10-Feb-26 15:48:17 - ingestion.Cleaner - Removed 0 duplicate rows
22676 - 10-Feb-26 15:48:17 - ingestion.Cleaner - Converted column 'phase' to numeric
22676 - 10-Feb-26 15:48:17 - ingestion.Cleaner - Converted column 'value' to numeric
22676 - 10-Feb-26 15:48:17 - ingestion.Cleaner - Converted column 'lowci' to numeric
22676 - 10-Feb-26 15:48:17 - ingestion.Cleaner - Converted column 'highci' to numeric
22676 - 10-Feb-26 15:48:17 - ingestion.Cleaner - Converted 'time period' to nullable Int64
22676 - 10-Feb-26 15:48:17 - ingestion.Cleaner - Converted 'time period start date' to datetime
22676 - 10-Feb-26 15:48:17 - ingestion.Cleaner - Converted 'time period end date' to datetime
22676 - 10-Feb-26 15:48:17 - ingestion.Cleaner - Converted 'indicator' to string
22676 - 10-Feb-26 15:48:17 - ingestion.Cleaner - Converted 'group' to string
22676 - 10-Feb-26 15:48:17 - ingestion.Cleaner - Converted 'state' to string
22676 - 10-Feb-26 15:48:17 - ingestion.Cleaner - Converted 'subgroup' to string
22676 - 10-Feb-26 15:48:17 - ingestion.Cleaner - Converted 'time period label' to string
22676 - 10-Feb-26 15:48:17 - ingestion.Cleaner - Converted 'confidence interval' to string
22676 - 10-Feb-26 15:48:17 - ingestion.Cleaner - Converted 'quartile range' to string
22676 - 10-Feb-26 15:48:17 - ingestion.Cleaner - Completed data cleaning.
22676 - 10-Feb-26 15:48:17 - DBlogger - Successfully connected to database
22676 - 10-Feb-26 15:48:18 - DBlogger - Error occurred during data insertion: 1064 (42000): You have an error in your SQL syntax; check the manual that corresponds to your MySQL server version for the right syntax to use near '),('Received Counseling or Therapy, Last 4 Weeks', 'By Sex', 'United States',   ' at line 1
22676 - 10-Feb-26 15:48:18 - DBlogger - Successfully closed DB connection
28912 - 10-Feb-26 15:52:15 - main - Ingestion pipeline starting
28912 - 10-Feb-26 15:52:15 - ingestion.Reader - Attempting to read CSV at C:\Users\armin\OneDrive\Desktop\Developer\MHIngestion\data\Mental_Health_DB.csv
28912 - 10-Feb-26 15:52:15 - ingestion.Reader - Read 10404 rows from C:\Users\armin\OneDrive\Desktop\Developer\MHIngestion\data\Mental_Health_DB.csv
28912 - 10-Feb-26 15:52:15 - ingestion.Validator - Successfully validated 9914 rows
28912 - 10-Feb-26 15:52:15 - ingestion.Validator - Rejected 490 rows
28912 - 10-Feb-26 15:52:15 - ingestion.Cleaner - Starting data cleaning step
28912 - 10-Feb-26 15:52:15 - ingestion.Cleaner - Removed 0 duplicate rows
28912 - 10-Feb-26 15:52:15 - ingestion.Cleaner - Converted column 'phase' to numeric
28912 - 10-Feb-26 15:52:15 - ingestion.Cleaner - Converted column 'value' to numeric
28912 - 10-Feb-26 15:52:15 - ingestion.Cleaner - Converted column 'lowci' to numeric
28912 - 10-Feb-26 15:52:15 - ingestion.Cleaner - Converted column 'highci' to numeric
28912 - 10-Feb-26 15:52:15 - ingestion.Cleaner - Converted 'time period' to nullable Int64
28912 - 10-Feb-26 15:52:15 - ingestion.Cleaner - Converted 'time period start date' to datetime
28912 - 10-Feb-26 15:52:15 - ingestion.Cleaner - Converted 'time period end date' to datetime
28912 - 10-Feb-26 15:52:15 - ingestion.Cleaner - Converted 'indicator' to string
28912 - 10-Feb-26 15:52:15 - ingestion.Cleaner - Converted 'group' to string
28912 - 10-Feb-26 15:52:15 - ingestion.Cleaner - Converted 'state' to string
28912 - 10-Feb-26 15:52:15 - ingestion.Cleaner - Converted 'subgroup' to string
28912 - 10-Feb-26 15:52:15 - ingestion.Cleaner - Converted 'time period label' to string
28912 - 10-Feb-26 15:52:15 - ingestion.Cleaner - Converted 'confidence interval' to string
28912 - 10-Feb-26 15:52:15 - ingestion.Cleaner - Converted 'quartile range' to string
28912 - 10-Feb-26 15:52:15 - ingestion.Cleaner - Completed data cleaning.
28912 - 10-Feb-26 15:52:15 - DBlogger - Successfully connected to database
28912 - 10-Feb-26 15:52:15 - DBlogger - Error occurred during data insertion: Parameters for query must be list or tuple.
28912 - 10-Feb-26 15:52:15 - DBlogger - Successfully closed DB connection
28816 - 10-Feb-26 15:53:48 - main - Ingestion pipeline starting
28816 - 10-Feb-26 15:53:48 - ingestion.Reader - Attempting to read CSV at C:\Users\armin\OneDrive\Desktop\Developer\MHIngestion\data\Mental_Health_DB.csv
28816 - 10-Feb-26 15:53:48 - ingestion.Reader - Read 10404 rows from C:\Users\armin\OneDrive\Desktop\Developer\MHIngestion\data\Mental_Health_DB.csv
28816 - 10-Feb-26 15:53:48 - ingestion.Validator - Successfully validated 9914 rows
28816 - 10-Feb-26 15:53:48 - ingestion.Validator - Rejected 490 rows
28816 - 10-Feb-26 15:53:48 - ingestion.Cleaner - Starting data cleaning step
28816 - 10-Feb-26 15:53:48 - ingestion.Cleaner - Removed 0 duplicate rows
28816 - 10-Feb-26 15:53:48 - ingestion.Cleaner - Converted column 'phase' to numeric
28816 - 10-Feb-26 15:53:48 - ingestion.Cleaner - Converted column 'value' to numeric
28816 - 10-Feb-26 15:53:48 - ingestion.Cleaner - Converted column 'lowci' to numeric
28816 - 10-Feb-26 15:53:48 - ingestion.Cleaner - Converted column 'highci' to numeric
28816 - 10-Feb-26 15:53:48 - ingestion.Cleaner - Converted 'time period' to nullable Int64
28816 - 10-Feb-26 15:53:48 - ingestion.Cleaner - Converted 'time period start date' to datetime
28816 - 10-Feb-26 15:53:48 - ingestion.Cleaner - Converted 'time period end date' to datetime
28816 - 10-Feb-26 15:53:48 - ingestion.Cleaner - Converted 'indicator' to string
28816 - 10-Feb-26 15:53:48 - ingestion.Cleaner - Converted 'group' to string
28816 - 10-Feb-26 15:53:48 - ingestion.Cleaner - Converted 'state' to string
28816 - 10-Feb-26 15:53:48 - ingestion.Cleaner - Converted 'subgroup' to string
28816 - 10-Feb-26 15:53:48 - ingestion.Cleaner - Converted 'time period label' to string
28816 - 10-Feb-26 15:53:48 - ingestion.Cleaner - Converted 'confidence interval' to string
28816 - 10-Feb-26 15:53:48 - ingestion.Cleaner - Converted 'quartile range' to string
28816 - 10-Feb-26 15:53:48 - ingestion.Cleaner - Completed data cleaning.
28816 - 10-Feb-26 15:53:48 - DBlogger - Successfully connected to database
28816 - 10-Feb-26 15:53:48 - DBlogger - Error occurred during data insertion: Parameters for query must be list or tuple.
28816 - 10-Feb-26 15:53:48 - DBlogger - Successfully closed DB connection
28244 - 10-Feb-26 15:55:51 - main - Ingestion pipeline starting
28244 - 10-Feb-26 15:55:51 - ingestion.Reader - Attempting to read CSV at C:\Users\armin\OneDrive\Desktop\Developer\MHIngestion\data\Mental_Health_DB.csv
28244 - 10-Feb-26 15:55:51 - ingestion.Reader - Read 10404 rows from C:\Users\armin\OneDrive\Desktop\Developer\MHIngestion\data\Mental_Health_DB.csv
28244 - 10-Feb-26 15:55:51 - ingestion.Validator - Successfully validated 9914 rows
28244 - 10-Feb-26 15:55:51 - ingestion.Validator - Rejected 490 rows
28244 - 10-Feb-26 15:55:51 - ingestion.Cleaner - Starting data cleaning step
28244 - 10-Feb-26 15:55:51 - ingestion.Cleaner - Removed 0 duplicate rows
28244 - 10-Feb-26 15:55:51 - ingestion.Cleaner - Converted column 'phase' to numeric
28244 - 10-Feb-26 15:55:51 - ingestion.Cleaner - Converted column 'value' to numeric
28244 - 10-Feb-26 15:55:51 - ingestion.Cleaner - Converted column 'lowci' to numeric
28244 - 10-Feb-26 15:55:51 - ingestion.Cleaner - Converted column 'highci' to numeric
28244 - 10-Feb-26 15:55:51 - ingestion.Cleaner - Converted 'time period' to nullable Int64
28244 - 10-Feb-26 15:55:51 - ingestion.Cleaner - Converted 'time period start date' to datetime
28244 - 10-Feb-26 15:55:51 - ingestion.Cleaner - Converted 'time period end date' to datetime
28244 - 10-Feb-26 15:55:51 - ingestion.Cleaner - Converted 'indicator' to string
28244 - 10-Feb-26 15:55:51 - ingestion.Cleaner - Converted 'group' to string
28244 - 10-Feb-26 15:55:51 - ingestion.Cleaner - Converted 'state' to string
28244 - 10-Feb-26 15:55:51 - ingestion.Cleaner - Converted 'subgroup' to string
28244 - 10-Feb-26 15:55:51 - ingestion.Cleaner - Converted 'time period label' to string
28244 - 10-Feb-26 15:55:51 - ingestion.Cleaner - Converted 'confidence interval' to string
28244 - 10-Feb-26 15:55:51 - ingestion.Cleaner - Converted 'quartile range' to string
28244 - 10-Feb-26 15:55:51 - ingestion.Cleaner - Completed data cleaning.
28244 - 10-Feb-26 15:55:51 - DBlogger - Successfully connected to database
28244 - 10-Feb-26 15:55:51 - DBlogger - Error occurred during data insertion: 1064 (42000): You have an error in your SQL syntax; check the manual that corresponds to your MySQL server version for the right syntax to use near ')' at line 1
28244 - 10-Feb-26 15:55:51 - DBlogger - Successfully closed DB connection
14216 - 10-Feb-26 16:02:47 - main - Ingestion pipeline starting
14216 - 10-Feb-26 16:02:47 - ingestion.Reader - Attempting to read CSV at C:\Users\armin\OneDrive\Desktop\Developer\MHIngestion\data\Mental_Health_DB.csv
14216 - 10-Feb-26 16:02:47 - ingestion.Reader - Read 10404 rows from C:\Users\armin\OneDrive\Desktop\Developer\MHIngestion\data\Mental_Health_DB.csv
14216 - 10-Feb-26 16:02:47 - ingestion.Validator - Successfully validated 9914 rows
14216 - 10-Feb-26 16:02:47 - ingestion.Validator - Rejected 490 rows
14216 - 10-Feb-26 16:02:47 - ingestion.Cleaner - Starting data cleaning step
14216 - 10-Feb-26 16:02:47 - ingestion.Cleaner - Removed 0 duplicate rows
14216 - 10-Feb-26 16:02:47 - ingestion.Cleaner - Converted column 'phase' to numeric
14216 - 10-Feb-26 16:02:47 - ingestion.Cleaner - Converted column 'value' to numeric
14216 - 10-Feb-26 16:02:47 - ingestion.Cleaner - Converted column 'lowci' to numeric
14216 - 10-Feb-26 16:02:47 - ingestion.Cleaner - Converted column 'highci' to numeric
14216 - 10-Feb-26 16:02:47 - ingestion.Cleaner - Converted 'time period' to nullable Int64
14216 - 10-Feb-26 16:02:47 - ingestion.Cleaner - Converted 'time period start date' to datetime
14216 - 10-Feb-26 16:02:47 - ingestion.Cleaner - Converted 'time period end date' to datetime
14216 - 10-Feb-26 16:02:47 - ingestion.Cleaner - Converted 'indicator' to string
14216 - 10-Feb-26 16:02:47 - ingestion.Cleaner - Converted 'group' to string
14216 - 10-Feb-26 16:02:47 - ingestion.Cleaner - Converted 'state' to string
14216 - 10-Feb-26 16:02:47 - ingestion.Cleaner - Converted 'subgroup' to string
14216 - 10-Feb-26 16:02:47 - ingestion.Cleaner - Converted 'time period label' to string
14216 - 10-Feb-26 16:02:47 - ingestion.Cleaner - Converted 'confidence interval' to string
14216 - 10-Feb-26 16:02:47 - ingestion.Cleaner - Converted 'quartile range' to string
14216 - 10-Feb-26 16:02:47 - ingestion.Cleaner - Completed data cleaning.
14216 - 10-Feb-26 16:02:47 - DBlogger - Successfully connected to database
14216 - 10-Feb-26 16:02:47 - DBlogger - Error occurred during data insertion: 1064 (42000): You have an error in your SQL syntax; check the manual that corresponds to your MySQL server version for the right syntax to use near ')' at line 1
14216 - 10-Feb-26 16:02:47 - DBlogger - Successfully closed DB connection
8456 - 10-Feb-26 16:05:57 - main - Ingestion pipeline starting
8456 - 10-Feb-26 16:05:57 - ingestion.Reader - Attempting to read CSV at C:\Users\armin\OneDrive\Desktop\Developer\MHIngestion\data\Mental_Health_DB.csv
8456 - 10-Feb-26 16:05:57 - ingestion.Reader - Read 10404 rows from C:\Users\armin\OneDrive\Desktop\Developer\MHIngestion\data\Mental_Health_DB.csv
8456 - 10-Feb-26 16:05:57 - ingestion.Validator - Successfully validated 9914 rows
8456 - 10-Feb-26 16:05:57 - ingestion.Validator - Rejected 490 rows
8456 - 10-Feb-26 16:05:57 - ingestion.Cleaner - Starting data cleaning step
8456 - 10-Feb-26 16:05:57 - ingestion.Cleaner - Removed 0 duplicate rows
8456 - 10-Feb-26 16:05:57 - ingestion.Cleaner - Converted column 'phase' to numeric
8456 - 10-Feb-26 16:05:57 - ingestion.Cleaner - Converted column 'value' to numeric
8456 - 10-Feb-26 16:05:57 - ingestion.Cleaner - Converted column 'lowci' to numeric
8456 - 10-Feb-26 16:05:57 - ingestion.Cleaner - Converted column 'highci' to numeric
8456 - 10-Feb-26 16:05:57 - ingestion.Cleaner - Converted 'time period' to nullable Int64
8456 - 10-Feb-26 16:05:57 - ingestion.Cleaner - Converted 'time period start date' to datetime
8456 - 10-Feb-26 16:05:57 - ingestion.Cleaner - Converted 'time period end date' to datetime
8456 - 10-Feb-26 16:05:57 - ingestion.Cleaner - Converted 'indicator' to string
8456 - 10-Feb-26 16:05:57 - ingestion.Cleaner - Converted 'group' to string
8456 - 10-Feb-26 16:05:57 - ingestion.Cleaner - Converted 'state' to string
8456 - 10-Feb-26 16:05:57 - ingestion.Cleaner - Converted 'subgroup' to string
8456 - 10-Feb-26 16:05:57 - ingestion.Cleaner - Converted 'time period label' to string
8456 - 10-Feb-26 16:05:57 - ingestion.Cleaner - Converted 'confidence interval' to string
8456 - 10-Feb-26 16:05:57 - ingestion.Cleaner - Converted 'quartile range' to string
8456 - 10-Feb-26 16:05:57 - ingestion.Cleaner - Completed data cleaning.
8456 - 10-Feb-26 16:05:57 - DBlogger - Successfully connected to database
8456 - 10-Feb-26 16:05:58 - DBlogger - Error occurred during data insertion: 1048 (23000): Column 'phase' cannot be null
8456 - 10-Feb-26 16:05:58 - DBlogger - Successfully closed DB connection
28872 - 10-Feb-26 16:07:18 - main - Ingestion pipeline starting
28872 - 10-Feb-26 16:07:18 - ingestion.Reader - Attempting to read CSV at C:\Users\armin\OneDrive\Desktop\Developer\MHIngestion\data\Mental_Health_DB.csv
28872 - 10-Feb-26 16:07:18 - ingestion.Reader - Read 10404 rows from C:\Users\armin\OneDrive\Desktop\Developer\MHIngestion\data\Mental_Health_DB.csv
28872 - 10-Feb-26 16:07:18 - ingestion.Validator - Successfully validated 9914 rows
28872 - 10-Feb-26 16:07:18 - ingestion.Validator - Rejected 490 rows
28872 - 10-Feb-26 16:07:18 - ingestion.Cleaner - Starting data cleaning step
28872 - 10-Feb-26 16:07:18 - ingestion.Cleaner - Removed 0 duplicate rows
28872 - 10-Feb-26 16:07:18 - ingestion.Cleaner - Converted column 'phase' to numeric
28872 - 10-Feb-26 16:07:18 - ingestion.Cleaner - Converted column 'value' to numeric
28872 - 10-Feb-26 16:07:18 - ingestion.Cleaner - Converted column 'lowci' to numeric
28872 - 10-Feb-26 16:07:18 - ingestion.Cleaner - Converted column 'highci' to numeric
28872 - 10-Feb-26 16:07:18 - ingestion.Cleaner - Converted 'time period' to nullable Int64
28872 - 10-Feb-26 16:07:18 - ingestion.Cleaner - Converted 'time period start date' to datetime
28872 - 10-Feb-26 16:07:18 - ingestion.Cleaner - Converted 'time period end date' to datetime
28872 - 10-Feb-26 16:07:18 - ingestion.Cleaner - Converted 'indicator' to string
28872 - 10-Feb-26 16:07:18 - ingestion.Cleaner - Converted 'group' to string
28872 - 10-Feb-26 16:07:18 - ingestion.Cleaner - Converted 'state' to string
28872 - 10-Feb-26 16:07:18 - ingestion.Cleaner - Converted 'subgroup' to string
28872 - 10-Feb-26 16:07:18 - ingestion.Cleaner - Converted 'time period label' to string
28872 - 10-Feb-26 16:07:18 - ingestion.Cleaner - Converted 'confidence interval' to string
28872 - 10-Feb-26 16:07:18 - ingestion.Cleaner - Converted 'quartile range' to string
28872 - 10-Feb-26 16:07:18 - ingestion.Cleaner - Completed data cleaning.
28872 - 10-Feb-26 16:07:19 - DBlogger - Successfully connected to database
28872 - 10-Feb-26 16:07:22 - DBlogger - Error occurred during data insertion: 1048 (23000): Column 'phase' cannot be null
28872 - 10-Feb-26 16:07:22 - DBlogger - Successfully closed DB connection
5672 - 10-Feb-26 16:09:06 - main - Ingestion pipeline starting
5672 - 10-Feb-26 16:09:06 - ingestion.Reader - Attempting to read CSV at C:\Users\armin\OneDrive\Desktop\Developer\MHIngestion\data\Mental_Health_DB.csv
5672 - 10-Feb-26 16:09:06 - ingestion.Reader - Read 10404 rows from C:\Users\armin\OneDrive\Desktop\Developer\MHIngestion\data\Mental_Health_DB.csv
5672 - 10-Feb-26 16:09:06 - ingestion.Validator - Successfully validated 9914 rows
5672 - 10-Feb-26 16:09:06 - ingestion.Validator - Rejected 490 rows
5672 - 10-Feb-26 16:09:06 - ingestion.Cleaner - Starting data cleaning step
5672 - 10-Feb-26 16:09:06 - ingestion.Cleaner - Removed 0 duplicate rows
5672 - 10-Feb-26 16:09:06 - ingestion.Cleaner - Converted column 'phase' to numeric
5672 - 10-Feb-26 16:09:06 - ingestion.Cleaner - Converted column 'value' to numeric
5672 - 10-Feb-26 16:09:06 - ingestion.Cleaner - Converted column 'lowci' to numeric
5672 - 10-Feb-26 16:09:06 - ingestion.Cleaner - Converted column 'highci' to numeric
5672 - 10-Feb-26 16:09:06 - ingestion.Cleaner - Converted 'time period' to nullable Int64
5672 - 10-Feb-26 16:09:06 - ingestion.Cleaner - Converted 'time period start date' to datetime
5672 - 10-Feb-26 16:09:06 - ingestion.Cleaner - Converted 'time period end date' to datetime
5672 - 10-Feb-26 16:09:06 - ingestion.Cleaner - Converted 'indicator' to string
5672 - 10-Feb-26 16:09:06 - ingestion.Cleaner - Converted 'group' to string
5672 - 10-Feb-26 16:09:06 - ingestion.Cleaner - Converted 'state' to string
5672 - 10-Feb-26 16:09:06 - ingestion.Cleaner - Converted 'subgroup' to string
5672 - 10-Feb-26 16:09:06 - ingestion.Cleaner - Converted 'time period label' to string
5672 - 10-Feb-26 16:09:06 - ingestion.Cleaner - Converted 'confidence interval' to string
5672 - 10-Feb-26 16:09:06 - ingestion.Cleaner - Converted 'quartile range' to string
5672 - 10-Feb-26 16:09:06 - ingestion.Cleaner - Completed data cleaning.
5672 - 10-Feb-26 16:09:06 - DBlogger - Successfully connected to database
27132 - 10-Feb-26 16:09:22 - main - Ingestion pipeline starting
27132 - 10-Feb-26 16:09:22 - ingestion.Reader - Attempting to read CSV at C:\Users\armin\OneDrive\Desktop\Developer\MHIngestion\data\Mental_Health_DB.csv
27132 - 10-Feb-26 16:09:22 - ingestion.Reader - Read 10404 rows from C:\Users\armin\OneDrive\Desktop\Developer\MHIngestion\data\Mental_Health_DB.csv
27132 - 10-Feb-26 16:09:22 - ingestion.Validator - Successfully validated 9914 rows
27132 - 10-Feb-26 16:09:22 - ingestion.Validator - Rejected 490 rows
27132 - 10-Feb-26 16:09:22 - ingestion.Cleaner - Starting data cleaning step
27132 - 10-Feb-26 16:09:22 - ingestion.Cleaner - Removed 0 duplicate rows
27132 - 10-Feb-26 16:09:22 - ingestion.Cleaner - Converted column 'phase' to numeric
27132 - 10-Feb-26 16:09:22 - ingestion.Cleaner - Converted column 'value' to numeric
27132 - 10-Feb-26 16:09:22 - ingestion.Cleaner - Converted column 'lowci' to numeric
27132 - 10-Feb-26 16:09:22 - ingestion.Cleaner - Converted column 'highci' to numeric
27132 - 10-Feb-26 16:09:22 - ingestion.Cleaner - Converted 'time period' to nullable Int64
27132 - 10-Feb-26 16:09:22 - ingestion.Cleaner - Converted 'time period start date' to datetime
27132 - 10-Feb-26 16:09:22 - ingestion.Cleaner - Converted 'time period end date' to datetime
27132 - 10-Feb-26 16:09:22 - ingestion.Cleaner - Converted 'indicator' to string
27132 - 10-Feb-26 16:09:22 - ingestion.Cleaner - Converted 'group' to string
27132 - 10-Feb-26 16:09:22 - ingestion.Cleaner - Converted 'state' to string
27132 - 10-Feb-26 16:09:22 - ingestion.Cleaner - Converted 'subgroup' to string
27132 - 10-Feb-26 16:09:22 - ingestion.Cleaner - Converted 'time period label' to string
27132 - 10-Feb-26 16:09:22 - ingestion.Cleaner - Converted 'confidence interval' to string
27132 - 10-Feb-26 16:09:22 - ingestion.Cleaner - Converted 'quartile range' to string
27132 - 10-Feb-26 16:09:22 - ingestion.Cleaner - Completed data cleaning.
27132 - 10-Feb-26 16:09:22 - DBlogger - Successfully connected to database
27132 - 10-Feb-26 16:09:25 - DBlogger - Error occurred during data insertion: 1048 (23000): Column 'phase' cannot be null
27132 - 10-Feb-26 16:09:25 - DBlogger - Successfully closed DB connection
13796 - 10-Feb-26 16:11:00 - main - Ingestion pipeline starting
13796 - 10-Feb-26 16:11:00 - ingestion.Reader - Attempting to read CSV at C:\Users\armin\OneDrive\Desktop\Developer\MHIngestion\data\Mental_Health_DB.csv
13796 - 10-Feb-26 16:11:00 - ingestion.Reader - Read 10404 rows from C:\Users\armin\OneDrive\Desktop\Developer\MHIngestion\data\Mental_Health_DB.csv
13796 - 10-Feb-26 16:11:00 - ingestion.Validator - Successfully validated 9914 rows
13796 - 10-Feb-26 16:11:00 - ingestion.Validator - Rejected 490 rows
13796 - 10-Feb-26 16:11:00 - ingestion.Cleaner - Starting data cleaning step
13796 - 10-Feb-26 16:11:00 - ingestion.Cleaner - Removed 0 duplicate rows
13796 - 10-Feb-26 16:11:00 - ingestion.Cleaner - Converted column 'phase' to numeric
13796 - 10-Feb-26 16:11:00 - ingestion.Cleaner - Converted column 'value' to numeric
13796 - 10-Feb-26 16:11:00 - ingestion.Cleaner - Converted column 'lowci' to numeric
13796 - 10-Feb-26 16:11:00 - ingestion.Cleaner - Converted column 'highci' to numeric
13796 - 10-Feb-26 16:11:00 - ingestion.Cleaner - Converted 'time period' to nullable Int64
13796 - 10-Feb-26 16:11:00 - ingestion.Cleaner - Converted 'time period start date' to datetime
13796 - 10-Feb-26 16:11:00 - ingestion.Cleaner - Converted 'time period end date' to datetime
13796 - 10-Feb-26 16:11:00 - ingestion.Cleaner - Converted 'indicator' to string
13796 - 10-Feb-26 16:11:00 - ingestion.Cleaner - Converted 'group' to string
13796 - 10-Feb-26 16:11:00 - ingestion.Cleaner - Converted 'state' to string
13796 - 10-Feb-26 16:11:00 - ingestion.Cleaner - Converted 'subgroup' to string
13796 - 10-Feb-26 16:11:00 - ingestion.Cleaner - Converted 'time period label' to string
13796 - 10-Feb-26 16:11:00 - ingestion.Cleaner - Converted 'confidence interval' to string
13796 - 10-Feb-26 16:11:00 - ingestion.Cleaner - Converted 'quartile range' to string
13796 - 10-Feb-26 16:11:00 - ingestion.Cleaner - Completed data cleaning.
13796 - 10-Feb-26 16:11:00 - DBlogger - Successfully connected to database
4008 - 10-Feb-26 16:13:22 - main - Ingestion pipeline starting
4008 - 10-Feb-26 16:13:22 - ingestion.Reader - Attempting to read CSV at C:\Users\armin\OneDrive\Desktop\Developer\MHIngestion\data\Mental_Health_DB.csv
4008 - 10-Feb-26 16:13:22 - ingestion.Reader - Read 10404 rows from C:\Users\armin\OneDrive\Desktop\Developer\MHIngestion\data\Mental_Health_DB.csv
4008 - 10-Feb-26 16:13:22 - ingestion.Validator - Successfully validated 9914 rows
4008 - 10-Feb-26 16:13:22 - ingestion.Validator - Rejected 490 rows
4008 - 10-Feb-26 16:13:22 - ingestion.Cleaner - Starting data cleaning step
4008 - 10-Feb-26 16:13:22 - ingestion.Cleaner - Removed 0 duplicate rows
4008 - 10-Feb-26 16:13:22 - ingestion.Cleaner - Converted column 'phase' to numeric
4008 - 10-Feb-26 16:13:22 - ingestion.Cleaner - Converted column 'value' to numeric
4008 - 10-Feb-26 16:13:22 - ingestion.Cleaner - Converted column 'lowci' to numeric
4008 - 10-Feb-26 16:13:22 - ingestion.Cleaner - Converted column 'highci' to numeric
4008 - 10-Feb-26 16:13:22 - ingestion.Cleaner - Converted 'time period' to nullable Int64
4008 - 10-Feb-26 16:13:22 - ingestion.Cleaner - Converted 'time period start date' to datetime
4008 - 10-Feb-26 16:13:22 - ingestion.Cleaner - Converted 'time period end date' to datetime
4008 - 10-Feb-26 16:13:22 - ingestion.Cleaner - Converted 'indicator' to string
4008 - 10-Feb-26 16:13:22 - ingestion.Cleaner - Converted 'group' to string
4008 - 10-Feb-26 16:13:22 - ingestion.Cleaner - Converted 'state' to string
4008 - 10-Feb-26 16:13:22 - ingestion.Cleaner - Converted 'subgroup' to string
4008 - 10-Feb-26 16:13:22 - ingestion.Cleaner - Converted 'time period label' to string
4008 - 10-Feb-26 16:13:22 - ingestion.Cleaner - Converted 'confidence interval' to string
4008 - 10-Feb-26 16:13:22 - ingestion.Cleaner - Converted 'quartile range' to string
4008 - 10-Feb-26 16:13:22 - ingestion.Cleaner - Completed data cleaning.
4008 - 10-Feb-26 16:13:22 - DBlogger - Successfully connected to database
17000 - 10-Feb-26 16:14:02 - main - Ingestion pipeline starting
17000 - 10-Feb-26 16:14:02 - ingestion.Reader - Attempting to read CSV at C:\Users\armin\OneDrive\Desktop\Developer\MHIngestion\data\Mental_Health_DB.csv
17000 - 10-Feb-26 16:14:02 - ingestion.Reader - Read 10404 rows from C:\Users\armin\OneDrive\Desktop\Developer\MHIngestion\data\Mental_Health_DB.csv
17000 - 10-Feb-26 16:14:02 - ingestion.Validator - Successfully validated 9914 rows
17000 - 10-Feb-26 16:14:02 - ingestion.Validator - Rejected 490 rows
17000 - 10-Feb-26 16:14:02 - ingestion.Cleaner - Starting data cleaning step
17000 - 10-Feb-26 16:14:02 - ingestion.Cleaner - Removed 0 duplicate rows
17000 - 10-Feb-26 16:14:02 - ingestion.Cleaner - Converted column 'phase' to numeric
17000 - 10-Feb-26 16:14:02 - ingestion.Cleaner - Converted column 'value' to numeric
17000 - 10-Feb-26 16:14:02 - ingestion.Cleaner - Converted column 'lowci' to numeric
17000 - 10-Feb-26 16:14:02 - ingestion.Cleaner - Converted column 'highci' to numeric
17000 - 10-Feb-26 16:14:02 - ingestion.Cleaner - Converted 'time period' to nullable Int64
17000 - 10-Feb-26 16:14:02 - ingestion.Cleaner - Converted 'time period start date' to datetime
17000 - 10-Feb-26 16:14:02 - ingestion.Cleaner - Converted 'time period end date' to datetime
17000 - 10-Feb-26 16:14:02 - ingestion.Cleaner - Converted 'indicator' to string
17000 - 10-Feb-26 16:14:02 - ingestion.Cleaner - Converted 'group' to string
17000 - 10-Feb-26 16:14:02 - ingestion.Cleaner - Converted 'state' to string
17000 - 10-Feb-26 16:14:02 - ingestion.Cleaner - Converted 'subgroup' to string
17000 - 10-Feb-26 16:14:02 - ingestion.Cleaner - Converted 'time period label' to string
17000 - 10-Feb-26 16:14:02 - ingestion.Cleaner - Converted 'confidence interval' to string
17000 - 10-Feb-26 16:14:02 - ingestion.Cleaner - Converted 'quartile range' to string
17000 - 10-Feb-26 16:14:02 - ingestion.Cleaner - Completed data cleaning.
17000 - 10-Feb-26 16:14:02 - DBlogger - Successfully connected to database
17000 - 10-Feb-26 16:14:03 - DBlogger - Error occurred during data insertion: 1048 (23000): Column 'phase' cannot be null
17000 - 10-Feb-26 16:14:03 - DBlogger - Successfully closed DB connection
26988 - 10-Feb-26 16:15:44 - main - Ingestion pipeline starting
26988 - 10-Feb-26 16:15:44 - ingestion.Reader - Attempting to read CSV at C:\Users\armin\OneDrive\Desktop\Developer\MHIngestion\data\Mental_Health_DB.csv
26988 - 10-Feb-26 16:15:44 - ingestion.Reader - Read 10404 rows from C:\Users\armin\OneDrive\Desktop\Developer\MHIngestion\data\Mental_Health_DB.csv
26988 - 10-Feb-26 16:15:44 - ingestion.Validator - Successfully validated 9914 rows
26988 - 10-Feb-26 16:15:44 - ingestion.Validator - Rejected 490 rows
26988 - 10-Feb-26 16:15:44 - ingestion.Cleaner - Starting data cleaning step
26988 - 10-Feb-26 16:15:44 - ingestion.Cleaner - Removed 0 duplicate rows
26988 - 10-Feb-26 16:15:44 - ingestion.Cleaner - Converted column 'phase' to numeric
26988 - 10-Feb-26 16:15:44 - ingestion.Cleaner - Converted column 'value' to numeric
26988 - 10-Feb-26 16:15:44 - ingestion.Cleaner - Converted column 'lowci' to numeric
26988 - 10-Feb-26 16:15:44 - ingestion.Cleaner - Converted column 'highci' to numeric
26988 - 10-Feb-26 16:15:44 - ingestion.Cleaner - Converted 'time period' to nullable Int64
26988 - 10-Feb-26 16:15:44 - ingestion.Cleaner - Converted 'time period start date' to datetime
26988 - 10-Feb-26 16:15:44 - ingestion.Cleaner - Converted 'time period end date' to datetime
26988 - 10-Feb-26 16:15:44 - ingestion.Cleaner - Converted 'indicator' to string
26988 - 10-Feb-26 16:15:44 - ingestion.Cleaner - Converted 'group' to string
26988 - 10-Feb-26 16:15:44 - ingestion.Cleaner - Converted 'state' to string
26988 - 10-Feb-26 16:15:44 - ingestion.Cleaner - Converted 'subgroup' to string
26988 - 10-Feb-26 16:15:44 - ingestion.Cleaner - Converted 'time period label' to string
26988 - 10-Feb-26 16:15:44 - ingestion.Cleaner - Converted 'confidence interval' to string
26988 - 10-Feb-26 16:15:44 - ingestion.Cleaner - Converted 'quartile range' to string
26988 - 10-Feb-26 16:15:44 - ingestion.Cleaner - Completed data cleaning.
4884 - 10-Feb-26 16:16:10 - main - Ingestion pipeline starting
4884 - 10-Feb-26 16:16:10 - ingestion.Reader - Attempting to read CSV at C:\Users\armin\OneDrive\Desktop\Developer\MHIngestion\data\Mental_Health_DB.csv
4884 - 10-Feb-26 16:16:10 - ingestion.Reader - Read 10404 rows from C:\Users\armin\OneDrive\Desktop\Developer\MHIngestion\data\Mental_Health_DB.csv
4884 - 10-Feb-26 16:16:10 - ingestion.Validator - Successfully validated 9914 rows
4884 - 10-Feb-26 16:16:10 - ingestion.Validator - Rejected 490 rows
4884 - 10-Feb-26 16:16:10 - ingestion.Cleaner - Starting data cleaning step
4884 - 10-Feb-26 16:16:10 - ingestion.Cleaner - Removed 0 duplicate rows
4884 - 10-Feb-26 16:16:10 - ingestion.Cleaner - Converted column 'phase' to numeric
4884 - 10-Feb-26 16:16:10 - ingestion.Cleaner - Converted column 'value' to numeric
4884 - 10-Feb-26 16:16:10 - ingestion.Cleaner - Converted column 'lowci' to numeric
4884 - 10-Feb-26 16:16:10 - ingestion.Cleaner - Converted column 'highci' to numeric
4884 - 10-Feb-26 16:16:10 - ingestion.Cleaner - Converted 'time period' to nullable Int64
4884 - 10-Feb-26 16:16:10 - ingestion.Cleaner - Converted 'time period start date' to datetime
4884 - 10-Feb-26 16:16:10 - ingestion.Cleaner - Converted 'time period end date' to datetime
4884 - 10-Feb-26 16:16:10 - ingestion.Cleaner - Converted 'indicator' to string
4884 - 10-Feb-26 16:16:10 - ingestion.Cleaner - Converted 'group' to string
4884 - 10-Feb-26 16:16:10 - ingestion.Cleaner - Converted 'state' to string
4884 - 10-Feb-26 16:16:10 - ingestion.Cleaner - Converted 'subgroup' to string
4884 - 10-Feb-26 16:16:10 - ingestion.Cleaner - Converted 'time period label' to string
4884 - 10-Feb-26 16:16:10 - ingestion.Cleaner - Converted 'confidence interval' to string
4884 - 10-Feb-26 16:16:10 - ingestion.Cleaner - Converted 'quartile range' to string
4884 - 10-Feb-26 16:16:10 - ingestion.Cleaner - Completed data cleaning.
772 - 11-Feb-26 09:21:22 - main - Ingestion pipeline starting
772 - 11-Feb-26 09:21:22 - ingestion.Reader - Attempting to read CSV at C:\Users\armin\OneDrive\Desktop\Developer\MHIngestion\data\Mental_Health_DB.csv
772 - 11-Feb-26 09:21:22 - ingestion.Reader - Read 10404 rows from C:\Users\armin\OneDrive\Desktop\Developer\MHIngestion\data\Mental_Health_DB.csv
772 - 11-Feb-26 09:21:22 - ingestion.Validator - Successfully validated 9914 rows
772 - 11-Feb-26 09:21:22 - ingestion.Validator - Rejected 490 rows
772 - 11-Feb-26 09:21:22 - ingestion.Cleaner - Starting data cleaning step
772 - 11-Feb-26 09:21:22 - ingestion.Cleaner - Removed 0 duplicate rows
772 - 11-Feb-26 09:21:22 - ingestion.Cleaner - Converted column 'phase' to numeric
772 - 11-Feb-26 09:21:22 - ingestion.Cleaner - Converted column 'value' to numeric
772 - 11-Feb-26 09:21:22 - ingestion.Cleaner - Converted column 'lowci' to numeric
772 - 11-Feb-26 09:21:22 - ingestion.Cleaner - Converted column 'highci' to numeric
772 - 11-Feb-26 09:21:22 - ingestion.Cleaner - Converted 'time period' to nullable Int64
772 - 11-Feb-26 09:21:22 - ingestion.Cleaner - Converted 'time period start date' to datetime
772 - 11-Feb-26 09:21:22 - ingestion.Cleaner - Converted 'time period end date' to datetime
772 - 11-Feb-26 09:21:22 - ingestion.Cleaner - Converted 'indicator' to string
772 - 11-Feb-26 09:21:22 - ingestion.Cleaner - Converted 'group' to string
772 - 11-Feb-26 09:21:22 - ingestion.Cleaner - Converted 'state' to string
772 - 11-Feb-26 09:21:22 - ingestion.Cleaner - Converted 'subgroup' to string
772 - 11-Feb-26 09:21:22 - ingestion.Cleaner - Converted 'time period label' to string
772 - 11-Feb-26 09:21:22 - ingestion.Cleaner - Converted 'confidence interval' to string
772 - 11-Feb-26 09:21:22 - ingestion.Cleaner - Converted 'quartile range' to string
772 - 11-Feb-26 09:21:22 - ingestion.Cleaner - Completed data cleaning.
772 - 11-Feb-26 09:21:22 - DBlogger - Successfully connected to database
772 - 11-Feb-26 09:21:26 - DBlogger - Succesfully inserted 9914 rows into database
772 - 11-Feb-26 09:21:26 - DBlogger - Successfully closed DB connection
15852 - 11-Feb-26 09:24:19 - main - Ingestion pipeline starting
15852 - 11-Feb-26 09:24:19 - ingestion.Reader - Attempting to read CSV at C:\Users\armin\OneDrive\Desktop\Developer\MHIngestion\data\Mental_Health_DB.csv
15852 - 11-Feb-26 09:24:19 - ingestion.Reader - Read 10404 rows from C:\Users\armin\OneDrive\Desktop\Developer\MHIngestion\data\Mental_Health_DB.csv
15852 - 11-Feb-26 09:24:19 - ingestion.Validator - Successfully validated 9914 rows
15852 - 11-Feb-26 09:24:19 - ingestion.Validator - Rejected 490 rows
15852 - 11-Feb-26 09:24:19 - ingestion.Cleaner - Starting data cleaning step
15852 - 11-Feb-26 09:24:19 - ingestion.Cleaner - Removed 0 duplicate rows
15852 - 11-Feb-26 09:24:19 - ingestion.Cleaner - Converted column 'phase' to numeric
15852 - 11-Feb-26 09:24:19 - ingestion.Cleaner - Converted column 'value' to numeric
15852 - 11-Feb-26 09:24:19 - ingestion.Cleaner - Converted column 'lowci' to numeric
15852 - 11-Feb-26 09:24:19 - ingestion.Cleaner - Converted column 'highci' to numeric
15852 - 11-Feb-26 09:24:19 - ingestion.Cleaner - Converted 'time period' to nullable Int64
15852 - 11-Feb-26 09:24:19 - ingestion.Cleaner - Converted 'time period start date' to datetime
15852 - 11-Feb-26 09:24:19 - ingestion.Cleaner - Converted 'time period end date' to datetime
15852 - 11-Feb-26 09:24:19 - ingestion.Cleaner - Converted 'indicator' to string
15852 - 11-Feb-26 09:24:19 - ingestion.Cleaner - Converted 'group' to string
15852 - 11-Feb-26 09:24:19 - ingestion.Cleaner - Converted 'state' to string
15852 - 11-Feb-26 09:24:19 - ingestion.Cleaner - Converted 'subgroup' to string
15852 - 11-Feb-26 09:24:19 - ingestion.Cleaner - Converted 'time period label' to string
15852 - 11-Feb-26 09:24:19 - ingestion.Cleaner - Converted 'confidence interval' to string
15852 - 11-Feb-26 09:24:19 - ingestion.Cleaner - Converted 'quartile range' to string
15852 - 11-Feb-26 09:24:19 - ingestion.Cleaner - Completed data cleaning.
15852 - 11-Feb-26 09:24:19 - DBlogger - Successfully connected to database
15852 - 11-Feb-26 09:24:19 - DBlogger - Succesfully inserted 9914 rows into database
15852 - 11-Feb-26 09:24:19 - DBlogger - Successfully closed DB connection
14308 - 11-Feb-26 10:57:09 - main - Ingestion pipeline starting
14308 - 11-Feb-26 10:57:09 - ingestion.Reader - Attempting to read CSV at C:\Users\armin\OneDrive\Desktop\Developer\MHIngestion\data\Mental_Health_DB.csv
14308 - 11-Feb-26 10:57:09 - ingestion.Reader - Read 10404 rows from C:\Users\armin\OneDrive\Desktop\Developer\MHIngestion\data\Mental_Health_DB.csv
14308 - 11-Feb-26 10:57:09 - ingestion.Validator - Successfully validated 9914 rows
14308 - 11-Feb-26 10:57:09 - ingestion.Validator - Rejected 490 rows
14308 - 11-Feb-26 10:57:09 - ingestion.Cleaner - Starting data cleaning step
14308 - 11-Feb-26 10:57:09 - ingestion.Cleaner - Removed 0 duplicate rows
14308 - 11-Feb-26 10:57:09 - ingestion.Cleaner - Converted column 'phase' to numeric
14308 - 11-Feb-26 10:57:09 - ingestion.Cleaner - Converted column 'value' to numeric
14308 - 11-Feb-26 10:57:09 - ingestion.Cleaner - Converted column 'lowci' to numeric
14308 - 11-Feb-26 10:57:09 - ingestion.Cleaner - Converted column 'highci' to numeric
14308 - 11-Feb-26 10:57:09 - ingestion.Cleaner - Converted 'time period' to nullable Int64
14308 - 11-Feb-26 10:57:09 - ingestion.Cleaner - Converted 'time period start date' to datetime
14308 - 11-Feb-26 10:57:09 - ingestion.Cleaner - Converted 'time period end date' to datetime
14308 - 11-Feb-26 10:57:09 - ingestion.Cleaner - Converted 'indicator' to string
14308 - 11-Feb-26 10:57:09 - ingestion.Cleaner - Converted 'group' to string
14308 - 11-Feb-26 10:57:09 - ingestion.Cleaner - Converted 'state' to string
14308 - 11-Feb-26 10:57:09 - ingestion.Cleaner - Converted 'subgroup' to string
14308 - 11-Feb-26 10:57:09 - ingestion.Cleaner - Converted 'time period label' to string
14308 - 11-Feb-26 10:57:09 - ingestion.Cleaner - Converted 'confidence interval' to string
14308 - 11-Feb-26 10:57:09 - ingestion.Cleaner - Converted 'quartile range' to string
14308 - 11-Feb-26 10:57:09 - ingestion.Cleaner - Completed data cleaning.
14308 - 11-Feb-26 10:57:09 - ingestion.Cleaner - Starting data cleaning step
14308 - 11-Feb-26 10:57:09 - ingestion.Cleaner - Removed 0 duplicate rows
14308 - 11-Feb-26 10:57:09 - ingestion.Cleaner - Converted column 'phase' to numeric
14308 - 11-Feb-26 10:57:09 - ingestion.Cleaner - Converted column 'value' to numeric
14308 - 11-Feb-26 10:57:09 - ingestion.Cleaner - Converted column 'lowci' to numeric
14308 - 11-Feb-26 10:57:09 - ingestion.Cleaner - Converted column 'highci' to numeric
14308 - 11-Feb-26 10:57:09 - ingestion.Cleaner - Converted 'time period' to nullable Int64
14308 - 11-Feb-26 10:57:09 - ingestion.Cleaner - Converted 'time period start date' to datetime
14308 - 11-Feb-26 10:57:09 - ingestion.Cleaner - Converted 'time period end date' to datetime
14308 - 11-Feb-26 10:57:09 - ingestion.Cleaner - Converted 'indicator' to string
14308 - 11-Feb-26 10:57:09 - ingestion.Cleaner - Converted 'group' to string
14308 - 11-Feb-26 10:57:09 - ingestion.Cleaner - Converted 'state' to string
14308 - 11-Feb-26 10:57:09 - ingestion.Cleaner - Converted 'subgroup' to string
14308 - 11-Feb-26 10:57:09 - ingestion.Cleaner - Converted 'time period label' to string
14308 - 11-Feb-26 10:57:09 - ingestion.Cleaner - Converted 'confidence interval' to string
14308 - 11-Feb-26 10:57:09 - ingestion.Cleaner - Converted 'quartile range' to string
14308 - 11-Feb-26 10:57:09 - ingestion.Cleaner - Converted column suppression flag to numeric
14308 - 11-Feb-26 10:57:09 - ingestion.Cleaner - Converted rejection reason to string
14308 - 11-Feb-26 10:57:09 - ingestion.Cleaner - Completed data cleaning.
14308 - 11-Feb-26 10:57:09 - DBlogger - Successfully connected to database
14308 - 11-Feb-26 10:57:09 - DBlogger - Succesfully inserted 9914 rows into database
14308 - 11-Feb-26 10:57:09 - DBlogger - Error occurred during data insertion: 1064 (42000): You have an error in your SQL syntax; check the manual that corresponds to your MySQL server version for the right syntax to use near '),('Took Prescription Medication for Mental Health, Last 4 Weeks', 'By Age', 'Un' at line 1
14308 - 11-Feb-26 10:57:09 - DBlogger - Successfully closed DB connection
28264 - 11-Feb-26 10:57:36 - main - Ingestion pipeline starting
28264 - 11-Feb-26 10:57:36 - ingestion.Reader - Attempting to read CSV at C:\Users\armin\OneDrive\Desktop\Developer\MHIngestion\data\Mental_Health_DB.csv
28264 - 11-Feb-26 10:57:36 - ingestion.Reader - Read 10404 rows from C:\Users\armin\OneDrive\Desktop\Developer\MHIngestion\data\Mental_Health_DB.csv
28264 - 11-Feb-26 10:57:36 - ingestion.Validator - Successfully validated 9914 rows
28264 - 11-Feb-26 10:57:36 - ingestion.Validator - Rejected 490 rows
28264 - 11-Feb-26 10:57:36 - ingestion.Cleaner - Starting data cleaning step
28264 - 11-Feb-26 10:57:36 - ingestion.Cleaner - Removed 0 duplicate rows
28264 - 11-Feb-26 10:57:36 - ingestion.Cleaner - Converted column 'phase' to numeric
28264 - 11-Feb-26 10:57:36 - ingestion.Cleaner - Converted column 'value' to numeric
28264 - 11-Feb-26 10:57:36 - ingestion.Cleaner - Converted column 'lowci' to numeric
28264 - 11-Feb-26 10:57:36 - ingestion.Cleaner - Converted column 'highci' to numeric
28264 - 11-Feb-26 10:57:36 - ingestion.Cleaner - Converted 'time period' to nullable Int64
28264 - 11-Feb-26 10:57:36 - ingestion.Cleaner - Converted 'time period start date' to datetime
28264 - 11-Feb-26 10:57:36 - ingestion.Cleaner - Converted 'time period end date' to datetime
28264 - 11-Feb-26 10:57:36 - ingestion.Cleaner - Converted 'indicator' to string
28264 - 11-Feb-26 10:57:36 - ingestion.Cleaner - Converted 'group' to string
28264 - 11-Feb-26 10:57:36 - ingestion.Cleaner - Converted 'state' to string
28264 - 11-Feb-26 10:57:36 - ingestion.Cleaner - Converted 'subgroup' to string
28264 - 11-Feb-26 10:57:36 - ingestion.Cleaner - Converted 'time period label' to string
28264 - 11-Feb-26 10:57:36 - ingestion.Cleaner - Converted 'confidence interval' to string
28264 - 11-Feb-26 10:57:36 - ingestion.Cleaner - Converted 'quartile range' to string
28264 - 11-Feb-26 10:57:36 - ingestion.Cleaner - Completed data cleaning.
28264 - 11-Feb-26 10:57:36 - ingestion.Cleaner - Starting data cleaning step
28264 - 11-Feb-26 10:57:36 - ingestion.Cleaner - Removed 0 duplicate rows
28264 - 11-Feb-26 10:57:36 - ingestion.Cleaner - Converted column 'phase' to numeric
28264 - 11-Feb-26 10:57:36 - ingestion.Cleaner - Converted column 'value' to numeric
28264 - 11-Feb-26 10:57:36 - ingestion.Cleaner - Converted column 'lowci' to numeric
28264 - 11-Feb-26 10:57:36 - ingestion.Cleaner - Converted column 'highci' to numeric
28264 - 11-Feb-26 10:57:36 - ingestion.Cleaner - Converted 'time period' to nullable Int64
28264 - 11-Feb-26 10:57:36 - ingestion.Cleaner - Converted 'time period start date' to datetime
28264 - 11-Feb-26 10:57:36 - ingestion.Cleaner - Converted 'time period end date' to datetime
28264 - 11-Feb-26 10:57:36 - ingestion.Cleaner - Converted 'indicator' to string
28264 - 11-Feb-26 10:57:36 - ingestion.Cleaner - Converted 'group' to string
28264 - 11-Feb-26 10:57:36 - ingestion.Cleaner - Converted 'state' to string
28264 - 11-Feb-26 10:57:36 - ingestion.Cleaner - Converted 'subgroup' to string
28264 - 11-Feb-26 10:57:36 - ingestion.Cleaner - Converted 'time period label' to string
28264 - 11-Feb-26 10:57:36 - ingestion.Cleaner - Converted 'confidence interval' to string
28264 - 11-Feb-26 10:57:36 - ingestion.Cleaner - Converted 'quartile range' to string
28264 - 11-Feb-26 10:57:36 - ingestion.Cleaner - Converted column suppression flag to numeric
28264 - 11-Feb-26 10:57:36 - ingestion.Cleaner - Converted rejection reason to string
28264 - 11-Feb-26 10:57:36 - ingestion.Cleaner - Completed data cleaning.
28264 - 11-Feb-26 10:57:36 - DBlogger - Successfully connected to database
28264 - 11-Feb-26 10:57:36 - DBlogger - Succesfully inserted 9914 rows into database
28264 - 11-Feb-26 10:57:36 - DBlogger - Succesfully inserted 490 rows into rejected database
28264 - 11-Feb-26 10:57:36 - DBlogger - Successfully closed DB connection
8232 - 11-Feb-26 10:59:09 - main - Ingestion pipeline starting
8232 - 11-Feb-26 10:59:09 - ingestion.Reader - Attempting to read CSV at C:\Users\armin\OneDrive\Desktop\Developer\MHIngestion\data\Mental_Health_DB.csv
8232 - 11-Feb-26 10:59:09 - ingestion.Reader - Read 10404 rows from C:\Users\armin\OneDrive\Desktop\Developer\MHIngestion\data\Mental_Health_DB.csv
8232 - 11-Feb-26 10:59:09 - ingestion.Validator - Successfully validated 9914 rows
8232 - 11-Feb-26 10:59:09 - ingestion.Validator - Rejected 490 rows
8232 - 11-Feb-26 10:59:09 - ingestion.Cleaner - Starting data cleaning step
8232 - 11-Feb-26 10:59:09 - ingestion.Cleaner - Removed 0 duplicate rows
8232 - 11-Feb-26 10:59:09 - ingestion.Cleaner - Converted column 'phase' to numeric
8232 - 11-Feb-26 10:59:09 - ingestion.Cleaner - Converted column 'value' to numeric
8232 - 11-Feb-26 10:59:09 - ingestion.Cleaner - Converted column 'lowci' to numeric
8232 - 11-Feb-26 10:59:09 - ingestion.Cleaner - Converted column 'highci' to numeric
8232 - 11-Feb-26 10:59:09 - ingestion.Cleaner - Converted 'time period' to nullable Int64
8232 - 11-Feb-26 10:59:09 - ingestion.Cleaner - Converted 'time period start date' to datetime
8232 - 11-Feb-26 10:59:09 - ingestion.Cleaner - Converted 'time period end date' to datetime
8232 - 11-Feb-26 10:59:09 - ingestion.Cleaner - Converted 'indicator' to string
8232 - 11-Feb-26 10:59:09 - ingestion.Cleaner - Converted 'group' to string
8232 - 11-Feb-26 10:59:09 - ingestion.Cleaner - Converted 'state' to string
8232 - 11-Feb-26 10:59:09 - ingestion.Cleaner - Converted 'subgroup' to string
8232 - 11-Feb-26 10:59:09 - ingestion.Cleaner - Converted 'time period label' to string
8232 - 11-Feb-26 10:59:09 - ingestion.Cleaner - Converted 'confidence interval' to string
8232 - 11-Feb-26 10:59:09 - ingestion.Cleaner - Converted 'quartile range' to string
8232 - 11-Feb-26 10:59:09 - ingestion.Cleaner - Completed data cleaning.
8232 - 11-Feb-26 10:59:09 - ingestion.Cleaner - Starting data cleaning step
8232 - 11-Feb-26 10:59:09 - ingestion.Cleaner - Removed 0 duplicate rows
8232 - 11-Feb-26 10:59:09 - ingestion.Cleaner - Converted column 'phase' to numeric
8232 - 11-Feb-26 10:59:09 - ingestion.Cleaner - Converted column 'value' to numeric
8232 - 11-Feb-26 10:59:09 - ingestion.Cleaner - Converted column 'lowci' to numeric
8232 - 11-Feb-26 10:59:09 - ingestion.Cleaner - Converted column 'highci' to numeric
8232 - 11-Feb-26 10:59:09 - ingestion.Cleaner - Converted 'time period' to nullable Int64
8232 - 11-Feb-26 10:59:09 - ingestion.Cleaner - Converted 'time period start date' to datetime
8232 - 11-Feb-26 10:59:09 - ingestion.Cleaner - Converted 'time period end date' to datetime
8232 - 11-Feb-26 10:59:09 - ingestion.Cleaner - Converted 'indicator' to string
8232 - 11-Feb-26 10:59:09 - ingestion.Cleaner - Converted 'group' to string
8232 - 11-Feb-26 10:59:09 - ingestion.Cleaner - Converted 'state' to string
8232 - 11-Feb-26 10:59:09 - ingestion.Cleaner - Converted 'subgroup' to string
8232 - 11-Feb-26 10:59:09 - ingestion.Cleaner - Converted 'time period label' to string
8232 - 11-Feb-26 10:59:09 - ingestion.Cleaner - Converted 'confidence interval' to string
8232 - 11-Feb-26 10:59:09 - ingestion.Cleaner - Converted 'quartile range' to string
8232 - 11-Feb-26 10:59:09 - ingestion.Cleaner - Converted column suppression flag to numeric
8232 - 11-Feb-26 10:59:09 - ingestion.Cleaner - Converted rejection reason to string
8232 - 11-Feb-26 10:59:09 - ingestion.Cleaner - Completed data cleaning.
8232 - 11-Feb-26 10:59:09 - DBlogger - Successfully connected to database
8232 - 11-Feb-26 10:59:10 - DBlogger - Succesfully inserted 9914 rows into database
8232 - 11-Feb-26 10:59:10 - DBlogger - Succesfully inserted 490 rows into rejected database
8232 - 11-Feb-26 10:59:10 - DBlogger - Successfully closed DB connection
15804 - 14-Feb-26 19:05:22 - main - Ingestion pipeline starting
15804 - 14-Feb-26 19:05:22 - ingestion.Reader - Attempting to read CSV at C:\Users\armin\OneDrive\Desktop\Developer\MHIngestion\data\Mental_Health_DB.csv
15804 - 14-Feb-26 19:05:22 - ingestion.Reader - Read 10404 rows from C:\Users\armin\OneDrive\Desktop\Developer\MHIngestion\data\Mental_Health_DB.csv
15804 - 14-Feb-26 19:05:22 - ingestion.Validator - Successfully validated 9914 rows
15804 - 14-Feb-26 19:05:22 - ingestion.Validator - Rejected 490 rows
15804 - 14-Feb-26 19:05:22 - ingestion.Cleaner - Starting data cleaning step
15804 - 14-Feb-26 19:05:22 - ingestion.Cleaner - Removed 0 duplicate rows
15804 - 14-Feb-26 19:05:22 - ingestion.Cleaner - Converted column 'phase' to numeric
15804 - 14-Feb-26 19:05:22 - ingestion.Cleaner - Converted column 'value' to numeric
15804 - 14-Feb-26 19:05:22 - ingestion.Cleaner - Converted column 'lowci' to numeric
15804 - 14-Feb-26 19:05:22 - ingestion.Cleaner - Converted column 'highci' to numeric
15804 - 14-Feb-26 19:05:22 - ingestion.Cleaner - Converted 'time period' to nullable Int64
15804 - 14-Feb-26 19:05:22 - ingestion.Cleaner - Converted 'time period start date' to datetime
15804 - 14-Feb-26 19:05:22 - ingestion.Cleaner - Converted 'time period end date' to datetime
15804 - 14-Feb-26 19:05:22 - ingestion.Cleaner - Converted 'indicator' to string
15804 - 14-Feb-26 19:05:22 - ingestion.Cleaner - Converted 'group' to string
15804 - 14-Feb-26 19:05:22 - ingestion.Cleaner - Converted 'state' to string
15804 - 14-Feb-26 19:05:22 - ingestion.Cleaner - Converted 'subgroup' to string
15804 - 14-Feb-26 19:05:22 - ingestion.Cleaner - Converted 'time period label' to string
15804 - 14-Feb-26 19:05:22 - ingestion.Cleaner - Converted 'confidence interval' to string
15804 - 14-Feb-26 19:05:22 - ingestion.Cleaner - Converted 'quartile range' to string
15804 - 14-Feb-26 19:05:22 - ingestion.Cleaner - Completed data cleaning.
15804 - 14-Feb-26 19:05:22 - ingestion.Cleaner - Starting data cleaning step
15804 - 14-Feb-26 19:05:22 - ingestion.Cleaner - Removed 0 duplicate rows
15804 - 14-Feb-26 19:05:22 - ingestion.Cleaner - Converted column 'phase' to numeric
15804 - 14-Feb-26 19:05:22 - ingestion.Cleaner - Converted column 'value' to numeric
15804 - 14-Feb-26 19:05:22 - ingestion.Cleaner - Converted column 'lowci' to numeric
15804 - 14-Feb-26 19:05:22 - ingestion.Cleaner - Converted column 'highci' to numeric
15804 - 14-Feb-26 19:05:22 - ingestion.Cleaner - Converted 'time period' to nullable Int64
15804 - 14-Feb-26 19:05:23 - ingestion.Cleaner - Converted 'time period start date' to datetime
15804 - 14-Feb-26 19:05:23 - ingestion.Cleaner - Converted 'time period end date' to datetime
15804 - 14-Feb-26 19:05:23 - ingestion.Cleaner - Converted 'indicator' to string
15804 - 14-Feb-26 19:05:23 - ingestion.Cleaner - Converted 'group' to string
15804 - 14-Feb-26 19:05:23 - ingestion.Cleaner - Converted 'state' to string
15804 - 14-Feb-26 19:05:23 - ingestion.Cleaner - Converted 'subgroup' to string
15804 - 14-Feb-26 19:05:23 - ingestion.Cleaner - Converted 'time period label' to string
15804 - 14-Feb-26 19:05:23 - ingestion.Cleaner - Converted 'confidence interval' to string
15804 - 14-Feb-26 19:05:23 - ingestion.Cleaner - Converted 'quartile range' to string
15804 - 14-Feb-26 19:05:23 - ingestion.Cleaner - Converted column suppression flag to numeric
15804 - 14-Feb-26 19:05:23 - ingestion.Cleaner - Converted rejection reason to string
15804 - 14-Feb-26 19:05:23 - ingestion.Cleaner - Completed data cleaning.
15804 - 14-Feb-26 19:05:23 - DBlogger - An error has occurred during connection: Missing SQL DB connection configuration. Did you forget to set this in `secrets.toml` or as kwargs to `st.connection`?
15804 - 14-Feb-26 19:05:23 - DBlogger - Error occurred during data insertion: 'NoneType' object has no attribute 'session'
15804 - 14-Feb-26 19:05:23 - DBlogger - Error occurred during data insertion: 'NoneType' object has no attribute 'session'
15804 - 14-Feb-26 19:05:23 - DBlogger - Error occurred when closing the connection: 'NoneType' object has no attribute 'close'
15020 - 14-Feb-26 19:06:15 - main - Ingestion pipeline starting
15020 - 14-Feb-26 19:06:15 - ingestion.Reader - Attempting to read CSV at C:\Users\armin\OneDrive\Desktop\Developer\MHIngestion\data\Mental_Health_DB.csv
15020 - 14-Feb-26 19:06:15 - ingestion.Reader - Read 10404 rows from C:\Users\armin\OneDrive\Desktop\Developer\MHIngestion\data\Mental_Health_DB.csv
15020 - 14-Feb-26 19:06:15 - ingestion.Validator - Successfully validated 9914 rows
15020 - 14-Feb-26 19:06:15 - ingestion.Validator - Rejected 490 rows
15020 - 14-Feb-26 19:06:15 - ingestion.Cleaner - Starting data cleaning step
15020 - 14-Feb-26 19:06:15 - ingestion.Cleaner - Removed 0 duplicate rows
15020 - 14-Feb-26 19:06:15 - ingestion.Cleaner - Converted column 'phase' to numeric
15020 - 14-Feb-26 19:06:15 - ingestion.Cleaner - Converted column 'value' to numeric
15020 - 14-Feb-26 19:06:15 - ingestion.Cleaner - Converted column 'lowci' to numeric
15020 - 14-Feb-26 19:06:15 - ingestion.Cleaner - Converted column 'highci' to numeric
15020 - 14-Feb-26 19:06:15 - ingestion.Cleaner - Converted 'time period' to nullable Int64
15020 - 14-Feb-26 19:06:15 - ingestion.Cleaner - Converted 'time period start date' to datetime
15020 - 14-Feb-26 19:06:15 - ingestion.Cleaner - Converted 'time period end date' to datetime
15020 - 14-Feb-26 19:06:15 - ingestion.Cleaner - Converted 'indicator' to string
15020 - 14-Feb-26 19:06:15 - ingestion.Cleaner - Converted 'group' to string
15020 - 14-Feb-26 19:06:15 - ingestion.Cleaner - Converted 'state' to string
15020 - 14-Feb-26 19:06:15 - ingestion.Cleaner - Converted 'subgroup' to string
15020 - 14-Feb-26 19:06:15 - ingestion.Cleaner - Converted 'time period label' to string
15020 - 14-Feb-26 19:06:15 - ingestion.Cleaner - Converted 'confidence interval' to string
15020 - 14-Feb-26 19:06:15 - ingestion.Cleaner - Converted 'quartile range' to string
15020 - 14-Feb-26 19:06:15 - ingestion.Cleaner - Completed data cleaning.
15020 - 14-Feb-26 19:06:15 - ingestion.Cleaner - Starting data cleaning step
15020 - 14-Feb-26 19:06:15 - ingestion.Cleaner - Removed 0 duplicate rows
15020 - 14-Feb-26 19:06:15 - ingestion.Cleaner - Converted column 'phase' to numeric
15020 - 14-Feb-26 19:06:15 - ingestion.Cleaner - Converted column 'value' to numeric
15020 - 14-Feb-26 19:06:15 - ingestion.Cleaner - Converted column 'lowci' to numeric
15020 - 14-Feb-26 19:06:15 - ingestion.Cleaner - Converted column 'highci' to numeric
15020 - 14-Feb-26 19:06:15 - ingestion.Cleaner - Converted 'time period' to nullable Int64
15020 - 14-Feb-26 19:06:15 - ingestion.Cleaner - Converted 'time period start date' to datetime
15020 - 14-Feb-26 19:06:15 - ingestion.Cleaner - Converted 'time period end date' to datetime
15020 - 14-Feb-26 19:06:15 - ingestion.Cleaner - Converted 'indicator' to string
15020 - 14-Feb-26 19:06:15 - ingestion.Cleaner - Converted 'group' to string
15020 - 14-Feb-26 19:06:15 - ingestion.Cleaner - Converted 'state' to string
15020 - 14-Feb-26 19:06:15 - ingestion.Cleaner - Converted 'subgroup' to string
15020 - 14-Feb-26 19:06:15 - ingestion.Cleaner - Converted 'time period label' to string
15020 - 14-Feb-26 19:06:15 - ingestion.Cleaner - Converted 'confidence interval' to string
15020 - 14-Feb-26 19:06:15 - ingestion.Cleaner - Converted 'quartile range' to string
15020 - 14-Feb-26 19:06:15 - ingestion.Cleaner - Converted column suppression flag to numeric
15020 - 14-Feb-26 19:06:15 - ingestion.Cleaner - Converted rejection reason to string
15020 - 14-Feb-26 19:06:15 - ingestion.Cleaner - Completed data cleaning.
15020 - 14-Feb-26 19:06:16 - DBlogger - An error has occurred during connection: Missing SQL DB connection configuration. Did you forget to set this in `secrets.toml` or as kwargs to `st.connection`?
15020 - 14-Feb-26 19:06:16 - DBlogger - Error occurred during data insertion: 'NoneType' object has no attribute 'session'
15020 - 14-Feb-26 19:06:16 - DBlogger - Error occurred during data insertion: 'NoneType' object has no attribute 'session'
15020 - 14-Feb-26 19:06:16 - DBlogger - Error occurred when closing the connection: 'NoneType' object has no attribute 'close'
9196 - 14-Feb-26 19:06:47 - main - Ingestion pipeline starting
9196 - 14-Feb-26 19:06:47 - ingestion.Reader - Attempting to read CSV at C:\Users\armin\OneDrive\Desktop\Developer\MHIngestion\data\Mental_Health_DB.csv
9196 - 14-Feb-26 19:06:47 - ingestion.Reader - Read 10404 rows from C:\Users\armin\OneDrive\Desktop\Developer\MHIngestion\data\Mental_Health_DB.csv
9196 - 14-Feb-26 19:06:47 - ingestion.Validator - Successfully validated 9914 rows
9196 - 14-Feb-26 19:06:47 - ingestion.Validator - Rejected 490 rows
9196 - 14-Feb-26 19:06:47 - ingestion.Cleaner - Starting data cleaning step
9196 - 14-Feb-26 19:06:47 - ingestion.Cleaner - Removed 0 duplicate rows
9196 - 14-Feb-26 19:06:47 - ingestion.Cleaner - Converted column 'phase' to numeric
9196 - 14-Feb-26 19:06:47 - ingestion.Cleaner - Converted column 'value' to numeric
9196 - 14-Feb-26 19:06:47 - ingestion.Cleaner - Converted column 'lowci' to numeric
9196 - 14-Feb-26 19:06:47 - ingestion.Cleaner - Converted column 'highci' to numeric
9196 - 14-Feb-26 19:06:47 - ingestion.Cleaner - Converted 'time period' to nullable Int64
9196 - 14-Feb-26 19:06:47 - ingestion.Cleaner - Converted 'time period start date' to datetime
9196 - 14-Feb-26 19:06:47 - ingestion.Cleaner - Converted 'time period end date' to datetime
9196 - 14-Feb-26 19:06:47 - ingestion.Cleaner - Converted 'indicator' to string
9196 - 14-Feb-26 19:06:47 - ingestion.Cleaner - Converted 'group' to string
9196 - 14-Feb-26 19:06:47 - ingestion.Cleaner - Converted 'state' to string
9196 - 14-Feb-26 19:06:47 - ingestion.Cleaner - Converted 'subgroup' to string
9196 - 14-Feb-26 19:06:47 - ingestion.Cleaner - Converted 'time period label' to string
9196 - 14-Feb-26 19:06:47 - ingestion.Cleaner - Converted 'confidence interval' to string
9196 - 14-Feb-26 19:06:47 - ingestion.Cleaner - Converted 'quartile range' to string
9196 - 14-Feb-26 19:06:47 - ingestion.Cleaner - Completed data cleaning.
9196 - 14-Feb-26 19:06:47 - ingestion.Cleaner - Starting data cleaning step
9196 - 14-Feb-26 19:06:47 - ingestion.Cleaner - Removed 0 duplicate rows
9196 - 14-Feb-26 19:06:47 - ingestion.Cleaner - Converted column 'phase' to numeric
9196 - 14-Feb-26 19:06:47 - ingestion.Cleaner - Converted column 'value' to numeric
9196 - 14-Feb-26 19:06:47 - ingestion.Cleaner - Converted column 'lowci' to numeric
9196 - 14-Feb-26 19:06:47 - ingestion.Cleaner - Converted column 'highci' to numeric
9196 - 14-Feb-26 19:06:47 - ingestion.Cleaner - Converted 'time period' to nullable Int64
9196 - 14-Feb-26 19:06:47 - ingestion.Cleaner - Converted 'time period start date' to datetime
9196 - 14-Feb-26 19:06:47 - ingestion.Cleaner - Converted 'time period end date' to datetime
9196 - 14-Feb-26 19:06:47 - ingestion.Cleaner - Converted 'indicator' to string
9196 - 14-Feb-26 19:06:47 - ingestion.Cleaner - Converted 'group' to string
9196 - 14-Feb-26 19:06:47 - ingestion.Cleaner - Converted 'state' to string
9196 - 14-Feb-26 19:06:47 - ingestion.Cleaner - Converted 'subgroup' to string
9196 - 14-Feb-26 19:06:47 - ingestion.Cleaner - Converted 'time period label' to string
9196 - 14-Feb-26 19:06:47 - ingestion.Cleaner - Converted 'confidence interval' to string
9196 - 14-Feb-26 19:06:47 - ingestion.Cleaner - Converted 'quartile range' to string
9196 - 14-Feb-26 19:06:47 - ingestion.Cleaner - Converted column suppression flag to numeric
9196 - 14-Feb-26 19:06:47 - ingestion.Cleaner - Converted rejection reason to string
9196 - 14-Feb-26 19:06:47 - ingestion.Cleaner - Completed data cleaning.
9196 - 14-Feb-26 19:06:47 - DBlogger - An error has occurred during connection: Missing SQL DB connection configuration. Did you forget to set this in `secrets.toml` or as kwargs to `st.connection`?
9196 - 14-Feb-26 19:06:48 - DBlogger - Error occurred during data insertion: 'NoneType' object has no attribute 'session'
9196 - 14-Feb-26 19:06:48 - DBlogger - Error occurred during data insertion: 'NoneType' object has no attribute 'session'
9196 - 14-Feb-26 19:06:48 - DBlogger - Error occurred when closing the connection: 'NoneType' object has no attribute 'close'
14284 - 14-Feb-26 19:09:24 - main - Ingestion pipeline starting
14284 - 14-Feb-26 19:09:24 - ingestion.Reader - Attempting to read CSV at C:\Users\armin\OneDrive\Desktop\Developer\MHIngestion\data\Mental_Health_DB.csv
14284 - 14-Feb-26 19:09:24 - ingestion.Reader - Read 10404 rows from C:\Users\armin\OneDrive\Desktop\Developer\MHIngestion\data\Mental_Health_DB.csv
14284 - 14-Feb-26 19:09:24 - ingestion.Validator - Successfully validated 9914 rows
14284 - 14-Feb-26 19:09:24 - ingestion.Validator - Rejected 490 rows
14284 - 14-Feb-26 19:09:24 - ingestion.Cleaner - Starting data cleaning step
14284 - 14-Feb-26 19:09:24 - ingestion.Cleaner - Removed 0 duplicate rows
14284 - 14-Feb-26 19:09:24 - ingestion.Cleaner - Converted column 'phase' to numeric
14284 - 14-Feb-26 19:09:24 - ingestion.Cleaner - Converted column 'value' to numeric
14284 - 14-Feb-26 19:09:24 - ingestion.Cleaner - Converted column 'lowci' to numeric
14284 - 14-Feb-26 19:09:24 - ingestion.Cleaner - Converted column 'highci' to numeric
14284 - 14-Feb-26 19:09:24 - ingestion.Cleaner - Converted 'time period' to nullable Int64
14284 - 14-Feb-26 19:09:24 - ingestion.Cleaner - Converted 'time period start date' to datetime
14284 - 14-Feb-26 19:09:24 - ingestion.Cleaner - Converted 'time period end date' to datetime
14284 - 14-Feb-26 19:09:24 - ingestion.Cleaner - Converted 'indicator' to string
14284 - 14-Feb-26 19:09:24 - ingestion.Cleaner - Converted 'group' to string
14284 - 14-Feb-26 19:09:24 - ingestion.Cleaner - Converted 'state' to string
14284 - 14-Feb-26 19:09:24 - ingestion.Cleaner - Converted 'subgroup' to string
14284 - 14-Feb-26 19:09:24 - ingestion.Cleaner - Converted 'time period label' to string
14284 - 14-Feb-26 19:09:24 - ingestion.Cleaner - Converted 'confidence interval' to string
14284 - 14-Feb-26 19:09:24 - ingestion.Cleaner - Converted 'quartile range' to string
14284 - 14-Feb-26 19:09:24 - ingestion.Cleaner - Completed data cleaning.
14284 - 14-Feb-26 19:09:24 - ingestion.Cleaner - Starting data cleaning step
14284 - 14-Feb-26 19:09:24 - ingestion.Cleaner - Removed 0 duplicate rows
14284 - 14-Feb-26 19:09:24 - ingestion.Cleaner - Converted column 'phase' to numeric
14284 - 14-Feb-26 19:09:24 - ingestion.Cleaner - Converted column 'value' to numeric
14284 - 14-Feb-26 19:09:24 - ingestion.Cleaner - Converted column 'lowci' to numeric
14284 - 14-Feb-26 19:09:24 - ingestion.Cleaner - Converted column 'highci' to numeric
14284 - 14-Feb-26 19:09:24 - ingestion.Cleaner - Converted 'time period' to nullable Int64
14284 - 14-Feb-26 19:09:24 - ingestion.Cleaner - Converted 'time period start date' to datetime
14284 - 14-Feb-26 19:09:24 - ingestion.Cleaner - Converted 'time period end date' to datetime
14284 - 14-Feb-26 19:09:24 - ingestion.Cleaner - Converted 'indicator' to string
14284 - 14-Feb-26 19:09:24 - ingestion.Cleaner - Converted 'group' to string
14284 - 14-Feb-26 19:09:24 - ingestion.Cleaner - Converted 'state' to string
14284 - 14-Feb-26 19:09:24 - ingestion.Cleaner - Converted 'subgroup' to string
14284 - 14-Feb-26 19:09:24 - ingestion.Cleaner - Converted 'time period label' to string
14284 - 14-Feb-26 19:09:24 - ingestion.Cleaner - Converted 'confidence interval' to string
14284 - 14-Feb-26 19:09:24 - ingestion.Cleaner - Converted 'quartile range' to string
14284 - 14-Feb-26 19:09:24 - ingestion.Cleaner - Converted column suppression flag to numeric
14284 - 14-Feb-26 19:09:24 - ingestion.Cleaner - Converted rejection reason to string
14284 - 14-Feb-26 19:09:24 - ingestion.Cleaner - Completed data cleaning.
14284 - 14-Feb-26 19:09:24 - DBlogger - An error has occurred during connection: Missing SQL DB connection configuration. Did you forget to set this in `secrets.toml` or as kwargs to `st.connection`?
14284 - 14-Feb-26 19:09:24 - DBlogger - Error occurred during data insertion: 'NoneType' object has no attribute 'session'
14284 - 14-Feb-26 19:09:24 - DBlogger - Error occurred during data insertion: 'NoneType' object has no attribute 'session'
14284 - 14-Feb-26 19:09:24 - DBlogger - Error occurred when closing the connection: 'NoneType' object has no attribute 'close'
21680 - 14-Feb-26 19:10:15 - main - Ingestion pipeline starting
21680 - 14-Feb-26 19:10:15 - ingestion.Reader - Attempting to read CSV at C:\Users\armin\OneDrive\Desktop\Developer\MHIngestion\data\Mental_Health_DB.csv
21680 - 14-Feb-26 19:10:15 - ingestion.Reader - Read 10404 rows from C:\Users\armin\OneDrive\Desktop\Developer\MHIngestion\data\Mental_Health_DB.csv
21680 - 14-Feb-26 19:10:15 - ingestion.Validator - Successfully validated 9914 rows
21680 - 14-Feb-26 19:10:15 - ingestion.Validator - Rejected 490 rows
21680 - 14-Feb-26 19:10:15 - ingestion.Cleaner - Starting data cleaning step
21680 - 14-Feb-26 19:10:15 - ingestion.Cleaner - Removed 0 duplicate rows
21680 - 14-Feb-26 19:10:15 - ingestion.Cleaner - Converted column 'phase' to numeric
21680 - 14-Feb-26 19:10:15 - ingestion.Cleaner - Converted column 'value' to numeric
21680 - 14-Feb-26 19:10:15 - ingestion.Cleaner - Converted column 'lowci' to numeric
21680 - 14-Feb-26 19:10:15 - ingestion.Cleaner - Converted column 'highci' to numeric
21680 - 14-Feb-26 19:10:15 - ingestion.Cleaner - Converted 'time period' to nullable Int64
21680 - 14-Feb-26 19:10:15 - ingestion.Cleaner - Converted 'time period start date' to datetime
21680 - 14-Feb-26 19:10:15 - ingestion.Cleaner - Converted 'time period end date' to datetime
21680 - 14-Feb-26 19:10:15 - ingestion.Cleaner - Converted 'indicator' to string
21680 - 14-Feb-26 19:10:15 - ingestion.Cleaner - Converted 'group' to string
21680 - 14-Feb-26 19:10:15 - ingestion.Cleaner - Converted 'state' to string
21680 - 14-Feb-26 19:10:15 - ingestion.Cleaner - Converted 'subgroup' to string
21680 - 14-Feb-26 19:10:15 - ingestion.Cleaner - Converted 'time period label' to string
21680 - 14-Feb-26 19:10:15 - ingestion.Cleaner - Converted 'confidence interval' to string
21680 - 14-Feb-26 19:10:15 - ingestion.Cleaner - Converted 'quartile range' to string
21680 - 14-Feb-26 19:10:15 - ingestion.Cleaner - Completed data cleaning.
21680 - 14-Feb-26 19:10:15 - ingestion.Cleaner - Starting data cleaning step
21680 - 14-Feb-26 19:10:15 - ingestion.Cleaner - Removed 0 duplicate rows
21680 - 14-Feb-26 19:10:15 - ingestion.Cleaner - Converted column 'phase' to numeric
21680 - 14-Feb-26 19:10:15 - ingestion.Cleaner - Converted column 'value' to numeric
21680 - 14-Feb-26 19:10:15 - ingestion.Cleaner - Converted column 'lowci' to numeric
21680 - 14-Feb-26 19:10:15 - ingestion.Cleaner - Converted column 'highci' to numeric
21680 - 14-Feb-26 19:10:15 - ingestion.Cleaner - Converted 'time period' to nullable Int64
21680 - 14-Feb-26 19:10:15 - ingestion.Cleaner - Converted 'time period start date' to datetime
21680 - 14-Feb-26 19:10:15 - ingestion.Cleaner - Converted 'time period end date' to datetime
21680 - 14-Feb-26 19:10:15 - ingestion.Cleaner - Converted 'indicator' to string
21680 - 14-Feb-26 19:10:15 - ingestion.Cleaner - Converted 'group' to string
21680 - 14-Feb-26 19:10:15 - ingestion.Cleaner - Converted 'state' to string
21680 - 14-Feb-26 19:10:15 - ingestion.Cleaner - Converted 'subgroup' to string
21680 - 14-Feb-26 19:10:15 - ingestion.Cleaner - Converted 'time period label' to string
21680 - 14-Feb-26 19:10:15 - ingestion.Cleaner - Converted 'confidence interval' to string
21680 - 14-Feb-26 19:10:15 - ingestion.Cleaner - Converted 'quartile range' to string
21680 - 14-Feb-26 19:10:15 - ingestion.Cleaner - Converted column suppression flag to numeric
21680 - 14-Feb-26 19:10:15 - ingestion.Cleaner - Converted rejection reason to string
21680 - 14-Feb-26 19:10:15 - ingestion.Cleaner - Completed data cleaning.
21680 - 14-Feb-26 19:10:16 - DBlogger - An error has occurred during connection: No module named 'MySQLdb'. You need to install the 'mysqlclient' package to use this connection.
21680 - 14-Feb-26 19:10:16 - DBlogger - Error occurred during data insertion: 'NoneType' object has no attribute 'session'
21680 - 14-Feb-26 19:10:16 - DBlogger - Error occurred during data insertion: 'NoneType' object has no attribute 'session'
21680 - 14-Feb-26 19:10:16 - DBlogger - Error occurred when closing the connection: 'NoneType' object has no attribute 'close'
11984 - 14-Feb-26 19:13:05 - main - Ingestion pipeline starting
11984 - 14-Feb-26 19:13:05 - ingestion.Reader - Attempting to read CSV at C:\Users\armin\OneDrive\Desktop\Developer\MHIngestion\data\Mental_Health_DB.csv
11984 - 14-Feb-26 19:13:05 - ingestion.Reader - Read 10404 rows from C:\Users\armin\OneDrive\Desktop\Developer\MHIngestion\data\Mental_Health_DB.csv
11984 - 14-Feb-26 19:13:05 - ingestion.Validator - Successfully validated 9914 rows
11984 - 14-Feb-26 19:13:05 - ingestion.Validator - Rejected 490 rows
11984 - 14-Feb-26 19:13:05 - ingestion.Cleaner - Starting data cleaning step
11984 - 14-Feb-26 19:13:05 - ingestion.Cleaner - Removed 0 duplicate rows
11984 - 14-Feb-26 19:13:05 - ingestion.Cleaner - Converted column 'phase' to numeric
11984 - 14-Feb-26 19:13:05 - ingestion.Cleaner - Converted column 'value' to numeric
11984 - 14-Feb-26 19:13:05 - ingestion.Cleaner - Converted column 'lowci' to numeric
11984 - 14-Feb-26 19:13:05 - ingestion.Cleaner - Converted column 'highci' to numeric
11984 - 14-Feb-26 19:13:05 - ingestion.Cleaner - Converted 'time period' to nullable Int64
11984 - 14-Feb-26 19:13:05 - ingestion.Cleaner - Converted 'time period start date' to datetime
11984 - 14-Feb-26 19:13:05 - ingestion.Cleaner - Converted 'time period end date' to datetime
11984 - 14-Feb-26 19:13:05 - ingestion.Cleaner - Converted 'indicator' to string
11984 - 14-Feb-26 19:13:05 - ingestion.Cleaner - Converted 'group' to string
11984 - 14-Feb-26 19:13:05 - ingestion.Cleaner - Converted 'state' to string
11984 - 14-Feb-26 19:13:05 - ingestion.Cleaner - Converted 'subgroup' to string
11984 - 14-Feb-26 19:13:05 - ingestion.Cleaner - Converted 'time period label' to string
11984 - 14-Feb-26 19:13:05 - ingestion.Cleaner - Converted 'confidence interval' to string
11984 - 14-Feb-26 19:13:05 - ingestion.Cleaner - Converted 'quartile range' to string
11984 - 14-Feb-26 19:13:05 - ingestion.Cleaner - Completed data cleaning.
11984 - 14-Feb-26 19:13:05 - ingestion.Cleaner - Starting data cleaning step
11984 - 14-Feb-26 19:13:05 - ingestion.Cleaner - Removed 0 duplicate rows
11984 - 14-Feb-26 19:13:05 - ingestion.Cleaner - Converted column 'phase' to numeric
11984 - 14-Feb-26 19:13:05 - ingestion.Cleaner - Converted column 'value' to numeric
11984 - 14-Feb-26 19:13:05 - ingestion.Cleaner - Converted column 'lowci' to numeric
11984 - 14-Feb-26 19:13:05 - ingestion.Cleaner - Converted column 'highci' to numeric
11984 - 14-Feb-26 19:13:05 - ingestion.Cleaner - Converted 'time period' to nullable Int64
11984 - 14-Feb-26 19:13:05 - ingestion.Cleaner - Converted 'time period start date' to datetime
11984 - 14-Feb-26 19:13:05 - ingestion.Cleaner - Converted 'time period end date' to datetime
11984 - 14-Feb-26 19:13:05 - ingestion.Cleaner - Converted 'indicator' to string
11984 - 14-Feb-26 19:13:05 - ingestion.Cleaner - Converted 'group' to string
11984 - 14-Feb-26 19:13:05 - ingestion.Cleaner - Converted 'state' to string
11984 - 14-Feb-26 19:13:05 - ingestion.Cleaner - Converted 'subgroup' to string
11984 - 14-Feb-26 19:13:05 - ingestion.Cleaner - Converted 'time period label' to string
11984 - 14-Feb-26 19:13:05 - ingestion.Cleaner - Converted 'confidence interval' to string
11984 - 14-Feb-26 19:13:05 - ingestion.Cleaner - Converted 'quartile range' to string
11984 - 14-Feb-26 19:13:05 - ingestion.Cleaner - Converted column suppression flag to numeric
11984 - 14-Feb-26 19:13:05 - ingestion.Cleaner - Converted rejection reason to string
11984 - 14-Feb-26 19:13:05 - ingestion.Cleaner - Completed data cleaning.
11984 - 14-Feb-26 19:13:06 - DBlogger - An error has occurred during connection: Textual SQL expression 'DROP TABLE IF EXISTS ment...' should be explicitly declared as text('DROP TABLE IF EXISTS ment...')
11984 - 14-Feb-26 19:13:06 - DBlogger - Error occurred during data insertion: Textual SQL expression 'INSERT INTO mental_health...' should be explicitly declared as text('INSERT INTO mental_health...')
11984 - 14-Feb-26 19:13:06 - DBlogger - Error occurred during data insertion: Textual SQL expression 'INSERT INTO mental_health...' should be explicitly declared as text('INSERT INTO mental_health...')
11984 - 14-Feb-26 19:13:06 - DBlogger - Successfully closed DB connection
6108 - 14-Feb-26 19:16:33 - main - Ingestion pipeline starting
6108 - 14-Feb-26 19:16:33 - ingestion.Reader - Attempting to read CSV at C:\Users\armin\OneDrive\Desktop\Developer\MHIngestion\data\Mental_Health_DB.csv
6108 - 14-Feb-26 19:16:33 - ingestion.Reader - Read 10404 rows from C:\Users\armin\OneDrive\Desktop\Developer\MHIngestion\data\Mental_Health_DB.csv
6108 - 14-Feb-26 19:16:33 - ingestion.Validator - Successfully validated 9914 rows
6108 - 14-Feb-26 19:16:33 - ingestion.Validator - Rejected 490 rows
6108 - 14-Feb-26 19:16:33 - ingestion.Cleaner - Starting data cleaning step
6108 - 14-Feb-26 19:16:33 - ingestion.Cleaner - Removed 0 duplicate rows
6108 - 14-Feb-26 19:16:33 - ingestion.Cleaner - Converted column 'phase' to numeric
6108 - 14-Feb-26 19:16:33 - ingestion.Cleaner - Converted column 'value' to numeric
6108 - 14-Feb-26 19:16:33 - ingestion.Cleaner - Converted column 'lowci' to numeric
6108 - 14-Feb-26 19:16:33 - ingestion.Cleaner - Converted column 'highci' to numeric
6108 - 14-Feb-26 19:16:33 - ingestion.Cleaner - Converted 'time period' to nullable Int64
6108 - 14-Feb-26 19:16:33 - ingestion.Cleaner - Converted 'time period start date' to datetime
6108 - 14-Feb-26 19:16:33 - ingestion.Cleaner - Converted 'time period end date' to datetime
6108 - 14-Feb-26 19:16:33 - ingestion.Cleaner - Converted 'indicator' to string
6108 - 14-Feb-26 19:16:33 - ingestion.Cleaner - Converted 'group' to string
6108 - 14-Feb-26 19:16:33 - ingestion.Cleaner - Converted 'state' to string
6108 - 14-Feb-26 19:16:33 - ingestion.Cleaner - Converted 'subgroup' to string
6108 - 14-Feb-26 19:16:33 - ingestion.Cleaner - Converted 'time period label' to string
6108 - 14-Feb-26 19:16:33 - ingestion.Cleaner - Converted 'confidence interval' to string
6108 - 14-Feb-26 19:16:33 - ingestion.Cleaner - Converted 'quartile range' to string
6108 - 14-Feb-26 19:16:33 - ingestion.Cleaner - Completed data cleaning.
6108 - 14-Feb-26 19:16:33 - ingestion.Cleaner - Starting data cleaning step
6108 - 14-Feb-26 19:16:33 - ingestion.Cleaner - Removed 0 duplicate rows
6108 - 14-Feb-26 19:16:33 - ingestion.Cleaner - Converted column 'phase' to numeric
6108 - 14-Feb-26 19:16:33 - ingestion.Cleaner - Converted column 'value' to numeric
6108 - 14-Feb-26 19:16:33 - ingestion.Cleaner - Converted column 'lowci' to numeric
6108 - 14-Feb-26 19:16:33 - ingestion.Cleaner - Converted column 'highci' to numeric
6108 - 14-Feb-26 19:16:33 - ingestion.Cleaner - Converted 'time period' to nullable Int64
6108 - 14-Feb-26 19:16:33 - ingestion.Cleaner - Converted 'time period start date' to datetime
6108 - 14-Feb-26 19:16:33 - ingestion.Cleaner - Converted 'time period end date' to datetime
6108 - 14-Feb-26 19:16:33 - ingestion.Cleaner - Converted 'indicator' to string
6108 - 14-Feb-26 19:16:33 - ingestion.Cleaner - Converted 'group' to string
6108 - 14-Feb-26 19:16:33 - ingestion.Cleaner - Converted 'state' to string
6108 - 14-Feb-26 19:16:33 - ingestion.Cleaner - Converted 'subgroup' to string
6108 - 14-Feb-26 19:16:33 - ingestion.Cleaner - Converted 'time period label' to string
6108 - 14-Feb-26 19:16:33 - ingestion.Cleaner - Converted 'confidence interval' to string
6108 - 14-Feb-26 19:16:33 - ingestion.Cleaner - Converted 'quartile range' to string
6108 - 14-Feb-26 19:16:33 - ingestion.Cleaner - Converted column suppression flag to numeric
6108 - 14-Feb-26 19:16:33 - ingestion.Cleaner - Converted rejection reason to string
6108 - 14-Feb-26 19:16:33 - ingestion.Cleaner - Completed data cleaning.
6108 - 14-Feb-26 19:16:34 - DBlogger - Successfully connected to database
6108 - 14-Feb-26 19:16:34 - DBlogger - Error occurred during data insertion: (sqlalchemy.exc.InvalidRequestError) A value is required for bind parameter 'category'
[SQL: INSERT INTO mental_health (indicator, category, state,                                subcategory, phase, time_period, time_period_label, time_period_start_date,                                time_period_end_date, value, lowci, highci, confidence_interval, quartile_range) VALUES (%(indicator)s, %(category)s, %(state)s,                                %(subcategory)s, %(phase)s, %(time_period)s, %(time_period_label)s, %(time_period_start_date)s,                                %(time_period_end_date)s, %(value)s, %(lowci)s, %(highci)s, %(confidence_interval)s, %(quartile_range)s)]
[parameters: [{'indicator': 'Received Counseling or Therapy, Last 4 Weeks', 'group': 'By Sex', 'state': 'United States', 'subgroup': 'Male', 'phase': 2.0, 'time per ... (126 characters truncated) ... od end date': Timestamp('2020-09-28 00:00:00'), 'value': 6.9, 'lowci': 6.5, 'highci': 7.3, 'confidence interval': '6.5 - 7.3', 'quartile range': None}, {'indicator': 'Received Counseling or Therapy, Last 4 Weeks', 'group': 'By Sex', 'state': 'United States', 'subgroup': 'Female', 'phase': 2.0, 'time p ... (133 characters truncated) ... d date': Timestamp('2020-09-28 00:00:00'), 'value': 11.0, 'lowci': 10.4, 'highci': 11.6, 'confidence interval': '10.4 - 11.6', 'quartile range': None}, {'indicator': 'Took Prescription Medication for Mental Health, Last 4 Weeks', 'group': 'National Estimate', 'state': 'United States', 'subgroup': 'Uni ... (167 characters truncated) ... d date': Timestamp('2020-08-31 00:00:00'), 'value': 19.4, 'lowci': 19.0, 'highci': 19.8, 'confidence interval': '19.0 - 19.8', 'quartile range': None}, {'indicator': 'Took Prescription Medication for Mental Health, Last 4 Weeks', 'group': 'By Age', 'state': 'United States', 'subgroup': '18 - 29 years' ... (156 characters truncated) ... d date': Timestamp('2020-08-31 00:00:00'), 'value': 18.7, 'lowci': 17.2, 'highci': 20.3, 'confidence interval': '17.2 - 20.3', 'quartile range': None}, {'indicator': 'Took Prescription Medication for Mental Health, Last 4 Weeks', 'group': 'By Age', 'state': 'United States', 'subgroup': '30 - 39 years' ... (156 characters truncated) ... d date': Timestamp('2020-08-31 00:00:00'), 'value': 18.3, 'lowci': 17.3, 'highci': 19.2, 'confidence interval': '17.3 - 19.2', 'quartile range': None}, {'indicator': 'Took Prescription Medication for Mental Health, Last 4 Weeks', 'group': 'By Age', 'state': 'United States', 'subgroup': '40 - 49 years' ... (156 characters truncated) ... d date': Timestamp('2020-08-31 00:00:00'), 'value': 20.4, 'lowci': 19.5, 'highci': 21.3, 'confidence interval': '19.5 - 21.3', 'quartile range': None}, {'indicator': 'Took Prescription Medication for Mental Health, Last 4 Weeks', 'group': 'By Age', 'state': 'United States', 'subgroup': '50 - 59 years' ... (156 characters truncated) ... d date': Timestamp('2020-08-31 00:00:00'), 'value': 21.2, 'lowci': 20.2, 'highci': 22.2, 'confidence interval': '20.2 - 22.2', 'quartile range': None}, {'indicator': 'Took Prescription Medication for Mental Health, Last 4 Weeks', 'group': 'By Age', 'state': 'United States', 'subgroup': '60 - 69 years' ... (156 characters truncated) ... d date': Timestamp('2020-08-31 00:00:00'), 'value': 19.7, 'lowci': 18.7, 'highci': 20.7, 'confidence interval': '18.7 - 20.7', 'quartile range': None}, {'indicator': 'Took Prescription Medication for Mental Health, Last 4 Weeks', 'group': 'By Age', 'state': 'United States', 'subgroup': '70 - 79 years' ... (156 characters truncated) ... d date': Timestamp('2020-08-31 00:00:00'), 'value': 18.4, 'lowci': 17.0, 'highci': 19.9, 'confidence interval': '17.0 - 19.9', 'quartile range': None}, {'indicator': 'Took Prescription Medication for Mental Health, Last 4 Weeks', 'group': 'By Age', 'state': 'United States', 'subgroup': '80 years and a ... (161 characters truncated) ... d date': Timestamp('2020-08-31 00:00:00'), 'value': 13.8, 'lowci': 11.0, 'highci': 17.0, 'confidence interval': '11.0 - 17.0', 'quartile range': None}, {'indicator': 'Took Prescription Medication for Mental Health, Last 4 Weeks', 'group': 'By Sex', 'state': 'United States', 'subgroup': 'Male', 'phase' ... (147 characters truncated) ... d date': Timestamp('2020-08-31 00:00:00'), 'value': 13.7, 'lowci': 13.0, 'highci': 14.3, 'confidence interval': '13.0 - 14.3', 'quartile range': None}, {'indicator': 'Took Prescription Medication for Mental Health, Last 4 Weeks', 'group': 'By Sex', 'state': 'United States', 'subgroup': 'Female', 'phas ... (149 characters truncated) ... d date': Timestamp('2020-08-31 00:00:00'), 'value': 24.6, 'lowci': 24.0, 'highci': 25.2, 'confidence interval': '24.0 - 25.2', 'quartile range': None}, {'indicator': 'Took Prescription Medication for Mental Health, Last 4 Weeks', 'group': 'By Presence of Symptoms of Anxiety/Depression', 'state': 'Unit ... (251 characters truncated) ... d date': Timestamp('2020-08-31 00:00:00'), 'value': 11.6, 'lowci': 11.2, 'highci': 12.1, 'confidence interval': '11.2 - 12.1', 'quartile range': None}, {'indicator': 'Took Prescription Medication for Mental Health, Last 4 Weeks', 'group': 'By Presence of Symptoms of Anxiety/Depression', 'state': 'Unit ... (240 characters truncated) ... d date': Timestamp('2020-08-31 00:00:00'), 'value': 33.0, 'lowci': 32.1, 'highci': 33.9, 'confidence interval': '32.1 - 33.9', 'quartile range': None}, {'indicator': 'Took Prescription Medication for Mental Health, Last 4 Weeks', 'group': 'By Race/Hispanic ethnicity', 'state': 'United States', 'subgro ... (181 characters truncated) ... d date': Timestamp('2020-08-31 00:00:00'), 'value': 13.8, 'lowci': 12.6, 'highci': 15.0, 'confidence interval': '12.6 - 15.0', 'quartile range': None}, {'indicator': 'Took Prescription Medication for Mental Health, Last 4 Weeks', 'group': 'By Race/Hispanic ethnicity', 'state': 'United States', 'subgro ... (194 characters truncated) ... d date': Timestamp('2020-08-31 00:00:00'), 'value': 22.5, 'lowci': 22.1, 'highci': 23.0, 'confidence interval': '22.1 - 23.0', 'quartile range': None}, {'indicator': 'Took Prescription Medication for Mental Health, Last 4 Weeks', 'group': 'By Race/Hispanic ethnicity', 'state': 'United States', 'subgro ... (194 characters truncated) ... d date': Timestamp('2020-08-31 00:00:00'), 'value': 12.6, 'lowci': 11.4, 'highci': 13.9, 'confidence interval': '11.4 - 13.9', 'quartile range': None}, {'indicator': 'Took Prescription Medication for Mental Health, Last 4 Weeks', 'group': 'By Race/Hispanic ethnicity', 'state': 'United States', 'subgro ... (189 characters truncated) ... od end date': Timestamp('2020-08-31 00:00:00'), 'value': 8.1, 'lowci': 6.9, 'highci': 9.4, 'confidence interval': '6.9 - 9.4', 'quartile range': None}, {'indicator': 'Took Prescription Medication for Mental Health, Last 4 Weeks', 'group': 'By Race/Hispanic ethnicity', 'state': 'United States', 'subgro ... (207 characters truncated) ... d date': Timestamp('2020-08-31 00:00:00'), 'value': 22.1, 'lowci': 19.3, 'highci': 25.2, 'confidence interval': '19.3 - 25.2', 'quartile range': None}, {'indicator': 'Took Prescription Medication for Mental Health, Last 4 Weeks', 'group': 'By Education', 'state': 'United States', 'subgroup': 'Less tha ... (180 characters truncated) ... d date': Timestamp('2020-08-31 00:00:00'), 'value': 17.4, 'lowci': 14.9, 'highci': 20.1, 'confidence interval': '14.9 - 20.1', 'quartile range': None}, {'indicator': 'Took Prescription Medication for Mental Health, Last 4 Weeks', 'group': 'By Education', 'state': 'United States', 'subgroup': 'High sch ... (175 characters truncated) ... d date': Timestamp('2020-08-31 00:00:00'), 'value': 18.1, 'lowci': 17.2, 'highci': 19.1, 'confidence interval': '17.2 - 19.1', 'quartile range': None}, {'indicator': 'Took Prescription Medication for Mental Health, Last 4 Weeks', 'group': 'By Education', 'state': 'United States', 'subgroup': "Some col ... (180 characters truncated) ... d date': Timestamp('2020-08-31 00:00:00'), 'value': 21.0, 'lowci': 20.2, 'highci': 21.8, 'confidence interval': '20.2 - 21.8', 'quartile range': None}, {'indicator': 'Took Prescription Medication for Mental Health, Last 4 Weeks', 'group': 'By Education', 'state': 'United States', 'subgroup': "Bachelor ... (176 characters truncated) ... d date': Timestamp('2020-08-31 00:00:00'), 'value': 19.4, 'lowci': 19.0, 'highci': 19.9, 'confidence interval': '19.0 - 19.9', 'quartile range': None}, {'indicator': 'Took Prescription Medication for Mental Health, Last 4 Weeks', 'group': 'By State', 'state': 'Alabama', 'subgroup': 'Alabama', 'phase': ... (153 characters truncated) ... : Timestamp('2020-08-31 00:00:00'), 'value': 22.3, 'lowci': 19.6, 'highci': 25.1, 'confidence interval': '19.6 - 25.1', 'quartile range': '20.6-22.5'}, {'indicator': 'Took Prescription Medication for Mental Health, Last 4 Weeks', 'group': 'By State', 'state': 'Alaska', 'subgroup': 'Alaska', 'phase': 2 ... (151 characters truncated) ... : Timestamp('2020-08-31 00:00:00'), 'value': 16.7, 'lowci': 14.2, 'highci': 19.5, 'confidence interval': '14.2 - 19.5', 'quartile range': '12.2-18.4'}, {'indicator': 'Took Prescription Medication for Mental Health, Last 4 Weeks', 'group': 'By State', 'state': 'Arizona', 'subgroup': 'Arizona', 'phase': ... (153 characters truncated) ... : Timestamp('2020-08-31 00:00:00'), 'value': 18.3, 'lowci': 16.1, 'highci': 20.7, 'confidence interval': '16.1 - 20.7', 'quartile range': '12.2-18.4'}, {'indicator': 'Took Prescription Medication for Mental Health, Last 4 Weeks', 'group': 'By State', 'state': 'Arkansas', 'subgroup': 'Arkansas', 'phase ... (155 characters truncated) ... : Timestamp('2020-08-31 00:00:00'), 'value': 24.1, 'lowci': 20.8, 'highci': 27.7, 'confidence interval': '20.8 - 27.7', 'quartile range': '22.6-26.8'}, {'indicator': 'Took Prescription Medication for Mental Health, Last 4 Weeks', 'group': 'By State', 'state': 'California', 'subgroup': 'California', 'p ... (159 characters truncated) ... : Timestamp('2020-08-31 00:00:00'), 'value': 15.8, 'lowci': 14.4, 'highci': 17.4, 'confidence interval': '14.4 - 17.4', 'quartile range': '12.2-18.4'}, {'indicator': 'Took Prescription Medication for Mental Health, Last 4 Weeks', 'group': 'By State', 'state': 'Colorado', 'subgroup': 'Colorado', 'phase ... (155 characters truncated) ... : Timestamp('2020-08-31 00:00:00'), 'value': 17.0, 'lowci': 15.1, 'highci': 19.1, 'confidence interval': '15.1 - 19.1', 'quartile range': '12.2-18.4'}, {'indicator': 'Took Prescription Medication for Mental Health, Last 4 Weeks', 'group': 'By State', 'state': 'Connecticut', 'subgroup': 'Connecticut',  ... (161 characters truncated) ... : Timestamp('2020-08-31 00:00:00'), 'value': 18.8, 'lowci': 15.7, 'highci': 22.3, 'confidence interval': '15.7 - 22.3', 'quartile range': '18.5-20.5'}, {'indicator': 'Took Prescription Medication for Mental Health, Last 4 Weeks', 'group': 'By State', 'state': 'Delaware', 'subgroup': 'Delaware', 'phase ... (155 characters truncated) ... : Timestamp('2020-08-31 00:00:00'), 'value': 19.8, 'lowci': 16.4, 'highci': 23.6, 'confidence interval': '16.4 - 23.6', 'quartile range': '18.5-20.5'}, {'indicator': 'Took Prescription Medication for Mental Health, Last 4 Weeks', 'group': 'By State', 'state': 'District of Columbia', 'subgroup': 'Distr ... (179 characters truncated) ... : Timestamp('2020-08-31 00:00:00'), 'value': 18.0, 'lowci': 13.8, 'highci': 22.8, 'confidence interval': '13.8 - 22.8', 'quartile range': '12.2-18.4'}, {'indicator': 'Took Prescription Medication for Mental Health, Last 4 Weeks', 'group': 'By State', 'state': 'Florida', 'subgroup': 'Florida', 'phase': ... (153 characters truncated) ... : Timestamp('2020-08-31 00:00:00'), 'value': 19.0, 'lowci': 16.4, 'highci': 21.7, 'confidence interval': '16.4 - 21.7', 'quartile range': '18.5-20.5'}, {'indicator': 'Took Prescription Medication for Mental Health, Last 4 Weeks', 'group': 'By State', 'state': 'Georgia', 'subgroup': 'Georgia', 'phase': ... (153 characters truncated) ... : Timestamp('2020-08-31 00:00:00'), 'value': 21.1, 'lowci': 18.5, 'highci': 23.9, 'confidence interval': '18.5 - 23.9', 'quartile range': '20.6-22.5'}, {'indicator': 'Took Prescription Medication for Mental Health, Last 4 Weeks', 'group': 'By State', 'state': 'Hawaii', 'subgroup': 'Hawaii', 'phase': 2 ... (149 characters truncated) ... e': Timestamp('2020-08-31 00:00:00'), 'value': 12.2, 'lowci': 9.8, 'highci': 15.0, 'confidence interval': '9.8 - 15.0', 'quartile range': '12.2-18.4'}, {'indicator': 'Took Prescription Medication for Mental Health, Last 4 Weeks', 'group': 'By State', 'state': 'Idaho', 'subgroup': 'Idaho', 'phase': 2.0 ... (149 characters truncated) ... : Timestamp('2020-08-31 00:00:00'), 'value': 22.5, 'lowci': 19.8, 'highci': 25.4, 'confidence interval': '19.8 - 25.4', 'quartile range': '20.6-22.5'}, {'indicator': 'Took Prescription Medication for Mental Health, Last 4 Weeks', 'group': 'By State', 'state': 'Illinois', 'subgroup': 'Illinois', 'phase ... (155 characters truncated) ... : Timestamp('2020-08-31 00:00:00'), 'value': 17.2, 'lowci': 14.9, 'highci': 19.6, 'confidence interval': '14.9 - 19.6', 'quartile range': '12.2-18.4'}, {'indicator': 'Took Prescription Medication for Mental Health, Last 4 Weeks', 'group': 'By State', 'state': 'Indiana', 'subgroup': 'Indiana', 'phase': ... (153 characters truncated) ... : Timestamp('2020-08-31 00:00:00'), 'value': 23.5, 'lowci': 20.7, 'highci': 26.4, 'confidence interval': '20.7 - 26.4', 'quartile range': '22.6-26.8'}, {'indicator': 'Took Prescription Medication for Mental Health, Last 4 Weeks', 'group': 'By State', 'state': 'Iowa', 'subgroup': 'Iowa', 'phase': 2.0,  ... (147 characters truncated) ... : Timestamp('2020-08-31 00:00:00'), 'value': 23.1, 'lowci': 19.9, 'highci': 26.5, 'confidence interval': '19.9 - 26.5', 'quartile range': '22.6-26.8'}, {'indicator': 'Took Prescription Medication for Mental Health, Last 4 Weeks', 'group': 'By State', 'state': 'Kansas', 'subgroup': 'Kansas', 'phase': 2 ... (151 characters truncated) ... : Timestamp('2020-08-31 00:00:00'), 'value': 21.2, 'lowci': 17.9, 'highci': 24.7, 'confidence interval': '17.9 - 24.7', 'quartile range': '20.6-22.5'}, {'indicator': 'Took Prescription Medication for Mental Health, Last 4 Weeks', 'group': 'By State', 'state': 'Kentucky', 'subgroup': 'Kentucky', 'phase ... (155 characters truncated) ... : Timestamp('2020-08-31 00:00:00'), 'value': 26.8, 'lowci': 23.0, 'highci': 30.9, 'confidence interval': '23.0 - 30.9', 'quartile range': '22.6-26.8'}, {'indicator': 'Took Prescription Medication for Mental Health, Last 4 Weeks', 'group': 'By State', 'state': 'Louisiana', 'subgroup': 'Louisiana', 'pha ... (157 characters truncated) ... : Timestamp('2020-08-31 00:00:00'), 'value': 23.6, 'lowci': 20.6, 'highci': 26.9, 'confidence interval': '20.6 - 26.9', 'quartile range': '22.6-26.8'}, {'indicator': 'Took Prescription Medication for Mental Health, Last 4 Weeks', 'group': 'By State', 'state': 'Maine', 'subgroup': 'Maine', 'phase': 2.0 ... (149 characters truncated) ... : Timestamp('2020-08-31 00:00:00'), 'value': 23.1, 'lowci': 19.4, 'highci': 27.1, 'confidence interval': '19.4 - 27.1', 'quartile range': '22.6-26.8'}, {'indicator': 'Took Prescription Medication for Mental Health, Last 4 Weeks', 'group': 'By State', 'state': 'Maryland', 'subgroup': 'Maryland', 'phase ... (155 characters truncated) ... : Timestamp('2020-08-31 00:00:00'), 'value': 17.1, 'lowci': 15.1, 'highci': 19.3, 'confidence interval': '15.1 - 19.3', 'quartile range': '12.2-18.4'}, {'indicator': 'Took Prescription Medication for Mental Health, Last 4 Weeks', 'group': 'By State', 'state': 'Massachusetts', 'subgroup': 'Massachusett ... (165 characters truncated) ... : Timestamp('2020-08-31 00:00:00'), 'value': 19.9, 'lowci': 18.0, 'highci': 21.9, 'confidence interval': '18.0 - 21.9', 'quartile range': '18.5-20.5'}, {'indicator': 'Took Prescription Medication for Mental Health, Last 4 Weeks', 'group': 'By State', 'state': 'Michigan', 'subgroup': 'Michigan', 'phase ... (155 characters truncated) ... : Timestamp('2020-08-31 00:00:00'), 'value': 20.4, 'lowci': 17.7, 'highci': 23.3, 'confidence interval': '17.7 - 23.3', 'quartile range': '18.5-20.5'}, {'indicator': 'Took Prescription Medication for Mental Health, Last 4 Weeks', 'group': 'By State', 'state': 'Minnesota', 'subgroup': 'Minnesota', 'pha ... (157 characters truncated) ... : Timestamp('2020-08-31 00:00:00'), 'value': 20.6, 'lowci': 18.3, 'highci': 23.0, 'confidence interval': '18.3 - 23.0', 'quartile range': '20.6-22.5'}, {'indicator': 'Took Prescription Medication for Mental Health, Last 4 Weeks', 'group': 'By State', 'state': 'Mississippi', 'subgroup': 'Mississippi',  ... (161 characters truncated) ... : Timestamp('2020-08-31 00:00:00'), 'value': 20.8, 'lowci': 17.4, 'highci': 24.7, 'confidence interval': '17.4 - 24.7', 'quartile range': '20.6-22.5'}, {'indicator': 'Took Prescription Medication for Mental Health, Last 4 Weeks', 'group': 'By State', 'state': 'Missouri', 'subgroup': 'Missouri', 'phase ... (155 characters truncated) ... : Timestamp('2020-08-31 00:00:00'), 'value': 23.7, 'lowci': 21.0, 'highci': 26.6, 'confidence interval': '21.0 - 26.6', 'quartile range': '22.6-26.8'}, {'indicator': 'Took Prescription Medication for Mental Health, Last 4 Weeks', 'group': 'By State', 'state': 'Montana', 'subgroup': 'Montana', 'phase': ... (153 characters truncated) ... : Timestamp('2020-08-31 00:00:00'), 'value': 18.4, 'lowci': 15.5, 'highci': 21.5, 'confidence interval': '15.5 - 21.5', 'quartile range': '12.2-18.4'} ... 9814 parameters truncated ... {'indicator': 'Needed Counseling or Therapy But Did Not Get It, Last 4 Weeks', 'group': 'By State', 'state': 'Alaska', 'subgroup': 'Alaska', 'phase':  ... (151 characters truncated) ... : Timestamp('2022-05-09 00:00:00'), 'value': 15.8, 'lowci': 12.6, 'highci': 19.4, 'confidence interval': '12.6 - 19.4', 'quartile range': '13.0-20.8'}, {'indicator': 'Needed Counseling or Therapy But Did Not Get It, Last 4 Weeks', 'group': 'By State', 'state': 'Arizona', 'subgroup': 'Arizona', 'phase' ... (150 characters truncated) ... te': Timestamp('2022-05-09 00:00:00'), 'value': 10.8, 'lowci': 8.3, 'highci': 13.6, 'confidence interval': '8.3 - 13.6', 'quartile range': '9.6-11.3'}, {'indicator': 'Needed Counseling or Therapy But Did Not Get It, Last 4 Weeks', 'group': 'By State', 'state': 'Arkansas', 'subgroup': 'Arkansas', 'phas ... (155 characters truncated) ... : Timestamp('2022-05-09 00:00:00'), 'value': 15.1, 'lowci': 12.0, 'highci': 18.7, 'confidence interval': '12.0 - 18.7', 'quartile range': '13.0-20.8'}, {'indicator': 'Needed Counseling or Therapy But Did Not Get It, Last 4 Weeks', 'group': 'By State', 'state': 'California', 'subgroup': 'California', ' ... (159 characters truncated) ... : Timestamp('2022-05-09 00:00:00'), 'value': 13.4, 'lowci': 11.2, 'highci': 15.9, 'confidence interval': '11.2 - 15.9', 'quartile range': '13.0-20.8'}, {'indicator': 'Needed Counseling or Therapy But Did Not Get It, Last 4 Weeks', 'group': 'By State', 'state': 'Colorado', 'subgroup': 'Colorado', 'phas ... (152 characters truncated) ... te': Timestamp('2022-05-09 00:00:00'), 'value': 10.6, 'lowci': 8.2, 'highci': 13.6, 'confidence interval': '8.2 - 13.6', 'quartile range': '9.6-11.3'}, {'indicator': 'Needed Counseling or Therapy But Did Not Get It, Last 4 Weeks', 'group': 'By State', 'state': 'Connecticut', 'subgroup': 'Connecticut', ... (156 characters truncated) ... date': Timestamp('2022-05-09 00:00:00'), 'value': 9.2, 'lowci': 7.2, 'highci': 11.5, 'confidence interval': '7.2 - 11.5', 'quartile range': '6.6-9.5'}, {'indicator': 'Needed Counseling or Therapy But Did Not Get It, Last 4 Weeks', 'group': 'By State', 'state': 'Delaware', 'subgroup': 'Delaware', 'phas ... (150 characters truncated) ... date': Timestamp('2022-05-09 00:00:00'), 'value': 6.6, 'lowci': 3.7, 'highci': 10.8, 'confidence interval': '3.7 - 10.8', 'quartile range': '6.6-9.5'}, {'indicator': 'Needed Counseling or Therapy But Did Not Get It, Last 4 Weeks', 'group': 'By State', 'state': 'District of Columbia', 'subgroup': 'Dist ... (179 characters truncated) ... : Timestamp('2022-05-09 00:00:00'), 'value': 20.8, 'lowci': 15.5, 'highci': 26.9, 'confidence interval': '15.5 - 26.9', 'quartile range': '13.0-20.8'}, {'indicator': 'Needed Counseling or Therapy But Did Not Get It, Last 4 Weeks', 'group': 'By State', 'state': 'Florida', 'subgroup': 'Florida', 'phase' ... (148 characters truncated) ... date': Timestamp('2022-05-09 00:00:00'), 'value': 9.3, 'lowci': 7.1, 'highci': 11.9, 'confidence interval': '7.1 - 11.9', 'quartile range': '6.6-9.5'}, {'indicator': 'Needed Counseling or Therapy But Did Not Get It, Last 4 Weeks', 'group': 'By State', 'state': 'Georgia', 'subgroup': 'Georgia', 'phase' ... (150 characters truncated) ... te': Timestamp('2022-05-09 00:00:00'), 'value': 11.2, 'lowci': 8.2, 'highci': 14.8, 'confidence interval': '8.2 - 14.8', 'quartile range': '9.6-11.3'}, {'indicator': 'Needed Counseling or Therapy But Did Not Get It, Last 4 Weeks', 'group': 'By State', 'state': 'Hawaii', 'subgroup': 'Hawaii', 'phase':  ... (146 characters truncated) ... date': Timestamp('2022-05-09 00:00:00'), 'value': 8.2, 'lowci': 5.2, 'highci': 12.2, 'confidence interval': '5.2 - 12.2', 'quartile range': '6.6-9.5'}, {'indicator': 'Needed Counseling or Therapy But Did Not Get It, Last 4 Weeks', 'group': 'By State', 'state': 'Idaho', 'subgroup': 'Idaho', 'phase': 3. ... (147 characters truncated) ... e': Timestamp('2022-05-09 00:00:00'), 'value': 12.1, 'lowci': 9.5, 'highci': 15.2, 'confidence interval': '9.5 - 15.2', 'quartile range': '11.4-12.9'}, {'indicator': 'Needed Counseling or Therapy But Did Not Get It, Last 4 Weeks', 'group': 'By State', 'state': 'Illinois', 'subgroup': 'Illinois', 'phas ... (155 characters truncated) ... : Timestamp('2022-05-09 00:00:00'), 'value': 14.4, 'lowci': 11.2, 'highci': 18.1, 'confidence interval': '11.2 - 18.1', 'quartile range': '13.0-20.8'}, {'indicator': 'Needed Counseling or Therapy But Did Not Get It, Last 4 Weeks', 'group': 'By State', 'state': 'Indiana', 'subgroup': 'Indiana', 'phase' ... (149 characters truncated) ... ate': Timestamp('2022-05-09 00:00:00'), 'value': 9.7, 'lowci': 7.0, 'highci': 13.0, 'confidence interval': '7.0 - 13.0', 'quartile range': '9.6-11.3'}, {'indicator': 'Needed Counseling or Therapy But Did Not Get It, Last 4 Weeks', 'group': 'By State', 'state': 'Iowa', 'subgroup': 'Iowa', 'phase': 3.4, ... (142 characters truncated) ... date': Timestamp('2022-05-09 00:00:00'), 'value': 8.9, 'lowci': 6.2, 'highci': 12.2, 'confidence interval': '6.2 - 12.2', 'quartile range': '6.6-9.5'}, {'indicator': 'Needed Counseling or Therapy But Did Not Get It, Last 4 Weeks', 'group': 'By State', 'state': 'Kansas', 'subgroup': 'Kansas', 'phase':  ... (151 characters truncated) ... : Timestamp('2022-05-09 00:00:00'), 'value': 14.3, 'lowci': 11.5, 'highci': 17.4, 'confidence interval': '11.5 - 17.4', 'quartile range': '13.0-20.8'}, {'indicator': 'Needed Counseling or Therapy But Did Not Get It, Last 4 Weeks', 'group': 'By State', 'state': 'Kentucky', 'subgroup': 'Kentucky', 'phas ... (155 characters truncated) ... : Timestamp('2022-05-09 00:00:00'), 'value': 14.7, 'lowci': 10.6, 'highci': 19.6, 'confidence interval': '10.6 - 19.6', 'quartile range': '13.0-20.8'}, {'indicator': 'Needed Counseling or Therapy But Did Not Get It, Last 4 Weeks', 'group': 'By State', 'state': 'Louisiana', 'subgroup': 'Louisiana', 'ph ... (153 characters truncated) ... ate': Timestamp('2022-05-09 00:00:00'), 'value': 9.9, 'lowci': 5.7, 'highci': 15.5, 'confidence interval': '5.7 - 15.5', 'quartile range': '9.6-11.3'}, {'indicator': 'Needed Counseling or Therapy But Did Not Get It, Last 4 Weeks', 'group': 'By State', 'state': 'Maine', 'subgroup': 'Maine', 'phase': 3. ... (146 characters truncated) ... te': Timestamp('2022-05-09 00:00:00'), 'value': 10.8, 'lowci': 7.8, 'highci': 14.6, 'confidence interval': '7.8 - 14.6', 'quartile range': '9.6-11.3'}, {'indicator': 'Needed Counseling or Therapy But Did Not Get It, Last 4 Weeks', 'group': 'By State', 'state': 'Maryland', 'subgroup': 'Maryland', 'phas ... (153 characters truncated) ... e': Timestamp('2022-05-09 00:00:00'), 'value': 11.9, 'lowci': 8.9, 'highci': 15.4, 'confidence interval': '8.9 - 15.4', 'quartile range': '11.4-12.9'}, {'indicator': 'Needed Counseling or Therapy But Did Not Get It, Last 4 Weeks', 'group': 'By State', 'state': 'Massachusetts', 'subgroup': 'Massachuset ... (165 characters truncated) ... : Timestamp('2022-05-09 00:00:00'), 'value': 12.9, 'lowci': 10.5, 'highci': 15.5, 'confidence interval': '10.5 - 15.5', 'quartile range': '11.4-12.9'}, {'indicator': 'Needed Counseling or Therapy But Did Not Get It, Last 4 Weeks', 'group': 'By State', 'state': 'Michigan', 'subgroup': 'Michigan', 'phas ... (153 characters truncated) ... e': Timestamp('2022-05-09 00:00:00'), 'value': 12.1, 'lowci': 9.5, 'highci': 15.1, 'confidence interval': '9.5 - 15.1', 'quartile range': '11.4-12.9'}, {'indicator': 'Needed Counseling or Therapy But Did Not Get It, Last 4 Weeks', 'group': 'By State', 'state': 'Minnesota', 'subgroup': 'Minnesota', 'ph ... (154 characters truncated) ... te': Timestamp('2022-05-09 00:00:00'), 'value': 11.3, 'lowci': 8.2, 'highci': 15.2, 'confidence interval': '8.2 - 15.2', 'quartile range': '9.6-11.3'}, {'indicator': 'Needed Counseling or Therapy But Did Not Get It, Last 4 Weeks', 'group': 'By State', 'state': 'Mississippi', 'subgroup': 'Mississippi', ... (159 characters truncated) ... e': Timestamp('2022-05-09 00:00:00'), 'value': 13.4, 'lowci': 8.3, 'highci': 20.1, 'confidence interval': '8.3 - 20.1', 'quartile range': '13.0-20.8'}, {'indicator': 'Needed Counseling or Therapy But Did Not Get It, Last 4 Weeks', 'group': 'By State', 'state': 'Missouri', 'subgroup': 'Missouri', 'phas ... (153 characters truncated) ... e': Timestamp('2022-05-09 00:00:00'), 'value': 12.0, 'lowci': 8.8, 'highci': 15.8, 'confidence interval': '8.8 - 15.8', 'quartile range': '11.4-12.9'}, {'indicator': 'Needed Counseling or Therapy But Did Not Get It, Last 4 Weeks', 'group': 'By State', 'state': 'Montana', 'subgroup': 'Montana', 'phase' ... (151 characters truncated) ... e': Timestamp('2022-05-09 00:00:00'), 'value': 12.6, 'lowci': 8.6, 'highci': 17.6, 'confidence interval': '8.6 - 17.6', 'quartile range': '11.4-12.9'}, {'indicator': 'Needed Counseling or Therapy But Did Not Get It, Last 4 Weeks', 'group': 'By State', 'state': 'Nebraska', 'subgroup': 'Nebraska', 'phas ... (152 characters truncated) ... te': Timestamp('2022-05-09 00:00:00'), 'value': 10.4, 'lowci': 8.4, 'highci': 12.7, 'confidence interval': '8.4 - 12.7', 'quartile range': '9.6-11.3'}, {'indicator': 'Needed Counseling or Therapy But Did Not Get It, Last 4 Weeks', 'group': 'By State', 'state': 'Nevada', 'subgroup': 'Nevada', 'phase':  ... (148 characters truncated) ... te': Timestamp('2022-05-09 00:00:00'), 'value': 11.1, 'lowci': 8.1, 'highci': 14.6, 'confidence interval': '8.1 - 14.6', 'quartile range': '9.6-11.3'}, {'indicator': 'Needed Counseling or Therapy But Did Not Get It, Last 4 Weeks', 'group': 'By State', 'state': 'New Hampshire', 'subgroup': 'New Hampshi ... (162 characters truncated) ... te': Timestamp('2022-05-09 00:00:00'), 'value': 10.1, 'lowci': 7.0, 'highci': 14.1, 'confidence interval': '7.0 - 14.1', 'quartile range': '9.6-11.3'}, {'indicator': 'Needed Counseling or Therapy But Did Not Get It, Last 4 Weeks', 'group': 'By State', 'state': 'New Jersey', 'subgroup': 'New Jersey', ' ... (154 characters truncated) ... date': Timestamp('2022-05-09 00:00:00'), 'value': 7.8, 'lowci': 5.2, 'highci': 11.0, 'confidence interval': '5.2 - 11.0', 'quartile range': '6.6-9.5'}, {'indicator': 'Needed Counseling or Therapy But Did Not Get It, Last 4 Weeks', 'group': 'By State', 'state': 'New Mexico', 'subgroup': 'New Mexico', ' ... (159 characters truncated) ... : Timestamp('2022-05-09 00:00:00'), 'value': 12.7, 'lowci': 10.0, 'highci': 15.9, 'confidence interval': '10.0 - 15.9', 'quartile range': '11.4-12.9'}, {'indicator': 'Needed Counseling or Therapy But Did Not Get It, Last 4 Weeks', 'group': 'By State', 'state': 'New York', 'subgroup': 'New York', 'phas ... (152 characters truncated) ... te': Timestamp('2022-05-09 00:00:00'), 'value': 11.2, 'lowci': 8.2, 'highci': 15.0, 'confidence interval': '8.2 - 15.0', 'quartile range': '9.6-11.3'}, {'indicator': 'Needed Counseling or Therapy But Did Not Get It, Last 4 Weeks', 'group': 'By State', 'state': 'North Carolina', 'subgroup': 'North Caro ... (162 characters truncated) ... date': Timestamp('2022-05-09 00:00:00'), 'value': 8.7, 'lowci': 6.4, 'highci': 11.7, 'confidence interval': '6.4 - 11.7', 'quartile range': '6.6-9.5'}, {'indicator': 'Needed Counseling or Therapy But Did Not Get It, Last 4 Weeks', 'group': 'By State', 'state': 'North Dakota', 'subgroup': 'North Dakota ... (158 characters truncated) ... date': Timestamp('2022-05-09 00:00:00'), 'value': 8.0, 'lowci': 5.3, 'highci': 11.6, 'confidence interval': '5.3 - 11.6', 'quartile range': '6.6-9.5'}, {'indicator': 'Needed Counseling or Therapy But Did Not Get It, Last 4 Weeks', 'group': 'By State', 'state': 'Ohio', 'subgroup': 'Ohio', 'phase': 3.4, ... (142 characters truncated) ... date': Timestamp('2022-05-09 00:00:00'), 'value': 8.5, 'lowci': 6.1, 'highci': 11.4, 'confidence interval': '6.1 - 11.4', 'quartile range': '6.6-9.5'}, {'indicator': 'Needed Counseling or Therapy But Did Not Get It, Last 4 Weeks', 'group': 'By State', 'state': 'Oklahoma', 'subgroup': 'Oklahoma', 'phas ... (155 characters truncated) ... : Timestamp('2022-05-09 00:00:00'), 'value': 13.0, 'lowci': 10.0, 'highci': 16.6, 'confidence interval': '10.0 - 16.6', 'quartile range': '13.0-20.8'}, {'indicator': 'Needed Counseling or Therapy But Did Not Get It, Last 4 Weeks', 'group': 'By State', 'state': 'Oregon', 'subgroup': 'Oregon', 'phase':  ... (151 characters truncated) ... : Timestamp('2022-05-09 00:00:00'), 'value': 15.6, 'lowci': 12.6, 'highci': 19.0, 'confidence interval': '12.6 - 19.0', 'quartile range': '13.0-20.8'}, {'indicator': 'Needed Counseling or Therapy But Did Not Get It, Last 4 Weeks', 'group': 'By State', 'state': 'Pennsylvania', 'subgroup': 'Pennsylvania ... (158 characters truncated) ... date': Timestamp('2022-05-09 00:00:00'), 'value': 9.5, 'lowci': 6.8, 'highci': 12.8, 'confidence interval': '6.8 - 12.8', 'quartile range': '6.6-9.5'}, {'indicator': 'Needed Counseling or Therapy But Did Not Get It, Last 4 Weeks', 'group': 'By State', 'state': 'Rhode Island', 'subgroup': 'Rhode Island ... (158 characters truncated) ... date': Timestamp('2022-05-09 00:00:00'), 'value': 7.5, 'lowci': 4.3, 'highci': 11.8, 'confidence interval': '4.3 - 11.8', 'quartile range': '6.6-9.5'}, {'indicator': 'Needed Counseling or Therapy But Did Not Get It, Last 4 Weeks', 'group': 'By State', 'state': 'South Carolina', 'subgroup': 'South Caro ... (162 characters truncated) ... date': Timestamp('2022-05-09 00:00:00'), 'value': 9.0, 'lowci': 6.1, 'highci': 12.6, 'confidence interval': '6.1 - 12.6', 'quartile range': '6.6-9.5'}, {'indicator': 'Needed Counseling or Therapy But Did Not Get It, Last 4 Weeks', 'group': 'By State', 'state': 'South Dakota', 'subgroup': 'South Dakota ... (158 characters truncated) ... date': Timestamp('2022-05-09 00:00:00'), 'value': 7.9, 'lowci': 5.3, 'highci': 11.1, 'confidence interval': '5.3 - 11.1', 'quartile range': '6.6-9.5'}, {'indicator': 'Needed Counseling or Therapy But Did Not Get It, Last 4 Weeks', 'group': 'By State', 'state': 'Tennessee', 'subgroup': 'Tennessee', 'ph ... (155 characters truncated) ... e': Timestamp('2022-05-09 00:00:00'), 'value': 11.6, 'lowci': 9.2, 'highci': 14.2, 'confidence interval': '9.2 - 14.2', 'quartile range': '11.4-12.9'}, {'indicator': 'Needed Counseling or Therapy But Did Not Get It, Last 4 Weeks', 'group': 'By State', 'state': 'Texas', 'subgroup': 'Texas', 'phase': 3. ... (149 characters truncated) ... : Timestamp('2022-05-09 00:00:00'), 'value': 12.7, 'lowci': 10.3, 'highci': 15.4, 'confidence interval': '10.3 - 15.4', 'quartile range': '11.4-12.9'}, {'indicator': 'Needed Counseling or Therapy But Did Not Get It, Last 4 Weeks', 'group': 'By State', 'state': 'Utah', 'subgroup': 'Utah', 'phase': 3.4, ... (147 characters truncated) ... : Timestamp('2022-05-09 00:00:00'), 'value': 17.9, 'lowci': 14.8, 'highci': 21.4, 'confidence interval': '14.8 - 21.4', 'quartile range': '13.0-20.8'}, {'indicator': 'Needed Counseling or Therapy But Did Not Get It, Last 4 Weeks', 'group': 'By State', 'state': 'Vermont', 'subgroup': 'Vermont', 'phase' ... (151 characters truncated) ... e': Timestamp('2022-05-09 00:00:00'), 'value': 11.9, 'lowci': 8.2, 'highci': 16.5, 'confidence interval': '8.2 - 16.5', 'quartile range': '11.4-12.9'}, {'indicator': 'Needed Counseling or Therapy But Did Not Get It, Last 4 Weeks', 'group': 'By State', 'state': 'Virginia', 'subgroup': 'Virginia', 'phas ... (152 characters truncated) ... te': Timestamp('2022-05-09 00:00:00'), 'value': 10.1, 'lowci': 7.1, 'highci': 13.8, 'confidence interval': '7.1 - 13.8', 'quartile range': '9.6-11.3'}, {'indicator': 'Needed Counseling or Therapy But Did Not Get It, Last 4 Weeks', 'group': 'By State', 'state': 'Washington', 'subgroup': 'Washington', ' ... (159 characters truncated) ... : Timestamp('2022-05-09 00:00:00'), 'value': 14.8, 'lowci': 12.5, 'highci': 17.4, 'confidence interval': '12.5 - 17.4', 'quartile range': '13.0-20.8'}, {'indicator': 'Needed Counseling or Therapy But Did Not Get It, Last 4 Weeks', 'group': 'By State', 'state': 'West Virginia', 'subgroup': 'West Virgin ... (161 characters truncated) ... ate': Timestamp('2022-05-09 00:00:00'), 'value': 9.8, 'lowci': 6.6, 'highci': 13.8, 'confidence interval': '6.6 - 13.8', 'quartile range': '9.6-11.3'}, {'indicator': 'Needed Counseling or Therapy But Did Not Get It, Last 4 Weeks', 'group': 'By State', 'state': 'Wisconsin', 'subgroup': 'Wisconsin', 'ph ... (155 characters truncated) ... e': Timestamp('2022-05-09 00:00:00'), 'value': 11.6, 'lowci': 8.5, 'highci': 15.3, 'confidence interval': '8.5 - 15.3', 'quartile range': '11.4-12.9'}, {'indicator': 'Needed Counseling or Therapy But Did Not Get It, Last 4 Weeks', 'group': 'By State', 'state': 'Wyoming', 'subgroup': 'Wyoming', 'phase' ... (151 characters truncated) ... e': Timestamp('2022-05-09 00:00:00'), 'value': 11.5, 'lowci': 8.6, 'highci': 15.1, 'confidence interval': '8.6 - 15.1', 'quartile range': '11.4-12.9'}]]
(Background on this error at: https://sqlalche.me/e/20/cd3x)
6108 - 14-Feb-26 19:16:34 - DBlogger - Error occurred during data insertion: (sqlalchemy.exc.InvalidRequestError) A value is required for bind parameter 'category'
[SQL: INSERT INTO mental_health_rejected (indicator, category, state ,                                subcategory, phase, time_period, time_period_label, time_period_start_date,                                time_period_end_date, value, lowci, highci, confidence_interval, quartile_range,                                suppression_flag, rejection_reason) VALUES %(indicator)s, %(category)s, %(state)s ,                                %(subcategory)s, phase, %(time_period)s, %(time_period_label)s, %(time_period_start_date)s,                                %(time_period_end_date)s, %(value)s, %(lowci)s, %(highci)s, %(confidence_interval)s, %(quartile_range)s,                                      %(suppression_flag)s, %(rejection_reason)s]
[parameters: [{'indicator': 'Needed Counseling or Therapy But Did Not Get It, Last 4 Weeks', 'group': 'By Sex', 'state': 'United States', 'subgroup': 'Female', 'pha ... (206 characters truncated) ...  None, 'lowci': None, 'highci': None, 'confidence interval': None, 'quartile range': None, 'suppression flag': None, 'rejection reason': 'phase = -1'}, {'indicator': 'Took Prescription Medication for Mental Health, Last 4 Weeks', 'group': 'By Age', 'state': 'United States', 'subgroup': '50 - 59 years' ... (207 characters truncated) ...  None, 'lowci': None, 'highci': None, 'confidence interval': None, 'quartile range': None, 'suppression flag': None, 'rejection reason': 'phase = -1'}, {'indicator': 'Took Prescription Medication for Mental Health, Last 4 Weeks', 'group': 'By Age', 'state': 'United States', 'subgroup': '60 - 69 years' ... (207 characters truncated) ...  None, 'lowci': None, 'highci': None, 'confidence interval': None, 'quartile range': None, 'suppression flag': None, 'rejection reason': 'phase = -1'}, {'indicator': 'Took Prescription Medication for Mental Health, Last 4 Weeks', 'group': 'By Age', 'state': 'United States', 'subgroup': '70 - 79 years' ... (207 characters truncated) ...  None, 'lowci': None, 'highci': None, 'confidence interval': None, 'quartile range': None, 'suppression flag': None, 'rejection reason': 'phase = -1'}, {'indicator': 'Took Prescription Medication for Mental Health, Last 4 Weeks', 'group': 'By Age', 'state': 'United States', 'subgroup': '80 years and a ... (212 characters truncated) ...  None, 'lowci': None, 'highci': None, 'confidence interval': None, 'quartile range': None, 'suppression flag': None, 'rejection reason': 'phase = -1'}, {'indicator': 'Took Prescription Medication for Mental Health, Last 4 Weeks', 'group': 'By Sex', 'state': 'United States', 'subgroup': 'Male', 'phase' ... (198 characters truncated) ...  None, 'lowci': None, 'highci': None, 'confidence interval': None, 'quartile range': None, 'suppression flag': None, 'rejection reason': 'phase = -1'}, {'indicator': 'Took Prescription Medication for Mental Health, Last 4 Weeks', 'group': 'By Sex', 'state': 'United States', 'subgroup': 'Female', 'phas ... (200 characters truncated) ...  None, 'lowci': None, 'highci': None, 'confidence interval': None, 'quartile range': None, 'suppression flag': None, 'rejection reason': 'phase = -1'}, {'indicator': 'Received Counseling or Therapy, Last 4 Weeks', 'group': 'By Sex', 'state': 'United States', 'subgroup': 'Female', 'phase': -1.0, 'time  ... (184 characters truncated) ...  None, 'lowci': None, 'highci': None, 'confidence interval': None, 'quartile range': None, 'suppression flag': None, 'rejection reason': 'phase = -1'}, {'indicator': 'Received Counseling or Therapy, Last 4 Weeks', 'group': 'By Age', 'state': 'United States', 'subgroup': '40 - 49 years', 'phase': -1.0, ... (190 characters truncated) ...  None, 'lowci': None, 'highci': None, 'confidence interval': None, 'quartile range': None, 'suppression flag': None, 'rejection reason': 'phase = -1'}, {'indicator': 'Received Counseling or Therapy, Last 4 Weeks', 'group': 'By Age', 'state': 'United States', 'subgroup': '50 - 59 years', 'phase': -1.0, ... (190 characters truncated) ...  None, 'lowci': None, 'highci': None, 'confidence interval': None, 'quartile range': None, 'suppression flag': None, 'rejection reason': 'phase = -1'}, {'indicator': 'Received Counseling or Therapy, Last 4 Weeks', 'group': 'By Age', 'state': 'United States', 'subgroup': '60 - 69 years', 'phase': -1.0, ... (190 characters truncated) ...  None, 'lowci': None, 'highci': None, 'confidence interval': None, 'quartile range': None, 'suppression flag': None, 'rejection reason': 'phase = -1'}, {'indicator': 'Received Counseling or Therapy, Last 4 Weeks', 'group': 'By Age', 'state': 'United States', 'subgroup': '70 - 79 years', 'phase': -1.0, ... (190 characters truncated) ...  None, 'lowci': None, 'highci': None, 'confidence interval': None, 'quartile range': None, 'suppression flag': None, 'rejection reason': 'phase = -1'}, {'indicator': 'Needed Counseling or Therapy But Did Not Get It, Last 4 Weeks', 'group': 'By Age', 'state': 'United States', 'subgroup': '80 years and  ... (222 characters truncated) ... owci': None, 'highci': None, 'confidence interval': None, 'quartile range': None, 'suppression flag': 1.0, 'rejection reason': 'suppression flag = 1'}, {'indicator': 'Received Counseling or Therapy, Last 4 Weeks', 'group': 'By Age', 'state': 'United States', 'subgroup': '80 years and above', 'phase':  ... (205 characters truncated) ... owci': None, 'highci': None, 'confidence interval': None, 'quartile range': None, 'suppression flag': 1.0, 'rejection reason': 'suppression flag = 1'}, {'indicator': 'Received Counseling or Therapy, Last 4 Weeks', 'group': 'By Age', 'state': 'United States', 'subgroup': '80 years and above', 'phase':  ... (195 characters truncated) ...  None, 'lowci': None, 'highci': None, 'confidence interval': None, 'quartile range': None, 'suppression flag': None, 'rejection reason': 'phase = -1'}, {'indicator': 'Needed Counseling or Therapy But Did Not Get It, Last 4 Weeks', 'group': 'By Age', 'state': 'United States', 'subgroup': '80 years and  ... (222 characters truncated) ... owci': None, 'highci': None, 'confidence interval': None, 'quartile range': None, 'suppression flag': 1.0, 'rejection reason': 'suppression flag = 1'}, {'indicator': 'Received Counseling or Therapy, Last 4 Weeks', 'group': 'By Sex', 'state': 'United States', 'subgroup': 'Male', 'phase': -1.0, 'time pe ... (181 characters truncated) ...  None, 'lowci': None, 'highci': None, 'confidence interval': None, 'quartile range': None, 'suppression flag': None, 'rejection reason': 'phase = -1'}, {'indicator': 'Received Counseling or Therapy, Last 4 Weeks', 'group': 'By Sex', 'state': 'United States', 'subgroup': 'Female', 'phase': -1.0, 'time  ... (183 characters truncated) ...  None, 'lowci': None, 'highci': None, 'confidence interval': None, 'quartile range': None, 'suppression flag': None, 'rejection reason': 'phase = -1'}, {'indicator': 'Received Counseling or Therapy, Last 4 Weeks', 'group': 'By Age', 'state': 'United States', 'subgroup': '80 years and above', 'phase':  ... (205 characters truncated) ... owci': None, 'highci': None, 'confidence interval': None, 'quartile range': None, 'suppression flag': 1.0, 'rejection reason': 'suppression flag = 1'}, {'indicator': 'Took Prescription Medication for Mental Health, Last 4 Weeks', 'group': 'By Sexual orientation', 'state': 'United States', 'subgroup':  ... (216 characters truncated) ...  None, 'lowci': None, 'highci': None, 'confidence interval': None, 'quartile range': None, 'suppression flag': None, 'rejection reason': 'phase = -1'}, {'indicator': 'Took Prescription Medication for Mental Health, Last 4 Weeks', 'group': 'National Estimate', 'state': 'United States', 'subgroup': 'Uni ... (223 characters truncated) ...  None, 'lowci': None, 'highci': None, 'confidence interval': None, 'quartile range': None, 'suppression flag': None, 'rejection reason': 'phase = -1'}, {'indicator': 'Took Prescription Medication for Mental Health, Last 4 Weeks', 'group': 'By Age', 'state': 'United States', 'subgroup': '18 - 29 years' ... (212 characters truncated) ...  None, 'lowci': None, 'highci': None, 'confidence interval': None, 'quartile range': None, 'suppression flag': None, 'rejection reason': 'phase = -1'}, {'indicator': 'Took Prescription Medication for Mental Health, Last 4 Weeks', 'group': 'By Age', 'state': 'United States', 'subgroup': '30 - 39 years' ... (212 characters truncated) ...  None, 'lowci': None, 'highci': None, 'confidence interval': None, 'quartile range': None, 'suppression flag': None, 'rejection reason': 'phase = -1'}, {'indicator': 'Took Prescription Medication for Mental Health, Last 4 Weeks', 'group': 'By Age', 'state': 'United States', 'subgroup': '40 - 49 years' ... (212 characters truncated) ...  None, 'lowci': None, 'highci': None, 'confidence interval': None, 'quartile range': None, 'suppression flag': None, 'rejection reason': 'phase = -1'}, {'indicator': 'Took Prescription Medication for Mental Health, Last 4 Weeks', 'group': 'By Age', 'state': 'United States', 'subgroup': '50 - 59 years' ... (212 characters truncated) ...  None, 'lowci': None, 'highci': None, 'confidence interval': None, 'quartile range': None, 'suppression flag': None, 'rejection reason': 'phase = -1'}, {'indicator': 'Took Prescription Medication for Mental Health, Last 4 Weeks', 'group': 'By Age', 'state': 'United States', 'subgroup': '60 - 69 years' ... (212 characters truncated) ...  None, 'lowci': None, 'highci': None, 'confidence interval': None, 'quartile range': None, 'suppression flag': None, 'rejection reason': 'phase = -1'}, {'indicator': 'Took Prescription Medication for Mental Health, Last 4 Weeks', 'group': 'By Age', 'state': 'United States', 'subgroup': '70 - 79 years' ... (212 characters truncated) ...  None, 'lowci': None, 'highci': None, 'confidence interval': None, 'quartile range': None, 'suppression flag': None, 'rejection reason': 'phase = -1'}, {'indicator': 'Took Prescription Medication for Mental Health, Last 4 Weeks', 'group': 'By Age', 'state': 'United States', 'subgroup': '80 years and a ... (217 characters truncated) ...  None, 'lowci': None, 'highci': None, 'confidence interval': None, 'quartile range': None, 'suppression flag': None, 'rejection reason': 'phase = -1'}, {'indicator': 'Took Prescription Medication for Mental Health, Last 4 Weeks', 'group': 'By Sex', 'state': 'United States', 'subgroup': 'Male', 'phase' ... (203 characters truncated) ...  None, 'lowci': None, 'highci': None, 'confidence interval': None, 'quartile range': None, 'suppression flag': None, 'rejection reason': 'phase = -1'}, {'indicator': 'Took Prescription Medication for Mental Health, Last 4 Weeks', 'group': 'By Sex', 'state': 'United States', 'subgroup': 'Female', 'phas ... (205 characters truncated) ...  None, 'lowci': None, 'highci': None, 'confidence interval': None, 'quartile range': None, 'suppression flag': None, 'rejection reason': 'phase = -1'}, {'indicator': 'Took Prescription Medication for Mental Health, Last 4 Weeks', 'group': 'By Presence of Symptoms of Anxiety/Depression', 'state': 'Unit ... (307 characters truncated) ...  None, 'lowci': None, 'highci': None, 'confidence interval': None, 'quartile range': None, 'suppression flag': None, 'rejection reason': 'phase = -1'}, {'indicator': 'Took Prescription Medication for Mental Health, Last 4 Weeks', 'group': 'By Presence of Symptoms of Anxiety/Depression', 'state': 'Unit ... (296 characters truncated) ...  None, 'lowci': None, 'highci': None, 'confidence interval': None, 'quartile range': None, 'suppression flag': None, 'rejection reason': 'phase = -1'}, {'indicator': 'Took Prescription Medication for Mental Health, Last 4 Weeks', 'group': 'By Race/Hispanic ethnicity', 'state': 'United States', 'subgro ... (237 characters truncated) ...  None, 'lowci': None, 'highci': None, 'confidence interval': None, 'quartile range': None, 'suppression flag': None, 'rejection reason': 'phase = -1'}, {'indicator': 'Took Prescription Medication for Mental Health, Last 4 Weeks', 'group': 'By Race/Hispanic ethnicity', 'state': 'United States', 'subgro ... (250 characters truncated) ...  None, 'lowci': None, 'highci': None, 'confidence interval': None, 'quartile range': None, 'suppression flag': None, 'rejection reason': 'phase = -1'}, {'indicator': 'Took Prescription Medication for Mental Health, Last 4 Weeks', 'group': 'By Race/Hispanic ethnicity', 'state': 'United States', 'subgro ... (250 characters truncated) ...  None, 'lowci': None, 'highci': None, 'confidence interval': None, 'quartile range': None, 'suppression flag': None, 'rejection reason': 'phase = -1'}, {'indicator': 'Took Prescription Medication for Mental Health, Last 4 Weeks', 'group': 'By Race/Hispanic ethnicity', 'state': 'United States', 'subgro ... (250 characters truncated) ...  None, 'lowci': None, 'highci': None, 'confidence interval': None, 'quartile range': None, 'suppression flag': None, 'rejection reason': 'phase = -1'}, {'indicator': 'Took Prescription Medication for Mental Health, Last 4 Weeks', 'group': 'By Race/Hispanic ethnicity', 'state': 'United States', 'subgro ... (263 characters truncated) ...  None, 'lowci': None, 'highci': None, 'confidence interval': None, 'quartile range': None, 'suppression flag': None, 'rejection reason': 'phase = -1'}, {'indicator': 'Took Prescription Medication for Mental Health, Last 4 Weeks', 'group': 'By Education', 'state': 'United States', 'subgroup': 'Less tha ... (236 characters truncated) ...  None, 'lowci': None, 'highci': None, 'confidence interval': None, 'quartile range': None, 'suppression flag': None, 'rejection reason': 'phase = -1'}, {'indicator': 'Took Prescription Medication for Mental Health, Last 4 Weeks', 'group': 'By Education', 'state': 'United States', 'subgroup': 'High sch ... (231 characters truncated) ...  None, 'lowci': None, 'highci': None, 'confidence interval': None, 'quartile range': None, 'suppression flag': None, 'rejection reason': 'phase = -1'}, {'indicator': 'Took Prescription Medication for Mental Health, Last 4 Weeks', 'group': 'By Education', 'state': 'United States', 'subgroup': "Some col ... (236 characters truncated) ...  None, 'lowci': None, 'highci': None, 'confidence interval': None, 'quartile range': None, 'suppression flag': None, 'rejection reason': 'phase = -1'}, {'indicator': 'Took Prescription Medication for Mental Health, Last 4 Weeks', 'group': 'By Education', 'state': 'United States', 'subgroup': "Bachelor ... (232 characters truncated) ...  None, 'lowci': None, 'highci': None, 'confidence interval': None, 'quartile range': None, 'suppression flag': None, 'rejection reason': 'phase = -1'}, {'indicator': 'Received Counseling or Therapy, Last 4 Weeks', 'group': 'National Estimate', 'state': 'United States', 'subgroup': 'United States', 'ph ... (207 characters truncated) ...  None, 'lowci': None, 'highci': None, 'confidence interval': None, 'quartile range': None, 'suppression flag': None, 'rejection reason': 'phase = -1'}, {'indicator': 'Received Counseling or Therapy, Last 4 Weeks', 'group': 'By Age', 'state': 'United States', 'subgroup': '18 - 29 years', 'phase': -1.0, ... (196 characters truncated) ...  None, 'lowci': None, 'highci': None, 'confidence interval': None, 'quartile range': None, 'suppression flag': None, 'rejection reason': 'phase = -1'}, {'indicator': 'Received Counseling or Therapy, Last 4 Weeks', 'group': 'By Age', 'state': 'United States', 'subgroup': '30 - 39 years', 'phase': -1.0, ... (196 characters truncated) ...  None, 'lowci': None, 'highci': None, 'confidence interval': None, 'quartile range': None, 'suppression flag': None, 'rejection reason': 'phase = -1'}, {'indicator': 'Received Counseling or Therapy, Last 4 Weeks', 'group': 'By Age', 'state': 'United States', 'subgroup': '40 - 49 years', 'phase': -1.0, ... (196 characters truncated) ...  None, 'lowci': None, 'highci': None, 'confidence interval': None, 'quartile range': None, 'suppression flag': None, 'rejection reason': 'phase = -1'}, {'indicator': 'Received Counseling or Therapy, Last 4 Weeks', 'group': 'By Age', 'state': 'United States', 'subgroup': '50 - 59 years', 'phase': -1.0, ... (196 characters truncated) ...  None, 'lowci': None, 'highci': None, 'confidence interval': None, 'quartile range': None, 'suppression flag': None, 'rejection reason': 'phase = -1'}, {'indicator': 'Received Counseling or Therapy, Last 4 Weeks', 'group': 'By Age', 'state': 'United States', 'subgroup': '60 - 69 years', 'phase': -1.0, ... (196 characters truncated) ...  None, 'lowci': None, 'highci': None, 'confidence interval': None, 'quartile range': None, 'suppression flag': None, 'rejection reason': 'phase = -1'}, {'indicator': 'Received Counseling or Therapy, Last 4 Weeks', 'group': 'By Age', 'state': 'United States', 'subgroup': '70 - 79 years', 'phase': -1.0, ... (196 characters truncated) ...  None, 'lowci': None, 'highci': None, 'confidence interval': None, 'quartile range': None, 'suppression flag': None, 'rejection reason': 'phase = -1'}, {'indicator': 'Received Counseling or Therapy, Last 4 Weeks', 'group': 'By Age', 'state': 'United States', 'subgroup': '80 years and above', 'phase':  ... (201 characters truncated) ...  None, 'lowci': None, 'highci': None, 'confidence interval': None, 'quartile range': None, 'suppression flag': None, 'rejection reason': 'phase = -1'}, {'indicator': 'Received Counseling or Therapy, Last 4 Weeks', 'group': 'By Sex', 'state': 'United States', 'subgroup': 'Male', 'phase': -1.0, 'time pe ... (187 characters truncated) ...  None, 'lowci': None, 'highci': None, 'confidence interval': None, 'quartile range': None, 'suppression flag': None, 'rejection reason': 'phase = -1'} ... 390 parameters truncated ... {'indicator': 'Took Prescription Medication for Mental Health And/Or Received Counseling or Therapy, Last 4 Weeks', 'group': 'By Sex', 'state': 'Unite ... (237 characters truncated) ...  None, 'lowci': None, 'highci': None, 'confidence interval': None, 'quartile range': None, 'suppression flag': None, 'rejection reason': 'phase = -1'}, {'indicator': 'Took Prescription Medication for Mental Health And/Or Received Counseling or Therapy, Last 4 Weeks', 'group': 'By Gender identity', 'st ... (258 characters truncated) ...  None, 'lowci': None, 'highci': None, 'confidence interval': None, 'quartile range': None, 'suppression flag': None, 'rejection reason': 'phase = -1'}, {'indicator': 'Took Prescription Medication for Mental Health And/Or Received Counseling or Therapy, Last 4 Weeks', 'group': 'By Gender identity', 'st ... (260 characters truncated) ...  None, 'lowci': None, 'highci': None, 'confidence interval': None, 'quartile range': None, 'suppression flag': None, 'rejection reason': 'phase = -1'}, {'indicator': 'Took Prescription Medication for Mental Health And/Or Received Counseling or Therapy, Last 4 Weeks', 'group': 'By Gender identity', 'st ... (254 characters truncated) ...  None, 'lowci': None, 'highci': None, 'confidence interval': None, 'quartile range': None, 'suppression flag': None, 'rejection reason': 'phase = -1'}, {'indicator': 'Took Prescription Medication for Mental Health And/Or Received Counseling or Therapy, Last 4 Weeks', 'group': 'By Sexual orientation',  ... (260 characters truncated) ...  None, 'lowci': None, 'highci': None, 'confidence interval': None, 'quartile range': None, 'suppression flag': None, 'rejection reason': 'phase = -1'}, {'indicator': 'Took Prescription Medication for Mental Health And/Or Received Counseling or Therapy, Last 4 Weeks', 'group': 'By Sexual orientation',  ... (254 characters truncated) ...  None, 'lowci': None, 'highci': None, 'confidence interval': None, 'quartile range': None, 'suppression flag': None, 'rejection reason': 'phase = -1'}, {'indicator': 'Took Prescription Medication for Mental Health And/Or Received Counseling or Therapy, Last 4 Weeks', 'group': 'By Sexual orientation',  ... (254 characters truncated) ...  None, 'lowci': None, 'highci': None, 'confidence interval': None, 'quartile range': None, 'suppression flag': None, 'rejection reason': 'phase = -1'}, {'indicator': 'Took Prescription Medication for Mental Health And/Or Received Counseling or Therapy, Last 4 Weeks', 'group': 'By Presence of Symptoms  ... (339 characters truncated) ...  None, 'lowci': None, 'highci': None, 'confidence interval': None, 'quartile range': None, 'suppression flag': None, 'rejection reason': 'phase = -1'}, {'indicator': 'Took Prescription Medication for Mental Health And/Or Received Counseling or Therapy, Last 4 Weeks', 'group': 'By Presence of Symptoms  ... (328 characters truncated) ...  None, 'lowci': None, 'highci': None, 'confidence interval': None, 'quartile range': None, 'suppression flag': None, 'rejection reason': 'phase = -1'}, {'indicator': 'Took Prescription Medication for Mental Health And/Or Received Counseling or Therapy, Last 4 Weeks', 'group': 'By Race/Hispanic ethnici ... (269 characters truncated) ...  None, 'lowci': None, 'highci': None, 'confidence interval': None, 'quartile range': None, 'suppression flag': None, 'rejection reason': 'phase = -1'}, {'indicator': 'Took Prescription Medication for Mental Health And/Or Received Counseling or Therapy, Last 4 Weeks', 'group': 'By Race/Hispanic ethnici ... (282 characters truncated) ...  None, 'lowci': None, 'highci': None, 'confidence interval': None, 'quartile range': None, 'suppression flag': None, 'rejection reason': 'phase = -1'}, {'indicator': 'Took Prescription Medication for Mental Health And/Or Received Counseling or Therapy, Last 4 Weeks', 'group': 'By Race/Hispanic ethnici ... (282 characters truncated) ...  None, 'lowci': None, 'highci': None, 'confidence interval': None, 'quartile range': None, 'suppression flag': None, 'rejection reason': 'phase = -1'}, {'indicator': 'Needed Counseling or Therapy But Did Not Get It, Last 4 Weeks', 'group': 'By Education', 'state': 'United States', 'subgroup': 'High sc ... (226 characters truncated) ...  None, 'lowci': None, 'highci': None, 'confidence interval': None, 'quartile range': None, 'suppression flag': None, 'rejection reason': 'phase = -1'}, {'indicator': 'Took Prescription Medication for Mental Health And/Or Received Counseling or Therapy, Last 4 Weeks', 'group': 'By Race/Hispanic ethnici ... (282 characters truncated) ...  None, 'lowci': None, 'highci': None, 'confidence interval': None, 'quartile range': None, 'suppression flag': None, 'rejection reason': 'phase = -1'}, {'indicator': 'Took Prescription Medication for Mental Health And/Or Received Counseling or Therapy, Last 4 Weeks', 'group': 'By Race/Hispanic ethnici ... (295 characters truncated) ...  None, 'lowci': None, 'highci': None, 'confidence interval': None, 'quartile range': None, 'suppression flag': None, 'rejection reason': 'phase = -1'}, {'indicator': 'Took Prescription Medication for Mental Health And/Or Received Counseling or Therapy, Last 4 Weeks', 'group': 'By Education', 'state':  ... (268 characters truncated) ...  None, 'lowci': None, 'highci': None, 'confidence interval': None, 'quartile range': None, 'suppression flag': None, 'rejection reason': 'phase = -1'}, {'indicator': 'Took Prescription Medication for Mental Health And/Or Received Counseling or Therapy, Last 4 Weeks', 'group': 'By Education', 'state':  ... (263 characters truncated) ...  None, 'lowci': None, 'highci': None, 'confidence interval': None, 'quartile range': None, 'suppression flag': None, 'rejection reason': 'phase = -1'}, {'indicator': 'Took Prescription Medication for Mental Health And/Or Received Counseling or Therapy, Last 4 Weeks', 'group': 'By Education', 'state':  ... (268 characters truncated) ...  None, 'lowci': None, 'highci': None, 'confidence interval': None, 'quartile range': None, 'suppression flag': None, 'rejection reason': 'phase = -1'}, {'indicator': 'Took Prescription Medication for Mental Health And/Or Received Counseling or Therapy, Last 4 Weeks', 'group': 'By Education', 'state':  ... (264 characters truncated) ...  None, 'lowci': None, 'highci': None, 'confidence interval': None, 'quartile range': None, 'suppression flag': None, 'rejection reason': 'phase = -1'}, {'indicator': 'Took Prescription Medication for Mental Health And/Or Received Counseling or Therapy, Last 4 Weeks', 'group': 'By Disability status', ' ... (260 characters truncated) ...  None, 'lowci': None, 'highci': None, 'confidence interval': None, 'quartile range': None, 'suppression flag': None, 'rejection reason': 'phase = -1'}, {'indicator': 'Took Prescription Medication for Mental Health And/Or Received Counseling or Therapy, Last 4 Weeks', 'group': 'By Disability status', ' ... (263 characters truncated) ...  None, 'lowci': None, 'highci': None, 'confidence interval': None, 'quartile range': None, 'suppression flag': None, 'rejection reason': 'phase = -1'}, {'indicator': 'Needed Counseling or Therapy But Did Not Get It, Last 4 Weeks', 'group': 'National Estimate', 'state': 'United States', 'subgroup': 'Un ... (218 characters truncated) ...  None, 'lowci': None, 'highci': None, 'confidence interval': None, 'quartile range': None, 'suppression flag': None, 'rejection reason': 'phase = -1'}, {'indicator': 'Needed Counseling or Therapy But Did Not Get It, Last 4 Weeks', 'group': 'By Age', 'state': 'United States', 'subgroup': '18 - 29 years ... (207 characters truncated) ...  None, 'lowci': None, 'highci': None, 'confidence interval': None, 'quartile range': None, 'suppression flag': None, 'rejection reason': 'phase = -1'}, {'indicator': 'Needed Counseling or Therapy But Did Not Get It, Last 4 Weeks', 'group': 'By Age', 'state': 'United States', 'subgroup': '30 - 39 years ... (207 characters truncated) ...  None, 'lowci': None, 'highci': None, 'confidence interval': None, 'quartile range': None, 'suppression flag': None, 'rejection reason': 'phase = -1'}, {'indicator': 'Needed Counseling or Therapy But Did Not Get It, Last 4 Weeks', 'group': 'By Age', 'state': 'United States', 'subgroup': '40 - 49 years ... (207 characters truncated) ...  None, 'lowci': None, 'highci': None, 'confidence interval': None, 'quartile range': None, 'suppression flag': None, 'rejection reason': 'phase = -1'}, {'indicator': 'Needed Counseling or Therapy But Did Not Get It, Last 4 Weeks', 'group': 'By Age', 'state': 'United States', 'subgroup': '50 - 59 years ... (207 characters truncated) ...  None, 'lowci': None, 'highci': None, 'confidence interval': None, 'quartile range': None, 'suppression flag': None, 'rejection reason': 'phase = -1'}, {'indicator': 'Needed Counseling or Therapy But Did Not Get It, Last 4 Weeks', 'group': 'By Age', 'state': 'United States', 'subgroup': '60 - 69 years ... (207 characters truncated) ...  None, 'lowci': None, 'highci': None, 'confidence interval': None, 'quartile range': None, 'suppression flag': None, 'rejection reason': 'phase = -1'}, {'indicator': 'Needed Counseling or Therapy But Did Not Get It, Last 4 Weeks', 'group': 'By Age', 'state': 'United States', 'subgroup': '70 - 79 years ... (207 characters truncated) ...  None, 'lowci': None, 'highci': None, 'confidence interval': None, 'quartile range': None, 'suppression flag': None, 'rejection reason': 'phase = -1'}, {'indicator': 'Needed Counseling or Therapy But Did Not Get It, Last 4 Weeks', 'group': 'By Age', 'state': 'United States', 'subgroup': '80 years and  ... (212 characters truncated) ...  None, 'lowci': None, 'highci': None, 'confidence interval': None, 'quartile range': None, 'suppression flag': None, 'rejection reason': 'phase = -1'}, {'indicator': 'Needed Counseling or Therapy But Did Not Get It, Last 4 Weeks', 'group': 'By Sex', 'state': 'United States', 'subgroup': 'Male', 'phase ... (198 characters truncated) ...  None, 'lowci': None, 'highci': None, 'confidence interval': None, 'quartile range': None, 'suppression flag': None, 'rejection reason': 'phase = -1'}, {'indicator': 'Needed Counseling or Therapy But Did Not Get It, Last 4 Weeks', 'group': 'By Sex', 'state': 'United States', 'subgroup': 'Female', 'pha ... (200 characters truncated) ...  None, 'lowci': None, 'highci': None, 'confidence interval': None, 'quartile range': None, 'suppression flag': None, 'rejection reason': 'phase = -1'}, {'indicator': 'Needed Counseling or Therapy But Did Not Get It, Last 4 Weeks', 'group': 'By Gender identity', 'state': 'United States', 'subgroup': 'C ... (221 characters truncated) ...  None, 'lowci': None, 'highci': None, 'confidence interval': None, 'quartile range': None, 'suppression flag': None, 'rejection reason': 'phase = -1'}, {'indicator': 'Needed Counseling or Therapy But Did Not Get It, Last 4 Weeks', 'group': 'By Gender identity', 'state': 'United States', 'subgroup': 'C ... (223 characters truncated) ...  None, 'lowci': None, 'highci': None, 'confidence interval': None, 'quartile range': None, 'suppression flag': None, 'rejection reason': 'phase = -1'}, {'indicator': 'Needed Counseling or Therapy But Did Not Get It, Last 4 Weeks', 'group': 'By Gender identity', 'state': 'United States', 'subgroup': 'T ... (217 characters truncated) ...  None, 'lowci': None, 'highci': None, 'confidence interval': None, 'quartile range': None, 'suppression flag': None, 'rejection reason': 'phase = -1'}, {'indicator': 'Needed Counseling or Therapy But Did Not Get It, Last 4 Weeks', 'group': 'By Sexual orientation', 'state': 'United States', 'subgroup': ... (223 characters truncated) ...  None, 'lowci': None, 'highci': None, 'confidence interval': None, 'quartile range': None, 'suppression flag': None, 'rejection reason': 'phase = -1'}, {'indicator': 'Needed Counseling or Therapy But Did Not Get It, Last 4 Weeks', 'group': 'By Sexual orientation', 'state': 'United States', 'subgroup': ... (217 characters truncated) ...  None, 'lowci': None, 'highci': None, 'confidence interval': None, 'quartile range': None, 'suppression flag': None, 'rejection reason': 'phase = -1'}, {'indicator': 'Needed Counseling or Therapy But Did Not Get It, Last 4 Weeks', 'group': 'By Sexual orientation', 'state': 'United States', 'subgroup': ... (217 characters truncated) ...  None, 'lowci': None, 'highci': None, 'confidence interval': None, 'quartile range': None, 'suppression flag': None, 'rejection reason': 'phase = -1'}, {'indicator': 'Needed Counseling or Therapy But Did Not Get It, Last 4 Weeks', 'group': 'By Presence of Symptoms of Anxiety/Depression', 'state': 'Uni ... (302 characters truncated) ...  None, 'lowci': None, 'highci': None, 'confidence interval': None, 'quartile range': None, 'suppression flag': None, 'rejection reason': 'phase = -1'}, {'indicator': 'Needed Counseling or Therapy But Did Not Get It, Last 4 Weeks', 'group': 'By Presence of Symptoms of Anxiety/Depression', 'state': 'Uni ... (291 characters truncated) ...  None, 'lowci': None, 'highci': None, 'confidence interval': None, 'quartile range': None, 'suppression flag': None, 'rejection reason': 'phase = -1'}, {'indicator': 'Needed Counseling or Therapy But Did Not Get It, Last 4 Weeks', 'group': 'By Race/Hispanic ethnicity', 'state': 'United States', 'subgr ... (232 characters truncated) ...  None, 'lowci': None, 'highci': None, 'confidence interval': None, 'quartile range': None, 'suppression flag': None, 'rejection reason': 'phase = -1'}, {'indicator': 'Needed Counseling or Therapy But Did Not Get It, Last 4 Weeks', 'group': 'By Race/Hispanic ethnicity', 'state': 'United States', 'subgr ... (245 characters truncated) ...  None, 'lowci': None, 'highci': None, 'confidence interval': None, 'quartile range': None, 'suppression flag': None, 'rejection reason': 'phase = -1'}, {'indicator': 'Needed Counseling or Therapy But Did Not Get It, Last 4 Weeks', 'group': 'By Race/Hispanic ethnicity', 'state': 'United States', 'subgr ... (245 characters truncated) ...  None, 'lowci': None, 'highci': None, 'confidence interval': None, 'quartile range': None, 'suppression flag': None, 'rejection reason': 'phase = -1'}, {'indicator': 'Needed Counseling or Therapy But Did Not Get It, Last 4 Weeks', 'group': 'By Race/Hispanic ethnicity', 'state': 'United States', 'subgr ... (245 characters truncated) ...  None, 'lowci': None, 'highci': None, 'confidence interval': None, 'quartile range': None, 'suppression flag': None, 'rejection reason': 'phase = -1'}, {'indicator': 'Needed Counseling or Therapy But Did Not Get It, Last 4 Weeks', 'group': 'By Race/Hispanic ethnicity', 'state': 'United States', 'subgr ... (258 characters truncated) ...  None, 'lowci': None, 'highci': None, 'confidence interval': None, 'quartile range': None, 'suppression flag': None, 'rejection reason': 'phase = -1'}, {'indicator': 'Needed Counseling or Therapy But Did Not Get It, Last 4 Weeks', 'group': 'By Education', 'state': 'United States', 'subgroup': 'Less th ... (231 characters truncated) ...  None, 'lowci': None, 'highci': None, 'confidence interval': None, 'quartile range': None, 'suppression flag': None, 'rejection reason': 'phase = -1'}, {'indicator': 'Needed Counseling or Therapy But Did Not Get It, Last 4 Weeks', 'group': 'By Education', 'state': 'United States', 'subgroup': "Some co ... (231 characters truncated) ...  None, 'lowci': None, 'highci': None, 'confidence interval': None, 'quartile range': None, 'suppression flag': None, 'rejection reason': 'phase = -1'}, {'indicator': 'Needed Counseling or Therapy But Did Not Get It, Last 4 Weeks', 'group': 'By Education', 'state': 'United States', 'subgroup': "Bachelo ... (227 characters truncated) ...  None, 'lowci': None, 'highci': None, 'confidence interval': None, 'quartile range': None, 'suppression flag': None, 'rejection reason': 'phase = -1'}, {'indicator': 'Needed Counseling or Therapy But Did Not Get It, Last 4 Weeks', 'group': 'By Disability status', 'state': 'United States', 'subgroup':  ... (223 characters truncated) ...  None, 'lowci': None, 'highci': None, 'confidence interval': None, 'quartile range': None, 'suppression flag': None, 'rejection reason': 'phase = -1'}, {'indicator': 'Needed Counseling or Therapy But Did Not Get It, Last 4 Weeks', 'group': 'By Disability status', 'state': 'United States', 'subgroup':  ... (226 characters truncated) ...  None, 'lowci': None, 'highci': None, 'confidence interval': None, 'quartile range': None, 'suppression flag': None, 'rejection reason': 'phase = -1'}, {'indicator': 'Needed Counseling or Therapy But Did Not Get It, Last 4 Weeks', 'group': 'By Age', 'state': 'United States', 'subgroup': '80 years and  ... (222 characters truncated) ... owci': None, 'highci': None, 'confidence interval': None, 'quartile range': None, 'suppression flag': 1.0, 'rejection reason': 'suppression flag = 1'}]]
(Background on this error at: https://sqlalche.me/e/20/cd3x)
6108 - 14-Feb-26 19:16:34 - DBlogger - Successfully closed DB connection
14140 - 14-Feb-26 19:17:47 - main - Ingestion pipeline starting
14140 - 14-Feb-26 19:17:47 - ingestion.Reader - Attempting to read CSV at C:\Users\armin\OneDrive\Desktop\Developer\MHIngestion\data\Mental_Health_DB.csv
14140 - 14-Feb-26 19:17:47 - ingestion.Reader - Read 10404 rows from C:\Users\armin\OneDrive\Desktop\Developer\MHIngestion\data\Mental_Health_DB.csv
14140 - 14-Feb-26 19:17:47 - ingestion.Validator - Successfully validated 9914 rows
14140 - 14-Feb-26 19:17:47 - ingestion.Validator - Rejected 490 rows
14140 - 14-Feb-26 19:17:47 - ingestion.Cleaner - Starting data cleaning step
14140 - 14-Feb-26 19:17:47 - ingestion.Cleaner - Removed 0 duplicate rows
14140 - 14-Feb-26 19:17:47 - ingestion.Cleaner - Converted column 'phase' to numeric
14140 - 14-Feb-26 19:17:47 - ingestion.Cleaner - Converted column 'value' to numeric
14140 - 14-Feb-26 19:17:47 - ingestion.Cleaner - Converted column 'lowci' to numeric
14140 - 14-Feb-26 19:17:47 - ingestion.Cleaner - Converted column 'highci' to numeric
14140 - 14-Feb-26 19:17:47 - ingestion.Cleaner - Converted 'time period' to nullable Int64
14140 - 14-Feb-26 19:17:47 - ingestion.Cleaner - Converted 'time period start date' to datetime
14140 - 14-Feb-26 19:17:47 - ingestion.Cleaner - Converted 'time period end date' to datetime
14140 - 14-Feb-26 19:17:47 - ingestion.Cleaner - Converted 'indicator' to string
14140 - 14-Feb-26 19:17:47 - ingestion.Cleaner - Converted 'group' to string
14140 - 14-Feb-26 19:17:47 - ingestion.Cleaner - Converted 'state' to string
14140 - 14-Feb-26 19:17:47 - ingestion.Cleaner - Converted 'subgroup' to string
14140 - 14-Feb-26 19:17:47 - ingestion.Cleaner - Converted 'time period label' to string
14140 - 14-Feb-26 19:17:47 - ingestion.Cleaner - Converted 'confidence interval' to string
14140 - 14-Feb-26 19:17:47 - ingestion.Cleaner - Converted 'quartile range' to string
14140 - 14-Feb-26 19:17:47 - ingestion.Cleaner - Completed data cleaning.
14140 - 14-Feb-26 19:17:47 - ingestion.Cleaner - Starting data cleaning step
14140 - 14-Feb-26 19:17:47 - ingestion.Cleaner - Removed 0 duplicate rows
14140 - 14-Feb-26 19:17:47 - ingestion.Cleaner - Converted column 'phase' to numeric
14140 - 14-Feb-26 19:17:47 - ingestion.Cleaner - Converted column 'value' to numeric
14140 - 14-Feb-26 19:17:47 - ingestion.Cleaner - Converted column 'lowci' to numeric
14140 - 14-Feb-26 19:17:47 - ingestion.Cleaner - Converted column 'highci' to numeric
14140 - 14-Feb-26 19:17:47 - ingestion.Cleaner - Converted 'time period' to nullable Int64
14140 - 14-Feb-26 19:17:47 - ingestion.Cleaner - Converted 'time period start date' to datetime
14140 - 14-Feb-26 19:17:47 - ingestion.Cleaner - Converted 'time period end date' to datetime
14140 - 14-Feb-26 19:17:47 - ingestion.Cleaner - Converted 'indicator' to string
14140 - 14-Feb-26 19:17:47 - ingestion.Cleaner - Converted 'group' to string
14140 - 14-Feb-26 19:17:47 - ingestion.Cleaner - Converted 'state' to string
14140 - 14-Feb-26 19:17:47 - ingestion.Cleaner - Converted 'subgroup' to string
14140 - 14-Feb-26 19:17:47 - ingestion.Cleaner - Converted 'time period label' to string
14140 - 14-Feb-26 19:17:47 - ingestion.Cleaner - Converted 'confidence interval' to string
14140 - 14-Feb-26 19:17:47 - ingestion.Cleaner - Converted 'quartile range' to string
14140 - 14-Feb-26 19:17:47 - ingestion.Cleaner - Converted column suppression flag to numeric
14140 - 14-Feb-26 19:17:47 - ingestion.Cleaner - Converted rejection reason to string
14140 - 14-Feb-26 19:17:47 - ingestion.Cleaner - Completed data cleaning.
14140 - 14-Feb-26 19:17:48 - DBlogger - Successfully connected to database
14140 - 14-Feb-26 19:17:49 - DBlogger - Error occurred during data insertion: (sqlalchemy.exc.InvalidRequestError) A value is required for bind parameter 'category'
[SQL: INSERT INTO mental_health (indicator, category, state,                                subcategory, phase, time_period, time_period_label, time_period_start_date,                                time_period_end_date, value, lowci, highci, confidence_interval, quartile_range) VALUES (%(indicator)s, %(category)s, %(state)s,                                %(subcategory)s, %(phase)s, %(time_period)s, %(time_period_label)s, %(time_period_start_date)s,                                %(time_period_end_date)s, %(value)s, %(lowci)s, %(highci)s, %(confidence_interval)s, %(quartile_range)s)]
[parameters: [{'indicator': 'Received Counseling or Therapy, Last 4 Weeks', 'group': 'By Sex', 'state': 'United States', 'subgroup': 'Male', 'phase': 2.0, 'time per ... (126 characters truncated) ... od end date': Timestamp('2020-09-28 00:00:00'), 'value': 6.9, 'lowci': 6.5, 'highci': 7.3, 'confidence interval': '6.5 - 7.3', 'quartile range': None}, {'indicator': 'Received Counseling or Therapy, Last 4 Weeks', 'group': 'By Sex', 'state': 'United States', 'subgroup': 'Female', 'phase': 2.0, 'time p ... (133 characters truncated) ... d date': Timestamp('2020-09-28 00:00:00'), 'value': 11.0, 'lowci': 10.4, 'highci': 11.6, 'confidence interval': '10.4 - 11.6', 'quartile range': None}, {'indicator': 'Took Prescription Medication for Mental Health, Last 4 Weeks', 'group': 'National Estimate', 'state': 'United States', 'subgroup': 'Uni ... (167 characters truncated) ... d date': Timestamp('2020-08-31 00:00:00'), 'value': 19.4, 'lowci': 19.0, 'highci': 19.8, 'confidence interval': '19.0 - 19.8', 'quartile range': None}, {'indicator': 'Took Prescription Medication for Mental Health, Last 4 Weeks', 'group': 'By Age', 'state': 'United States', 'subgroup': '18 - 29 years' ... (156 characters truncated) ... d date': Timestamp('2020-08-31 00:00:00'), 'value': 18.7, 'lowci': 17.2, 'highci': 20.3, 'confidence interval': '17.2 - 20.3', 'quartile range': None}, {'indicator': 'Took Prescription Medication for Mental Health, Last 4 Weeks', 'group': 'By Age', 'state': 'United States', 'subgroup': '30 - 39 years' ... (156 characters truncated) ... d date': Timestamp('2020-08-31 00:00:00'), 'value': 18.3, 'lowci': 17.3, 'highci': 19.2, 'confidence interval': '17.3 - 19.2', 'quartile range': None}, {'indicator': 'Took Prescription Medication for Mental Health, Last 4 Weeks', 'group': 'By Age', 'state': 'United States', 'subgroup': '40 - 49 years' ... (156 characters truncated) ... d date': Timestamp('2020-08-31 00:00:00'), 'value': 20.4, 'lowci': 19.5, 'highci': 21.3, 'confidence interval': '19.5 - 21.3', 'quartile range': None}, {'indicator': 'Took Prescription Medication for Mental Health, Last 4 Weeks', 'group': 'By Age', 'state': 'United States', 'subgroup': '50 - 59 years' ... (156 characters truncated) ... d date': Timestamp('2020-08-31 00:00:00'), 'value': 21.2, 'lowci': 20.2, 'highci': 22.2, 'confidence interval': '20.2 - 22.2', 'quartile range': None}, {'indicator': 'Took Prescription Medication for Mental Health, Last 4 Weeks', 'group': 'By Age', 'state': 'United States', 'subgroup': '60 - 69 years' ... (156 characters truncated) ... d date': Timestamp('2020-08-31 00:00:00'), 'value': 19.7, 'lowci': 18.7, 'highci': 20.7, 'confidence interval': '18.7 - 20.7', 'quartile range': None}, {'indicator': 'Took Prescription Medication for Mental Health, Last 4 Weeks', 'group': 'By Age', 'state': 'United States', 'subgroup': '70 - 79 years' ... (156 characters truncated) ... d date': Timestamp('2020-08-31 00:00:00'), 'value': 18.4, 'lowci': 17.0, 'highci': 19.9, 'confidence interval': '17.0 - 19.9', 'quartile range': None}, {'indicator': 'Took Prescription Medication for Mental Health, Last 4 Weeks', 'group': 'By Age', 'state': 'United States', 'subgroup': '80 years and a ... (161 characters truncated) ... d date': Timestamp('2020-08-31 00:00:00'), 'value': 13.8, 'lowci': 11.0, 'highci': 17.0, 'confidence interval': '11.0 - 17.0', 'quartile range': None}, {'indicator': 'Took Prescription Medication for Mental Health, Last 4 Weeks', 'group': 'By Sex', 'state': 'United States', 'subgroup': 'Male', 'phase' ... (147 characters truncated) ... d date': Timestamp('2020-08-31 00:00:00'), 'value': 13.7, 'lowci': 13.0, 'highci': 14.3, 'confidence interval': '13.0 - 14.3', 'quartile range': None}, {'indicator': 'Took Prescription Medication for Mental Health, Last 4 Weeks', 'group': 'By Sex', 'state': 'United States', 'subgroup': 'Female', 'phas ... (149 characters truncated) ... d date': Timestamp('2020-08-31 00:00:00'), 'value': 24.6, 'lowci': 24.0, 'highci': 25.2, 'confidence interval': '24.0 - 25.2', 'quartile range': None}, {'indicator': 'Took Prescription Medication for Mental Health, Last 4 Weeks', 'group': 'By Presence of Symptoms of Anxiety/Depression', 'state': 'Unit ... (251 characters truncated) ... d date': Timestamp('2020-08-31 00:00:00'), 'value': 11.6, 'lowci': 11.2, 'highci': 12.1, 'confidence interval': '11.2 - 12.1', 'quartile range': None}, {'indicator': 'Took Prescription Medication for Mental Health, Last 4 Weeks', 'group': 'By Presence of Symptoms of Anxiety/Depression', 'state': 'Unit ... (240 characters truncated) ... d date': Timestamp('2020-08-31 00:00:00'), 'value': 33.0, 'lowci': 32.1, 'highci': 33.9, 'confidence interval': '32.1 - 33.9', 'quartile range': None}, {'indicator': 'Took Prescription Medication for Mental Health, Last 4 Weeks', 'group': 'By Race/Hispanic ethnicity', 'state': 'United States', 'subgro ... (181 characters truncated) ... d date': Timestamp('2020-08-31 00:00:00'), 'value': 13.8, 'lowci': 12.6, 'highci': 15.0, 'confidence interval': '12.6 - 15.0', 'quartile range': None}, {'indicator': 'Took Prescription Medication for Mental Health, Last 4 Weeks', 'group': 'By Race/Hispanic ethnicity', 'state': 'United States', 'subgro ... (194 characters truncated) ... d date': Timestamp('2020-08-31 00:00:00'), 'value': 22.5, 'lowci': 22.1, 'highci': 23.0, 'confidence interval': '22.1 - 23.0', 'quartile range': None}, {'indicator': 'Took Prescription Medication for Mental Health, Last 4 Weeks', 'group': 'By Race/Hispanic ethnicity', 'state': 'United States', 'subgro ... (194 characters truncated) ... d date': Timestamp('2020-08-31 00:00:00'), 'value': 12.6, 'lowci': 11.4, 'highci': 13.9, 'confidence interval': '11.4 - 13.9', 'quartile range': None}, {'indicator': 'Took Prescription Medication for Mental Health, Last 4 Weeks', 'group': 'By Race/Hispanic ethnicity', 'state': 'United States', 'subgro ... (189 characters truncated) ... od end date': Timestamp('2020-08-31 00:00:00'), 'value': 8.1, 'lowci': 6.9, 'highci': 9.4, 'confidence interval': '6.9 - 9.4', 'quartile range': None}, {'indicator': 'Took Prescription Medication for Mental Health, Last 4 Weeks', 'group': 'By Race/Hispanic ethnicity', 'state': 'United States', 'subgro ... (207 characters truncated) ... d date': Timestamp('2020-08-31 00:00:00'), 'value': 22.1, 'lowci': 19.3, 'highci': 25.2, 'confidence interval': '19.3 - 25.2', 'quartile range': None}, {'indicator': 'Took Prescription Medication for Mental Health, Last 4 Weeks', 'group': 'By Education', 'state': 'United States', 'subgroup': 'Less tha ... (180 characters truncated) ... d date': Timestamp('2020-08-31 00:00:00'), 'value': 17.4, 'lowci': 14.9, 'highci': 20.1, 'confidence interval': '14.9 - 20.1', 'quartile range': None}, {'indicator': 'Took Prescription Medication for Mental Health, Last 4 Weeks', 'group': 'By Education', 'state': 'United States', 'subgroup': 'High sch ... (175 characters truncated) ... d date': Timestamp('2020-08-31 00:00:00'), 'value': 18.1, 'lowci': 17.2, 'highci': 19.1, 'confidence interval': '17.2 - 19.1', 'quartile range': None}, {'indicator': 'Took Prescription Medication for Mental Health, Last 4 Weeks', 'group': 'By Education', 'state': 'United States', 'subgroup': "Some col ... (180 characters truncated) ... d date': Timestamp('2020-08-31 00:00:00'), 'value': 21.0, 'lowci': 20.2, 'highci': 21.8, 'confidence interval': '20.2 - 21.8', 'quartile range': None}, {'indicator': 'Took Prescription Medication for Mental Health, Last 4 Weeks', 'group': 'By Education', 'state': 'United States', 'subgroup': "Bachelor ... (176 characters truncated) ... d date': Timestamp('2020-08-31 00:00:00'), 'value': 19.4, 'lowci': 19.0, 'highci': 19.9, 'confidence interval': '19.0 - 19.9', 'quartile range': None}, {'indicator': 'Took Prescription Medication for Mental Health, Last 4 Weeks', 'group': 'By State', 'state': 'Alabama', 'subgroup': 'Alabama', 'phase': ... (153 characters truncated) ... : Timestamp('2020-08-31 00:00:00'), 'value': 22.3, 'lowci': 19.6, 'highci': 25.1, 'confidence interval': '19.6 - 25.1', 'quartile range': '20.6-22.5'}, {'indicator': 'Took Prescription Medication for Mental Health, Last 4 Weeks', 'group': 'By State', 'state': 'Alaska', 'subgroup': 'Alaska', 'phase': 2 ... (151 characters truncated) ... : Timestamp('2020-08-31 00:00:00'), 'value': 16.7, 'lowci': 14.2, 'highci': 19.5, 'confidence interval': '14.2 - 19.5', 'quartile range': '12.2-18.4'}, {'indicator': 'Took Prescription Medication for Mental Health, Last 4 Weeks', 'group': 'By State', 'state': 'Arizona', 'subgroup': 'Arizona', 'phase': ... (153 characters truncated) ... : Timestamp('2020-08-31 00:00:00'), 'value': 18.3, 'lowci': 16.1, 'highci': 20.7, 'confidence interval': '16.1 - 20.7', 'quartile range': '12.2-18.4'}, {'indicator': 'Took Prescription Medication for Mental Health, Last 4 Weeks', 'group': 'By State', 'state': 'Arkansas', 'subgroup': 'Arkansas', 'phase ... (155 characters truncated) ... : Timestamp('2020-08-31 00:00:00'), 'value': 24.1, 'lowci': 20.8, 'highci': 27.7, 'confidence interval': '20.8 - 27.7', 'quartile range': '22.6-26.8'}, {'indicator': 'Took Prescription Medication for Mental Health, Last 4 Weeks', 'group': 'By State', 'state': 'California', 'subgroup': 'California', 'p ... (159 characters truncated) ... : Timestamp('2020-08-31 00:00:00'), 'value': 15.8, 'lowci': 14.4, 'highci': 17.4, 'confidence interval': '14.4 - 17.4', 'quartile range': '12.2-18.4'}, {'indicator': 'Took Prescription Medication for Mental Health, Last 4 Weeks', 'group': 'By State', 'state': 'Colorado', 'subgroup': 'Colorado', 'phase ... (155 characters truncated) ... : Timestamp('2020-08-31 00:00:00'), 'value': 17.0, 'lowci': 15.1, 'highci': 19.1, 'confidence interval': '15.1 - 19.1', 'quartile range': '12.2-18.4'}, {'indicator': 'Took Prescription Medication for Mental Health, Last 4 Weeks', 'group': 'By State', 'state': 'Connecticut', 'subgroup': 'Connecticut',  ... (161 characters truncated) ... : Timestamp('2020-08-31 00:00:00'), 'value': 18.8, 'lowci': 15.7, 'highci': 22.3, 'confidence interval': '15.7 - 22.3', 'quartile range': '18.5-20.5'}, {'indicator': 'Took Prescription Medication for Mental Health, Last 4 Weeks', 'group': 'By State', 'state': 'Delaware', 'subgroup': 'Delaware', 'phase ... (155 characters truncated) ... : Timestamp('2020-08-31 00:00:00'), 'value': 19.8, 'lowci': 16.4, 'highci': 23.6, 'confidence interval': '16.4 - 23.6', 'quartile range': '18.5-20.5'}, {'indicator': 'Took Prescription Medication for Mental Health, Last 4 Weeks', 'group': 'By State', 'state': 'District of Columbia', 'subgroup': 'Distr ... (179 characters truncated) ... : Timestamp('2020-08-31 00:00:00'), 'value': 18.0, 'lowci': 13.8, 'highci': 22.8, 'confidence interval': '13.8 - 22.8', 'quartile range': '12.2-18.4'}, {'indicator': 'Took Prescription Medication for Mental Health, Last 4 Weeks', 'group': 'By State', 'state': 'Florida', 'subgroup': 'Florida', 'phase': ... (153 characters truncated) ... : Timestamp('2020-08-31 00:00:00'), 'value': 19.0, 'lowci': 16.4, 'highci': 21.7, 'confidence interval': '16.4 - 21.7', 'quartile range': '18.5-20.5'}, {'indicator': 'Took Prescription Medication for Mental Health, Last 4 Weeks', 'group': 'By State', 'state': 'Georgia', 'subgroup': 'Georgia', 'phase': ... (153 characters truncated) ... : Timestamp('2020-08-31 00:00:00'), 'value': 21.1, 'lowci': 18.5, 'highci': 23.9, 'confidence interval': '18.5 - 23.9', 'quartile range': '20.6-22.5'}, {'indicator': 'Took Prescription Medication for Mental Health, Last 4 Weeks', 'group': 'By State', 'state': 'Hawaii', 'subgroup': 'Hawaii', 'phase': 2 ... (149 characters truncated) ... e': Timestamp('2020-08-31 00:00:00'), 'value': 12.2, 'lowci': 9.8, 'highci': 15.0, 'confidence interval': '9.8 - 15.0', 'quartile range': '12.2-18.4'}, {'indicator': 'Took Prescription Medication for Mental Health, Last 4 Weeks', 'group': 'By State', 'state': 'Idaho', 'subgroup': 'Idaho', 'phase': 2.0 ... (149 characters truncated) ... : Timestamp('2020-08-31 00:00:00'), 'value': 22.5, 'lowci': 19.8, 'highci': 25.4, 'confidence interval': '19.8 - 25.4', 'quartile range': '20.6-22.5'}, {'indicator': 'Took Prescription Medication for Mental Health, Last 4 Weeks', 'group': 'By State', 'state': 'Illinois', 'subgroup': 'Illinois', 'phase ... (155 characters truncated) ... : Timestamp('2020-08-31 00:00:00'), 'value': 17.2, 'lowci': 14.9, 'highci': 19.6, 'confidence interval': '14.9 - 19.6', 'quartile range': '12.2-18.4'}, {'indicator': 'Took Prescription Medication for Mental Health, Last 4 Weeks', 'group': 'By State', 'state': 'Indiana', 'subgroup': 'Indiana', 'phase': ... (153 characters truncated) ... : Timestamp('2020-08-31 00:00:00'), 'value': 23.5, 'lowci': 20.7, 'highci': 26.4, 'confidence interval': '20.7 - 26.4', 'quartile range': '22.6-26.8'}, {'indicator': 'Took Prescription Medication for Mental Health, Last 4 Weeks', 'group': 'By State', 'state': 'Iowa', 'subgroup': 'Iowa', 'phase': 2.0,  ... (147 characters truncated) ... : Timestamp('2020-08-31 00:00:00'), 'value': 23.1, 'lowci': 19.9, 'highci': 26.5, 'confidence interval': '19.9 - 26.5', 'quartile range': '22.6-26.8'}, {'indicator': 'Took Prescription Medication for Mental Health, Last 4 Weeks', 'group': 'By State', 'state': 'Kansas', 'subgroup': 'Kansas', 'phase': 2 ... (151 characters truncated) ... : Timestamp('2020-08-31 00:00:00'), 'value': 21.2, 'lowci': 17.9, 'highci': 24.7, 'confidence interval': '17.9 - 24.7', 'quartile range': '20.6-22.5'}, {'indicator': 'Took Prescription Medication for Mental Health, Last 4 Weeks', 'group': 'By State', 'state': 'Kentucky', 'subgroup': 'Kentucky', 'phase ... (155 characters truncated) ... : Timestamp('2020-08-31 00:00:00'), 'value': 26.8, 'lowci': 23.0, 'highci': 30.9, 'confidence interval': '23.0 - 30.9', 'quartile range': '22.6-26.8'}, {'indicator': 'Took Prescription Medication for Mental Health, Last 4 Weeks', 'group': 'By State', 'state': 'Louisiana', 'subgroup': 'Louisiana', 'pha ... (157 characters truncated) ... : Timestamp('2020-08-31 00:00:00'), 'value': 23.6, 'lowci': 20.6, 'highci': 26.9, 'confidence interval': '20.6 - 26.9', 'quartile range': '22.6-26.8'}, {'indicator': 'Took Prescription Medication for Mental Health, Last 4 Weeks', 'group': 'By State', 'state': 'Maine', 'subgroup': 'Maine', 'phase': 2.0 ... (149 characters truncated) ... : Timestamp('2020-08-31 00:00:00'), 'value': 23.1, 'lowci': 19.4, 'highci': 27.1, 'confidence interval': '19.4 - 27.1', 'quartile range': '22.6-26.8'}, {'indicator': 'Took Prescription Medication for Mental Health, Last 4 Weeks', 'group': 'By State', 'state': 'Maryland', 'subgroup': 'Maryland', 'phase ... (155 characters truncated) ... : Timestamp('2020-08-31 00:00:00'), 'value': 17.1, 'lowci': 15.1, 'highci': 19.3, 'confidence interval': '15.1 - 19.3', 'quartile range': '12.2-18.4'}, {'indicator': 'Took Prescription Medication for Mental Health, Last 4 Weeks', 'group': 'By State', 'state': 'Massachusetts', 'subgroup': 'Massachusett ... (165 characters truncated) ... : Timestamp('2020-08-31 00:00:00'), 'value': 19.9, 'lowci': 18.0, 'highci': 21.9, 'confidence interval': '18.0 - 21.9', 'quartile range': '18.5-20.5'}, {'indicator': 'Took Prescription Medication for Mental Health, Last 4 Weeks', 'group': 'By State', 'state': 'Michigan', 'subgroup': 'Michigan', 'phase ... (155 characters truncated) ... : Timestamp('2020-08-31 00:00:00'), 'value': 20.4, 'lowci': 17.7, 'highci': 23.3, 'confidence interval': '17.7 - 23.3', 'quartile range': '18.5-20.5'}, {'indicator': 'Took Prescription Medication for Mental Health, Last 4 Weeks', 'group': 'By State', 'state': 'Minnesota', 'subgroup': 'Minnesota', 'pha ... (157 characters truncated) ... : Timestamp('2020-08-31 00:00:00'), 'value': 20.6, 'lowci': 18.3, 'highci': 23.0, 'confidence interval': '18.3 - 23.0', 'quartile range': '20.6-22.5'}, {'indicator': 'Took Prescription Medication for Mental Health, Last 4 Weeks', 'group': 'By State', 'state': 'Mississippi', 'subgroup': 'Mississippi',  ... (161 characters truncated) ... : Timestamp('2020-08-31 00:00:00'), 'value': 20.8, 'lowci': 17.4, 'highci': 24.7, 'confidence interval': '17.4 - 24.7', 'quartile range': '20.6-22.5'}, {'indicator': 'Took Prescription Medication for Mental Health, Last 4 Weeks', 'group': 'By State', 'state': 'Missouri', 'subgroup': 'Missouri', 'phase ... (155 characters truncated) ... : Timestamp('2020-08-31 00:00:00'), 'value': 23.7, 'lowci': 21.0, 'highci': 26.6, 'confidence interval': '21.0 - 26.6', 'quartile range': '22.6-26.8'}, {'indicator': 'Took Prescription Medication for Mental Health, Last 4 Weeks', 'group': 'By State', 'state': 'Montana', 'subgroup': 'Montana', 'phase': ... (153 characters truncated) ... : Timestamp('2020-08-31 00:00:00'), 'value': 18.4, 'lowci': 15.5, 'highci': 21.5, 'confidence interval': '15.5 - 21.5', 'quartile range': '12.2-18.4'} ... 9814 parameters truncated ... {'indicator': 'Needed Counseling or Therapy But Did Not Get It, Last 4 Weeks', 'group': 'By State', 'state': 'Alaska', 'subgroup': 'Alaska', 'phase':  ... (151 characters truncated) ... : Timestamp('2022-05-09 00:00:00'), 'value': 15.8, 'lowci': 12.6, 'highci': 19.4, 'confidence interval': '12.6 - 19.4', 'quartile range': '13.0-20.8'}, {'indicator': 'Needed Counseling or Therapy But Did Not Get It, Last 4 Weeks', 'group': 'By State', 'state': 'Arizona', 'subgroup': 'Arizona', 'phase' ... (150 characters truncated) ... te': Timestamp('2022-05-09 00:00:00'), 'value': 10.8, 'lowci': 8.3, 'highci': 13.6, 'confidence interval': '8.3 - 13.6', 'quartile range': '9.6-11.3'}, {'indicator': 'Needed Counseling or Therapy But Did Not Get It, Last 4 Weeks', 'group': 'By State', 'state': 'Arkansas', 'subgroup': 'Arkansas', 'phas ... (155 characters truncated) ... : Timestamp('2022-05-09 00:00:00'), 'value': 15.1, 'lowci': 12.0, 'highci': 18.7, 'confidence interval': '12.0 - 18.7', 'quartile range': '13.0-20.8'}, {'indicator': 'Needed Counseling or Therapy But Did Not Get It, Last 4 Weeks', 'group': 'By State', 'state': 'California', 'subgroup': 'California', ' ... (159 characters truncated) ... : Timestamp('2022-05-09 00:00:00'), 'value': 13.4, 'lowci': 11.2, 'highci': 15.9, 'confidence interval': '11.2 - 15.9', 'quartile range': '13.0-20.8'}, {'indicator': 'Needed Counseling or Therapy But Did Not Get It, Last 4 Weeks', 'group': 'By State', 'state': 'Colorado', 'subgroup': 'Colorado', 'phas ... (152 characters truncated) ... te': Timestamp('2022-05-09 00:00:00'), 'value': 10.6, 'lowci': 8.2, 'highci': 13.6, 'confidence interval': '8.2 - 13.6', 'quartile range': '9.6-11.3'}, {'indicator': 'Needed Counseling or Therapy But Did Not Get It, Last 4 Weeks', 'group': 'By State', 'state': 'Connecticut', 'subgroup': 'Connecticut', ... (156 characters truncated) ... date': Timestamp('2022-05-09 00:00:00'), 'value': 9.2, 'lowci': 7.2, 'highci': 11.5, 'confidence interval': '7.2 - 11.5', 'quartile range': '6.6-9.5'}, {'indicator': 'Needed Counseling or Therapy But Did Not Get It, Last 4 Weeks', 'group': 'By State', 'state': 'Delaware', 'subgroup': 'Delaware', 'phas ... (150 characters truncated) ... date': Timestamp('2022-05-09 00:00:00'), 'value': 6.6, 'lowci': 3.7, 'highci': 10.8, 'confidence interval': '3.7 - 10.8', 'quartile range': '6.6-9.5'}, {'indicator': 'Needed Counseling or Therapy But Did Not Get It, Last 4 Weeks', 'group': 'By State', 'state': 'District of Columbia', 'subgroup': 'Dist ... (179 characters truncated) ... : Timestamp('2022-05-09 00:00:00'), 'value': 20.8, 'lowci': 15.5, 'highci': 26.9, 'confidence interval': '15.5 - 26.9', 'quartile range': '13.0-20.8'}, {'indicator': 'Needed Counseling or Therapy But Did Not Get It, Last 4 Weeks', 'group': 'By State', 'state': 'Florida', 'subgroup': 'Florida', 'phase' ... (148 characters truncated) ... date': Timestamp('2022-05-09 00:00:00'), 'value': 9.3, 'lowci': 7.1, 'highci': 11.9, 'confidence interval': '7.1 - 11.9', 'quartile range': '6.6-9.5'}, {'indicator': 'Needed Counseling or Therapy But Did Not Get It, Last 4 Weeks', 'group': 'By State', 'state': 'Georgia', 'subgroup': 'Georgia', 'phase' ... (150 characters truncated) ... te': Timestamp('2022-05-09 00:00:00'), 'value': 11.2, 'lowci': 8.2, 'highci': 14.8, 'confidence interval': '8.2 - 14.8', 'quartile range': '9.6-11.3'}, {'indicator': 'Needed Counseling or Therapy But Did Not Get It, Last 4 Weeks', 'group': 'By State', 'state': 'Hawaii', 'subgroup': 'Hawaii', 'phase':  ... (146 characters truncated) ... date': Timestamp('2022-05-09 00:00:00'), 'value': 8.2, 'lowci': 5.2, 'highci': 12.2, 'confidence interval': '5.2 - 12.2', 'quartile range': '6.6-9.5'}, {'indicator': 'Needed Counseling or Therapy But Did Not Get It, Last 4 Weeks', 'group': 'By State', 'state': 'Idaho', 'subgroup': 'Idaho', 'phase': 3. ... (147 characters truncated) ... e': Timestamp('2022-05-09 00:00:00'), 'value': 12.1, 'lowci': 9.5, 'highci': 15.2, 'confidence interval': '9.5 - 15.2', 'quartile range': '11.4-12.9'}, {'indicator': 'Needed Counseling or Therapy But Did Not Get It, Last 4 Weeks', 'group': 'By State', 'state': 'Illinois', 'subgroup': 'Illinois', 'phas ... (155 characters truncated) ... : Timestamp('2022-05-09 00:00:00'), 'value': 14.4, 'lowci': 11.2, 'highci': 18.1, 'confidence interval': '11.2 - 18.1', 'quartile range': '13.0-20.8'}, {'indicator': 'Needed Counseling or Therapy But Did Not Get It, Last 4 Weeks', 'group': 'By State', 'state': 'Indiana', 'subgroup': 'Indiana', 'phase' ... (149 characters truncated) ... ate': Timestamp('2022-05-09 00:00:00'), 'value': 9.7, 'lowci': 7.0, 'highci': 13.0, 'confidence interval': '7.0 - 13.0', 'quartile range': '9.6-11.3'}, {'indicator': 'Needed Counseling or Therapy But Did Not Get It, Last 4 Weeks', 'group': 'By State', 'state': 'Iowa', 'subgroup': 'Iowa', 'phase': 3.4, ... (142 characters truncated) ... date': Timestamp('2022-05-09 00:00:00'), 'value': 8.9, 'lowci': 6.2, 'highci': 12.2, 'confidence interval': '6.2 - 12.2', 'quartile range': '6.6-9.5'}, {'indicator': 'Needed Counseling or Therapy But Did Not Get It, Last 4 Weeks', 'group': 'By State', 'state': 'Kansas', 'subgroup': 'Kansas', 'phase':  ... (151 characters truncated) ... : Timestamp('2022-05-09 00:00:00'), 'value': 14.3, 'lowci': 11.5, 'highci': 17.4, 'confidence interval': '11.5 - 17.4', 'quartile range': '13.0-20.8'}, {'indicator': 'Needed Counseling or Therapy But Did Not Get It, Last 4 Weeks', 'group': 'By State', 'state': 'Kentucky', 'subgroup': 'Kentucky', 'phas ... (155 characters truncated) ... : Timestamp('2022-05-09 00:00:00'), 'value': 14.7, 'lowci': 10.6, 'highci': 19.6, 'confidence interval': '10.6 - 19.6', 'quartile range': '13.0-20.8'}, {'indicator': 'Needed Counseling or Therapy But Did Not Get It, Last 4 Weeks', 'group': 'By State', 'state': 'Louisiana', 'subgroup': 'Louisiana', 'ph ... (153 characters truncated) ... ate': Timestamp('2022-05-09 00:00:00'), 'value': 9.9, 'lowci': 5.7, 'highci': 15.5, 'confidence interval': '5.7 - 15.5', 'quartile range': '9.6-11.3'}, {'indicator': 'Needed Counseling or Therapy But Did Not Get It, Last 4 Weeks', 'group': 'By State', 'state': 'Maine', 'subgroup': 'Maine', 'phase': 3. ... (146 characters truncated) ... te': Timestamp('2022-05-09 00:00:00'), 'value': 10.8, 'lowci': 7.8, 'highci': 14.6, 'confidence interval': '7.8 - 14.6', 'quartile range': '9.6-11.3'}, {'indicator': 'Needed Counseling or Therapy But Did Not Get It, Last 4 Weeks', 'group': 'By State', 'state': 'Maryland', 'subgroup': 'Maryland', 'phas ... (153 characters truncated) ... e': Timestamp('2022-05-09 00:00:00'), 'value': 11.9, 'lowci': 8.9, 'highci': 15.4, 'confidence interval': '8.9 - 15.4', 'quartile range': '11.4-12.9'}, {'indicator': 'Needed Counseling or Therapy But Did Not Get It, Last 4 Weeks', 'group': 'By State', 'state': 'Massachusetts', 'subgroup': 'Massachuset ... (165 characters truncated) ... : Timestamp('2022-05-09 00:00:00'), 'value': 12.9, 'lowci': 10.5, 'highci': 15.5, 'confidence interval': '10.5 - 15.5', 'quartile range': '11.4-12.9'}, {'indicator': 'Needed Counseling or Therapy But Did Not Get It, Last 4 Weeks', 'group': 'By State', 'state': 'Michigan', 'subgroup': 'Michigan', 'phas ... (153 characters truncated) ... e': Timestamp('2022-05-09 00:00:00'), 'value': 12.1, 'lowci': 9.5, 'highci': 15.1, 'confidence interval': '9.5 - 15.1', 'quartile range': '11.4-12.9'}, {'indicator': 'Needed Counseling or Therapy But Did Not Get It, Last 4 Weeks', 'group': 'By State', 'state': 'Minnesota', 'subgroup': 'Minnesota', 'ph ... (154 characters truncated) ... te': Timestamp('2022-05-09 00:00:00'), 'value': 11.3, 'lowci': 8.2, 'highci': 15.2, 'confidence interval': '8.2 - 15.2', 'quartile range': '9.6-11.3'}, {'indicator': 'Needed Counseling or Therapy But Did Not Get It, Last 4 Weeks', 'group': 'By State', 'state': 'Mississippi', 'subgroup': 'Mississippi', ... (159 characters truncated) ... e': Timestamp('2022-05-09 00:00:00'), 'value': 13.4, 'lowci': 8.3, 'highci': 20.1, 'confidence interval': '8.3 - 20.1', 'quartile range': '13.0-20.8'}, {'indicator': 'Needed Counseling or Therapy But Did Not Get It, Last 4 Weeks', 'group': 'By State', 'state': 'Missouri', 'subgroup': 'Missouri', 'phas ... (153 characters truncated) ... e': Timestamp('2022-05-09 00:00:00'), 'value': 12.0, 'lowci': 8.8, 'highci': 15.8, 'confidence interval': '8.8 - 15.8', 'quartile range': '11.4-12.9'}, {'indicator': 'Needed Counseling or Therapy But Did Not Get It, Last 4 Weeks', 'group': 'By State', 'state': 'Montana', 'subgroup': 'Montana', 'phase' ... (151 characters truncated) ... e': Timestamp('2022-05-09 00:00:00'), 'value': 12.6, 'lowci': 8.6, 'highci': 17.6, 'confidence interval': '8.6 - 17.6', 'quartile range': '11.4-12.9'}, {'indicator': 'Needed Counseling or Therapy But Did Not Get It, Last 4 Weeks', 'group': 'By State', 'state': 'Nebraska', 'subgroup': 'Nebraska', 'phas ... (152 characters truncated) ... te': Timestamp('2022-05-09 00:00:00'), 'value': 10.4, 'lowci': 8.4, 'highci': 12.7, 'confidence interval': '8.4 - 12.7', 'quartile range': '9.6-11.3'}, {'indicator': 'Needed Counseling or Therapy But Did Not Get It, Last 4 Weeks', 'group': 'By State', 'state': 'Nevada', 'subgroup': 'Nevada', 'phase':  ... (148 characters truncated) ... te': Timestamp('2022-05-09 00:00:00'), 'value': 11.1, 'lowci': 8.1, 'highci': 14.6, 'confidence interval': '8.1 - 14.6', 'quartile range': '9.6-11.3'}, {'indicator': 'Needed Counseling or Therapy But Did Not Get It, Last 4 Weeks', 'group': 'By State', 'state': 'New Hampshire', 'subgroup': 'New Hampshi ... (162 characters truncated) ... te': Timestamp('2022-05-09 00:00:00'), 'value': 10.1, 'lowci': 7.0, 'highci': 14.1, 'confidence interval': '7.0 - 14.1', 'quartile range': '9.6-11.3'}, {'indicator': 'Needed Counseling or Therapy But Did Not Get It, Last 4 Weeks', 'group': 'By State', 'state': 'New Jersey', 'subgroup': 'New Jersey', ' ... (154 characters truncated) ... date': Timestamp('2022-05-09 00:00:00'), 'value': 7.8, 'lowci': 5.2, 'highci': 11.0, 'confidence interval': '5.2 - 11.0', 'quartile range': '6.6-9.5'}, {'indicator': 'Needed Counseling or Therapy But Did Not Get It, Last 4 Weeks', 'group': 'By State', 'state': 'New Mexico', 'subgroup': 'New Mexico', ' ... (159 characters truncated) ... : Timestamp('2022-05-09 00:00:00'), 'value': 12.7, 'lowci': 10.0, 'highci': 15.9, 'confidence interval': '10.0 - 15.9', 'quartile range': '11.4-12.9'}, {'indicator': 'Needed Counseling or Therapy But Did Not Get It, Last 4 Weeks', 'group': 'By State', 'state': 'New York', 'subgroup': 'New York', 'phas ... (152 characters truncated) ... te': Timestamp('2022-05-09 00:00:00'), 'value': 11.2, 'lowci': 8.2, 'highci': 15.0, 'confidence interval': '8.2 - 15.0', 'quartile range': '9.6-11.3'}, {'indicator': 'Needed Counseling or Therapy But Did Not Get It, Last 4 Weeks', 'group': 'By State', 'state': 'North Carolina', 'subgroup': 'North Caro ... (162 characters truncated) ... date': Timestamp('2022-05-09 00:00:00'), 'value': 8.7, 'lowci': 6.4, 'highci': 11.7, 'confidence interval': '6.4 - 11.7', 'quartile range': '6.6-9.5'}, {'indicator': 'Needed Counseling or Therapy But Did Not Get It, Last 4 Weeks', 'group': 'By State', 'state': 'North Dakota', 'subgroup': 'North Dakota ... (158 characters truncated) ... date': Timestamp('2022-05-09 00:00:00'), 'value': 8.0, 'lowci': 5.3, 'highci': 11.6, 'confidence interval': '5.3 - 11.6', 'quartile range': '6.6-9.5'}, {'indicator': 'Needed Counseling or Therapy But Did Not Get It, Last 4 Weeks', 'group': 'By State', 'state': 'Ohio', 'subgroup': 'Ohio', 'phase': 3.4, ... (142 characters truncated) ... date': Timestamp('2022-05-09 00:00:00'), 'value': 8.5, 'lowci': 6.1, 'highci': 11.4, 'confidence interval': '6.1 - 11.4', 'quartile range': '6.6-9.5'}, {'indicator': 'Needed Counseling or Therapy But Did Not Get It, Last 4 Weeks', 'group': 'By State', 'state': 'Oklahoma', 'subgroup': 'Oklahoma', 'phas ... (155 characters truncated) ... : Timestamp('2022-05-09 00:00:00'), 'value': 13.0, 'lowci': 10.0, 'highci': 16.6, 'confidence interval': '10.0 - 16.6', 'quartile range': '13.0-20.8'}, {'indicator': 'Needed Counseling or Therapy But Did Not Get It, Last 4 Weeks', 'group': 'By State', 'state': 'Oregon', 'subgroup': 'Oregon', 'phase':  ... (151 characters truncated) ... : Timestamp('2022-05-09 00:00:00'), 'value': 15.6, 'lowci': 12.6, 'highci': 19.0, 'confidence interval': '12.6 - 19.0', 'quartile range': '13.0-20.8'}, {'indicator': 'Needed Counseling or Therapy But Did Not Get It, Last 4 Weeks', 'group': 'By State', 'state': 'Pennsylvania', 'subgroup': 'Pennsylvania ... (158 characters truncated) ... date': Timestamp('2022-05-09 00:00:00'), 'value': 9.5, 'lowci': 6.8, 'highci': 12.8, 'confidence interval': '6.8 - 12.8', 'quartile range': '6.6-9.5'}, {'indicator': 'Needed Counseling or Therapy But Did Not Get It, Last 4 Weeks', 'group': 'By State', 'state': 'Rhode Island', 'subgroup': 'Rhode Island ... (158 characters truncated) ... date': Timestamp('2022-05-09 00:00:00'), 'value': 7.5, 'lowci': 4.3, 'highci': 11.8, 'confidence interval': '4.3 - 11.8', 'quartile range': '6.6-9.5'}, {'indicator': 'Needed Counseling or Therapy But Did Not Get It, Last 4 Weeks', 'group': 'By State', 'state': 'South Carolina', 'subgroup': 'South Caro ... (162 characters truncated) ... date': Timestamp('2022-05-09 00:00:00'), 'value': 9.0, 'lowci': 6.1, 'highci': 12.6, 'confidence interval': '6.1 - 12.6', 'quartile range': '6.6-9.5'}, {'indicator': 'Needed Counseling or Therapy But Did Not Get It, Last 4 Weeks', 'group': 'By State', 'state': 'South Dakota', 'subgroup': 'South Dakota ... (158 characters truncated) ... date': Timestamp('2022-05-09 00:00:00'), 'value': 7.9, 'lowci': 5.3, 'highci': 11.1, 'confidence interval': '5.3 - 11.1', 'quartile range': '6.6-9.5'}, {'indicator': 'Needed Counseling or Therapy But Did Not Get It, Last 4 Weeks', 'group': 'By State', 'state': 'Tennessee', 'subgroup': 'Tennessee', 'ph ... (155 characters truncated) ... e': Timestamp('2022-05-09 00:00:00'), 'value': 11.6, 'lowci': 9.2, 'highci': 14.2, 'confidence interval': '9.2 - 14.2', 'quartile range': '11.4-12.9'}, {'indicator': 'Needed Counseling or Therapy But Did Not Get It, Last 4 Weeks', 'group': 'By State', 'state': 'Texas', 'subgroup': 'Texas', 'phase': 3. ... (149 characters truncated) ... : Timestamp('2022-05-09 00:00:00'), 'value': 12.7, 'lowci': 10.3, 'highci': 15.4, 'confidence interval': '10.3 - 15.4', 'quartile range': '11.4-12.9'}, {'indicator': 'Needed Counseling or Therapy But Did Not Get It, Last 4 Weeks', 'group': 'By State', 'state': 'Utah', 'subgroup': 'Utah', 'phase': 3.4, ... (147 characters truncated) ... : Timestamp('2022-05-09 00:00:00'), 'value': 17.9, 'lowci': 14.8, 'highci': 21.4, 'confidence interval': '14.8 - 21.4', 'quartile range': '13.0-20.8'}, {'indicator': 'Needed Counseling or Therapy But Did Not Get It, Last 4 Weeks', 'group': 'By State', 'state': 'Vermont', 'subgroup': 'Vermont', 'phase' ... (151 characters truncated) ... e': Timestamp('2022-05-09 00:00:00'), 'value': 11.9, 'lowci': 8.2, 'highci': 16.5, 'confidence interval': '8.2 - 16.5', 'quartile range': '11.4-12.9'}, {'indicator': 'Needed Counseling or Therapy But Did Not Get It, Last 4 Weeks', 'group': 'By State', 'state': 'Virginia', 'subgroup': 'Virginia', 'phas ... (152 characters truncated) ... te': Timestamp('2022-05-09 00:00:00'), 'value': 10.1, 'lowci': 7.1, 'highci': 13.8, 'confidence interval': '7.1 - 13.8', 'quartile range': '9.6-11.3'}, {'indicator': 'Needed Counseling or Therapy But Did Not Get It, Last 4 Weeks', 'group': 'By State', 'state': 'Washington', 'subgroup': 'Washington', ' ... (159 characters truncated) ... : Timestamp('2022-05-09 00:00:00'), 'value': 14.8, 'lowci': 12.5, 'highci': 17.4, 'confidence interval': '12.5 - 17.4', 'quartile range': '13.0-20.8'}, {'indicator': 'Needed Counseling or Therapy But Did Not Get It, Last 4 Weeks', 'group': 'By State', 'state': 'West Virginia', 'subgroup': 'West Virgin ... (161 characters truncated) ... ate': Timestamp('2022-05-09 00:00:00'), 'value': 9.8, 'lowci': 6.6, 'highci': 13.8, 'confidence interval': '6.6 - 13.8', 'quartile range': '9.6-11.3'}, {'indicator': 'Needed Counseling or Therapy But Did Not Get It, Last 4 Weeks', 'group': 'By State', 'state': 'Wisconsin', 'subgroup': 'Wisconsin', 'ph ... (155 characters truncated) ... e': Timestamp('2022-05-09 00:00:00'), 'value': 11.6, 'lowci': 8.5, 'highci': 15.3, 'confidence interval': '8.5 - 15.3', 'quartile range': '11.4-12.9'}, {'indicator': 'Needed Counseling or Therapy But Did Not Get It, Last 4 Weeks', 'group': 'By State', 'state': 'Wyoming', 'subgroup': 'Wyoming', 'phase' ... (151 characters truncated) ... e': Timestamp('2022-05-09 00:00:00'), 'value': 11.5, 'lowci': 8.6, 'highci': 15.1, 'confidence interval': '8.6 - 15.1', 'quartile range': '11.4-12.9'}]]
(Background on this error at: https://sqlalche.me/e/20/cd3x)
14140 - 14-Feb-26 19:17:49 - DBlogger - Error occurred during data insertion: (sqlalchemy.exc.InvalidRequestError) A value is required for bind parameter 'category'
[SQL: INSERT INTO mental_health_rejected (indicator, category, state ,                                subcategory, phase, time_period, time_period_label, time_period_start_date,                                time_period_end_date, value, lowci, highci, confidence_interval, quartile_range,                                suppression_flag, rejection_reason) VALUES %(indicator)s, %(category)s, %(state)s ,                                %(subcategory)s, phase, %(time_period)s, %(time_period_label)s, %(time_period_start_date)s,                                %(time_period_end_date)s, %(value)s, %(lowci)s, %(highci)s, %(confidence_interval)s, %(quartile_range)s,                                      %(suppression_flag)s, %(rejection_reason)s]
[parameters: [{'indicator': 'Needed Counseling or Therapy But Did Not Get It, Last 4 Weeks', 'group': 'By Sex', 'state': 'United States', 'subgroup': 'Female', 'pha ... (206 characters truncated) ...  None, 'lowci': None, 'highci': None, 'confidence interval': None, 'quartile range': None, 'suppression flag': None, 'rejection reason': 'phase = -1'}, {'indicator': 'Took Prescription Medication for Mental Health, Last 4 Weeks', 'group': 'By Age', 'state': 'United States', 'subgroup': '50 - 59 years' ... (207 characters truncated) ...  None, 'lowci': None, 'highci': None, 'confidence interval': None, 'quartile range': None, 'suppression flag': None, 'rejection reason': 'phase = -1'}, {'indicator': 'Took Prescription Medication for Mental Health, Last 4 Weeks', 'group': 'By Age', 'state': 'United States', 'subgroup': '60 - 69 years' ... (207 characters truncated) ...  None, 'lowci': None, 'highci': None, 'confidence interval': None, 'quartile range': None, 'suppression flag': None, 'rejection reason': 'phase = -1'}, {'indicator': 'Took Prescription Medication for Mental Health, Last 4 Weeks', 'group': 'By Age', 'state': 'United States', 'subgroup': '70 - 79 years' ... (207 characters truncated) ...  None, 'lowci': None, 'highci': None, 'confidence interval': None, 'quartile range': None, 'suppression flag': None, 'rejection reason': 'phase = -1'}, {'indicator': 'Took Prescription Medication for Mental Health, Last 4 Weeks', 'group': 'By Age', 'state': 'United States', 'subgroup': '80 years and a ... (212 characters truncated) ...  None, 'lowci': None, 'highci': None, 'confidence interval': None, 'quartile range': None, 'suppression flag': None, 'rejection reason': 'phase = -1'}, {'indicator': 'Took Prescription Medication for Mental Health, Last 4 Weeks', 'group': 'By Sex', 'state': 'United States', 'subgroup': 'Male', 'phase' ... (198 characters truncated) ...  None, 'lowci': None, 'highci': None, 'confidence interval': None, 'quartile range': None, 'suppression flag': None, 'rejection reason': 'phase = -1'}, {'indicator': 'Took Prescription Medication for Mental Health, Last 4 Weeks', 'group': 'By Sex', 'state': 'United States', 'subgroup': 'Female', 'phas ... (200 characters truncated) ...  None, 'lowci': None, 'highci': None, 'confidence interval': None, 'quartile range': None, 'suppression flag': None, 'rejection reason': 'phase = -1'}, {'indicator': 'Received Counseling or Therapy, Last 4 Weeks', 'group': 'By Sex', 'state': 'United States', 'subgroup': 'Female', 'phase': -1.0, 'time  ... (184 characters truncated) ...  None, 'lowci': None, 'highci': None, 'confidence interval': None, 'quartile range': None, 'suppression flag': None, 'rejection reason': 'phase = -1'}, {'indicator': 'Received Counseling or Therapy, Last 4 Weeks', 'group': 'By Age', 'state': 'United States', 'subgroup': '40 - 49 years', 'phase': -1.0, ... (190 characters truncated) ...  None, 'lowci': None, 'highci': None, 'confidence interval': None, 'quartile range': None, 'suppression flag': None, 'rejection reason': 'phase = -1'}, {'indicator': 'Received Counseling or Therapy, Last 4 Weeks', 'group': 'By Age', 'state': 'United States', 'subgroup': '50 - 59 years', 'phase': -1.0, ... (190 characters truncated) ...  None, 'lowci': None, 'highci': None, 'confidence interval': None, 'quartile range': None, 'suppression flag': None, 'rejection reason': 'phase = -1'}, {'indicator': 'Received Counseling or Therapy, Last 4 Weeks', 'group': 'By Age', 'state': 'United States', 'subgroup': '60 - 69 years', 'phase': -1.0, ... (190 characters truncated) ...  None, 'lowci': None, 'highci': None, 'confidence interval': None, 'quartile range': None, 'suppression flag': None, 'rejection reason': 'phase = -1'}, {'indicator': 'Received Counseling or Therapy, Last 4 Weeks', 'group': 'By Age', 'state': 'United States', 'subgroup': '70 - 79 years', 'phase': -1.0, ... (190 characters truncated) ...  None, 'lowci': None, 'highci': None, 'confidence interval': None, 'quartile range': None, 'suppression flag': None, 'rejection reason': 'phase = -1'}, {'indicator': 'Needed Counseling or Therapy But Did Not Get It, Last 4 Weeks', 'group': 'By Age', 'state': 'United States', 'subgroup': '80 years and  ... (222 characters truncated) ... owci': None, 'highci': None, 'confidence interval': None, 'quartile range': None, 'suppression flag': 1.0, 'rejection reason': 'suppression flag = 1'}, {'indicator': 'Received Counseling or Therapy, Last 4 Weeks', 'group': 'By Age', 'state': 'United States', 'subgroup': '80 years and above', 'phase':  ... (205 characters truncated) ... owci': None, 'highci': None, 'confidence interval': None, 'quartile range': None, 'suppression flag': 1.0, 'rejection reason': 'suppression flag = 1'}, {'indicator': 'Received Counseling or Therapy, Last 4 Weeks', 'group': 'By Age', 'state': 'United States', 'subgroup': '80 years and above', 'phase':  ... (195 characters truncated) ...  None, 'lowci': None, 'highci': None, 'confidence interval': None, 'quartile range': None, 'suppression flag': None, 'rejection reason': 'phase = -1'}, {'indicator': 'Needed Counseling or Therapy But Did Not Get It, Last 4 Weeks', 'group': 'By Age', 'state': 'United States', 'subgroup': '80 years and  ... (222 characters truncated) ... owci': None, 'highci': None, 'confidence interval': None, 'quartile range': None, 'suppression flag': 1.0, 'rejection reason': 'suppression flag = 1'}, {'indicator': 'Received Counseling or Therapy, Last 4 Weeks', 'group': 'By Sex', 'state': 'United States', 'subgroup': 'Male', 'phase': -1.0, 'time pe ... (181 characters truncated) ...  None, 'lowci': None, 'highci': None, 'confidence interval': None, 'quartile range': None, 'suppression flag': None, 'rejection reason': 'phase = -1'}, {'indicator': 'Received Counseling or Therapy, Last 4 Weeks', 'group': 'By Sex', 'state': 'United States', 'subgroup': 'Female', 'phase': -1.0, 'time  ... (183 characters truncated) ...  None, 'lowci': None, 'highci': None, 'confidence interval': None, 'quartile range': None, 'suppression flag': None, 'rejection reason': 'phase = -1'}, {'indicator': 'Received Counseling or Therapy, Last 4 Weeks', 'group': 'By Age', 'state': 'United States', 'subgroup': '80 years and above', 'phase':  ... (205 characters truncated) ... owci': None, 'highci': None, 'confidence interval': None, 'quartile range': None, 'suppression flag': 1.0, 'rejection reason': 'suppression flag = 1'}, {'indicator': 'Took Prescription Medication for Mental Health, Last 4 Weeks', 'group': 'By Sexual orientation', 'state': 'United States', 'subgroup':  ... (216 characters truncated) ...  None, 'lowci': None, 'highci': None, 'confidence interval': None, 'quartile range': None, 'suppression flag': None, 'rejection reason': 'phase = -1'}, {'indicator': 'Took Prescription Medication for Mental Health, Last 4 Weeks', 'group': 'National Estimate', 'state': 'United States', 'subgroup': 'Uni ... (223 characters truncated) ...  None, 'lowci': None, 'highci': None, 'confidence interval': None, 'quartile range': None, 'suppression flag': None, 'rejection reason': 'phase = -1'}, {'indicator': 'Took Prescription Medication for Mental Health, Last 4 Weeks', 'group': 'By Age', 'state': 'United States', 'subgroup': '18 - 29 years' ... (212 characters truncated) ...  None, 'lowci': None, 'highci': None, 'confidence interval': None, 'quartile range': None, 'suppression flag': None, 'rejection reason': 'phase = -1'}, {'indicator': 'Took Prescription Medication for Mental Health, Last 4 Weeks', 'group': 'By Age', 'state': 'United States', 'subgroup': '30 - 39 years' ... (212 characters truncated) ...  None, 'lowci': None, 'highci': None, 'confidence interval': None, 'quartile range': None, 'suppression flag': None, 'rejection reason': 'phase = -1'}, {'indicator': 'Took Prescription Medication for Mental Health, Last 4 Weeks', 'group': 'By Age', 'state': 'United States', 'subgroup': '40 - 49 years' ... (212 characters truncated) ...  None, 'lowci': None, 'highci': None, 'confidence interval': None, 'quartile range': None, 'suppression flag': None, 'rejection reason': 'phase = -1'}, {'indicator': 'Took Prescription Medication for Mental Health, Last 4 Weeks', 'group': 'By Age', 'state': 'United States', 'subgroup': '50 - 59 years' ... (212 characters truncated) ...  None, 'lowci': None, 'highci': None, 'confidence interval': None, 'quartile range': None, 'suppression flag': None, 'rejection reason': 'phase = -1'}, {'indicator': 'Took Prescription Medication for Mental Health, Last 4 Weeks', 'group': 'By Age', 'state': 'United States', 'subgroup': '60 - 69 years' ... (212 characters truncated) ...  None, 'lowci': None, 'highci': None, 'confidence interval': None, 'quartile range': None, 'suppression flag': None, 'rejection reason': 'phase = -1'}, {'indicator': 'Took Prescription Medication for Mental Health, Last 4 Weeks', 'group': 'By Age', 'state': 'United States', 'subgroup': '70 - 79 years' ... (212 characters truncated) ...  None, 'lowci': None, 'highci': None, 'confidence interval': None, 'quartile range': None, 'suppression flag': None, 'rejection reason': 'phase = -1'}, {'indicator': 'Took Prescription Medication for Mental Health, Last 4 Weeks', 'group': 'By Age', 'state': 'United States', 'subgroup': '80 years and a ... (217 characters truncated) ...  None, 'lowci': None, 'highci': None, 'confidence interval': None, 'quartile range': None, 'suppression flag': None, 'rejection reason': 'phase = -1'}, {'indicator': 'Took Prescription Medication for Mental Health, Last 4 Weeks', 'group': 'By Sex', 'state': 'United States', 'subgroup': 'Male', 'phase' ... (203 characters truncated) ...  None, 'lowci': None, 'highci': None, 'confidence interval': None, 'quartile range': None, 'suppression flag': None, 'rejection reason': 'phase = -1'}, {'indicator': 'Took Prescription Medication for Mental Health, Last 4 Weeks', 'group': 'By Sex', 'state': 'United States', 'subgroup': 'Female', 'phas ... (205 characters truncated) ...  None, 'lowci': None, 'highci': None, 'confidence interval': None, 'quartile range': None, 'suppression flag': None, 'rejection reason': 'phase = -1'}, {'indicator': 'Took Prescription Medication for Mental Health, Last 4 Weeks', 'group': 'By Presence of Symptoms of Anxiety/Depression', 'state': 'Unit ... (307 characters truncated) ...  None, 'lowci': None, 'highci': None, 'confidence interval': None, 'quartile range': None, 'suppression flag': None, 'rejection reason': 'phase = -1'}, {'indicator': 'Took Prescription Medication for Mental Health, Last 4 Weeks', 'group': 'By Presence of Symptoms of Anxiety/Depression', 'state': 'Unit ... (296 characters truncated) ...  None, 'lowci': None, 'highci': None, 'confidence interval': None, 'quartile range': None, 'suppression flag': None, 'rejection reason': 'phase = -1'}, {'indicator': 'Took Prescription Medication for Mental Health, Last 4 Weeks', 'group': 'By Race/Hispanic ethnicity', 'state': 'United States', 'subgro ... (237 characters truncated) ...  None, 'lowci': None, 'highci': None, 'confidence interval': None, 'quartile range': None, 'suppression flag': None, 'rejection reason': 'phase = -1'}, {'indicator': 'Took Prescription Medication for Mental Health, Last 4 Weeks', 'group': 'By Race/Hispanic ethnicity', 'state': 'United States', 'subgro ... (250 characters truncated) ...  None, 'lowci': None, 'highci': None, 'confidence interval': None, 'quartile range': None, 'suppression flag': None, 'rejection reason': 'phase = -1'}, {'indicator': 'Took Prescription Medication for Mental Health, Last 4 Weeks', 'group': 'By Race/Hispanic ethnicity', 'state': 'United States', 'subgro ... (250 characters truncated) ...  None, 'lowci': None, 'highci': None, 'confidence interval': None, 'quartile range': None, 'suppression flag': None, 'rejection reason': 'phase = -1'}, {'indicator': 'Took Prescription Medication for Mental Health, Last 4 Weeks', 'group': 'By Race/Hispanic ethnicity', 'state': 'United States', 'subgro ... (250 characters truncated) ...  None, 'lowci': None, 'highci': None, 'confidence interval': None, 'quartile range': None, 'suppression flag': None, 'rejection reason': 'phase = -1'}, {'indicator': 'Took Prescription Medication for Mental Health, Last 4 Weeks', 'group': 'By Race/Hispanic ethnicity', 'state': 'United States', 'subgro ... (263 characters truncated) ...  None, 'lowci': None, 'highci': None, 'confidence interval': None, 'quartile range': None, 'suppression flag': None, 'rejection reason': 'phase = -1'}, {'indicator': 'Took Prescription Medication for Mental Health, Last 4 Weeks', 'group': 'By Education', 'state': 'United States', 'subgroup': 'Less tha ... (236 characters truncated) ...  None, 'lowci': None, 'highci': None, 'confidence interval': None, 'quartile range': None, 'suppression flag': None, 'rejection reason': 'phase = -1'}, {'indicator': 'Took Prescription Medication for Mental Health, Last 4 Weeks', 'group': 'By Education', 'state': 'United States', 'subgroup': 'High sch ... (231 characters truncated) ...  None, 'lowci': None, 'highci': None, 'confidence interval': None, 'quartile range': None, 'suppression flag': None, 'rejection reason': 'phase = -1'}, {'indicator': 'Took Prescription Medication for Mental Health, Last 4 Weeks', 'group': 'By Education', 'state': 'United States', 'subgroup': "Some col ... (236 characters truncated) ...  None, 'lowci': None, 'highci': None, 'confidence interval': None, 'quartile range': None, 'suppression flag': None, 'rejection reason': 'phase = -1'}, {'indicator': 'Took Prescription Medication for Mental Health, Last 4 Weeks', 'group': 'By Education', 'state': 'United States', 'subgroup': "Bachelor ... (232 characters truncated) ...  None, 'lowci': None, 'highci': None, 'confidence interval': None, 'quartile range': None, 'suppression flag': None, 'rejection reason': 'phase = -1'}, {'indicator': 'Received Counseling or Therapy, Last 4 Weeks', 'group': 'National Estimate', 'state': 'United States', 'subgroup': 'United States', 'ph ... (207 characters truncated) ...  None, 'lowci': None, 'highci': None, 'confidence interval': None, 'quartile range': None, 'suppression flag': None, 'rejection reason': 'phase = -1'}, {'indicator': 'Received Counseling or Therapy, Last 4 Weeks', 'group': 'By Age', 'state': 'United States', 'subgroup': '18 - 29 years', 'phase': -1.0, ... (196 characters truncated) ...  None, 'lowci': None, 'highci': None, 'confidence interval': None, 'quartile range': None, 'suppression flag': None, 'rejection reason': 'phase = -1'}, {'indicator': 'Received Counseling or Therapy, Last 4 Weeks', 'group': 'By Age', 'state': 'United States', 'subgroup': '30 - 39 years', 'phase': -1.0, ... (196 characters truncated) ...  None, 'lowci': None, 'highci': None, 'confidence interval': None, 'quartile range': None, 'suppression flag': None, 'rejection reason': 'phase = -1'}, {'indicator': 'Received Counseling or Therapy, Last 4 Weeks', 'group': 'By Age', 'state': 'United States', 'subgroup': '40 - 49 years', 'phase': -1.0, ... (196 characters truncated) ...  None, 'lowci': None, 'highci': None, 'confidence interval': None, 'quartile range': None, 'suppression flag': None, 'rejection reason': 'phase = -1'}, {'indicator': 'Received Counseling or Therapy, Last 4 Weeks', 'group': 'By Age', 'state': 'United States', 'subgroup': '50 - 59 years', 'phase': -1.0, ... (196 characters truncated) ...  None, 'lowci': None, 'highci': None, 'confidence interval': None, 'quartile range': None, 'suppression flag': None, 'rejection reason': 'phase = -1'}, {'indicator': 'Received Counseling or Therapy, Last 4 Weeks', 'group': 'By Age', 'state': 'United States', 'subgroup': '60 - 69 years', 'phase': -1.0, ... (196 characters truncated) ...  None, 'lowci': None, 'highci': None, 'confidence interval': None, 'quartile range': None, 'suppression flag': None, 'rejection reason': 'phase = -1'}, {'indicator': 'Received Counseling or Therapy, Last 4 Weeks', 'group': 'By Age', 'state': 'United States', 'subgroup': '70 - 79 years', 'phase': -1.0, ... (196 characters truncated) ...  None, 'lowci': None, 'highci': None, 'confidence interval': None, 'quartile range': None, 'suppression flag': None, 'rejection reason': 'phase = -1'}, {'indicator': 'Received Counseling or Therapy, Last 4 Weeks', 'group': 'By Age', 'state': 'United States', 'subgroup': '80 years and above', 'phase':  ... (201 characters truncated) ...  None, 'lowci': None, 'highci': None, 'confidence interval': None, 'quartile range': None, 'suppression flag': None, 'rejection reason': 'phase = -1'}, {'indicator': 'Received Counseling or Therapy, Last 4 Weeks', 'group': 'By Sex', 'state': 'United States', 'subgroup': 'Male', 'phase': -1.0, 'time pe ... (187 characters truncated) ...  None, 'lowci': None, 'highci': None, 'confidence interval': None, 'quartile range': None, 'suppression flag': None, 'rejection reason': 'phase = -1'} ... 390 parameters truncated ... {'indicator': 'Took Prescription Medication for Mental Health And/Or Received Counseling or Therapy, Last 4 Weeks', 'group': 'By Sex', 'state': 'Unite ... (237 characters truncated) ...  None, 'lowci': None, 'highci': None, 'confidence interval': None, 'quartile range': None, 'suppression flag': None, 'rejection reason': 'phase = -1'}, {'indicator': 'Took Prescription Medication for Mental Health And/Or Received Counseling or Therapy, Last 4 Weeks', 'group': 'By Gender identity', 'st ... (258 characters truncated) ...  None, 'lowci': None, 'highci': None, 'confidence interval': None, 'quartile range': None, 'suppression flag': None, 'rejection reason': 'phase = -1'}, {'indicator': 'Took Prescription Medication for Mental Health And/Or Received Counseling or Therapy, Last 4 Weeks', 'group': 'By Gender identity', 'st ... (260 characters truncated) ...  None, 'lowci': None, 'highci': None, 'confidence interval': None, 'quartile range': None, 'suppression flag': None, 'rejection reason': 'phase = -1'}, {'indicator': 'Took Prescription Medication for Mental Health And/Or Received Counseling or Therapy, Last 4 Weeks', 'group': 'By Gender identity', 'st ... (254 characters truncated) ...  None, 'lowci': None, 'highci': None, 'confidence interval': None, 'quartile range': None, 'suppression flag': None, 'rejection reason': 'phase = -1'}, {'indicator': 'Took Prescription Medication for Mental Health And/Or Received Counseling or Therapy, Last 4 Weeks', 'group': 'By Sexual orientation',  ... (260 characters truncated) ...  None, 'lowci': None, 'highci': None, 'confidence interval': None, 'quartile range': None, 'suppression flag': None, 'rejection reason': 'phase = -1'}, {'indicator': 'Took Prescription Medication for Mental Health And/Or Received Counseling or Therapy, Last 4 Weeks', 'group': 'By Sexual orientation',  ... (254 characters truncated) ...  None, 'lowci': None, 'highci': None, 'confidence interval': None, 'quartile range': None, 'suppression flag': None, 'rejection reason': 'phase = -1'}, {'indicator': 'Took Prescription Medication for Mental Health And/Or Received Counseling or Therapy, Last 4 Weeks', 'group': 'By Sexual orientation',  ... (254 characters truncated) ...  None, 'lowci': None, 'highci': None, 'confidence interval': None, 'quartile range': None, 'suppression flag': None, 'rejection reason': 'phase = -1'}, {'indicator': 'Took Prescription Medication for Mental Health And/Or Received Counseling or Therapy, Last 4 Weeks', 'group': 'By Presence of Symptoms  ... (339 characters truncated) ...  None, 'lowci': None, 'highci': None, 'confidence interval': None, 'quartile range': None, 'suppression flag': None, 'rejection reason': 'phase = -1'}, {'indicator': 'Took Prescription Medication for Mental Health And/Or Received Counseling or Therapy, Last 4 Weeks', 'group': 'By Presence of Symptoms  ... (328 characters truncated) ...  None, 'lowci': None, 'highci': None, 'confidence interval': None, 'quartile range': None, 'suppression flag': None, 'rejection reason': 'phase = -1'}, {'indicator': 'Took Prescription Medication for Mental Health And/Or Received Counseling or Therapy, Last 4 Weeks', 'group': 'By Race/Hispanic ethnici ... (269 characters truncated) ...  None, 'lowci': None, 'highci': None, 'confidence interval': None, 'quartile range': None, 'suppression flag': None, 'rejection reason': 'phase = -1'}, {'indicator': 'Took Prescription Medication for Mental Health And/Or Received Counseling or Therapy, Last 4 Weeks', 'group': 'By Race/Hispanic ethnici ... (282 characters truncated) ...  None, 'lowci': None, 'highci': None, 'confidence interval': None, 'quartile range': None, 'suppression flag': None, 'rejection reason': 'phase = -1'}, {'indicator': 'Took Prescription Medication for Mental Health And/Or Received Counseling or Therapy, Last 4 Weeks', 'group': 'By Race/Hispanic ethnici ... (282 characters truncated) ...  None, 'lowci': None, 'highci': None, 'confidence interval': None, 'quartile range': None, 'suppression flag': None, 'rejection reason': 'phase = -1'}, {'indicator': 'Needed Counseling or Therapy But Did Not Get It, Last 4 Weeks', 'group': 'By Education', 'state': 'United States', 'subgroup': 'High sc ... (226 characters truncated) ...  None, 'lowci': None, 'highci': None, 'confidence interval': None, 'quartile range': None, 'suppression flag': None, 'rejection reason': 'phase = -1'}, {'indicator': 'Took Prescription Medication for Mental Health And/Or Received Counseling or Therapy, Last 4 Weeks', 'group': 'By Race/Hispanic ethnici ... (282 characters truncated) ...  None, 'lowci': None, 'highci': None, 'confidence interval': None, 'quartile range': None, 'suppression flag': None, 'rejection reason': 'phase = -1'}, {'indicator': 'Took Prescription Medication for Mental Health And/Or Received Counseling or Therapy, Last 4 Weeks', 'group': 'By Race/Hispanic ethnici ... (295 characters truncated) ...  None, 'lowci': None, 'highci': None, 'confidence interval': None, 'quartile range': None, 'suppression flag': None, 'rejection reason': 'phase = -1'}, {'indicator': 'Took Prescription Medication for Mental Health And/Or Received Counseling or Therapy, Last 4 Weeks', 'group': 'By Education', 'state':  ... (268 characters truncated) ...  None, 'lowci': None, 'highci': None, 'confidence interval': None, 'quartile range': None, 'suppression flag': None, 'rejection reason': 'phase = -1'}, {'indicator': 'Took Prescription Medication for Mental Health And/Or Received Counseling or Therapy, Last 4 Weeks', 'group': 'By Education', 'state':  ... (263 characters truncated) ...  None, 'lowci': None, 'highci': None, 'confidence interval': None, 'quartile range': None, 'suppression flag': None, 'rejection reason': 'phase = -1'}, {'indicator': 'Took Prescription Medication for Mental Health And/Or Received Counseling or Therapy, Last 4 Weeks', 'group': 'By Education', 'state':  ... (268 characters truncated) ...  None, 'lowci': None, 'highci': None, 'confidence interval': None, 'quartile range': None, 'suppression flag': None, 'rejection reason': 'phase = -1'}, {'indicator': 'Took Prescription Medication for Mental Health And/Or Received Counseling or Therapy, Last 4 Weeks', 'group': 'By Education', 'state':  ... (264 characters truncated) ...  None, 'lowci': None, 'highci': None, 'confidence interval': None, 'quartile range': None, 'suppression flag': None, 'rejection reason': 'phase = -1'}, {'indicator': 'Took Prescription Medication for Mental Health And/Or Received Counseling or Therapy, Last 4 Weeks', 'group': 'By Disability status', ' ... (260 characters truncated) ...  None, 'lowci': None, 'highci': None, 'confidence interval': None, 'quartile range': None, 'suppression flag': None, 'rejection reason': 'phase = -1'}, {'indicator': 'Took Prescription Medication for Mental Health And/Or Received Counseling or Therapy, Last 4 Weeks', 'group': 'By Disability status', ' ... (263 characters truncated) ...  None, 'lowci': None, 'highci': None, 'confidence interval': None, 'quartile range': None, 'suppression flag': None, 'rejection reason': 'phase = -1'}, {'indicator': 'Needed Counseling or Therapy But Did Not Get It, Last 4 Weeks', 'group': 'National Estimate', 'state': 'United States', 'subgroup': 'Un ... (218 characters truncated) ...  None, 'lowci': None, 'highci': None, 'confidence interval': None, 'quartile range': None, 'suppression flag': None, 'rejection reason': 'phase = -1'}, {'indicator': 'Needed Counseling or Therapy But Did Not Get It, Last 4 Weeks', 'group': 'By Age', 'state': 'United States', 'subgroup': '18 - 29 years ... (207 characters truncated) ...  None, 'lowci': None, 'highci': None, 'confidence interval': None, 'quartile range': None, 'suppression flag': None, 'rejection reason': 'phase = -1'}, {'indicator': 'Needed Counseling or Therapy But Did Not Get It, Last 4 Weeks', 'group': 'By Age', 'state': 'United States', 'subgroup': '30 - 39 years ... (207 characters truncated) ...  None, 'lowci': None, 'highci': None, 'confidence interval': None, 'quartile range': None, 'suppression flag': None, 'rejection reason': 'phase = -1'}, {'indicator': 'Needed Counseling or Therapy But Did Not Get It, Last 4 Weeks', 'group': 'By Age', 'state': 'United States', 'subgroup': '40 - 49 years ... (207 characters truncated) ...  None, 'lowci': None, 'highci': None, 'confidence interval': None, 'quartile range': None, 'suppression flag': None, 'rejection reason': 'phase = -1'}, {'indicator': 'Needed Counseling or Therapy But Did Not Get It, Last 4 Weeks', 'group': 'By Age', 'state': 'United States', 'subgroup': '50 - 59 years ... (207 characters truncated) ...  None, 'lowci': None, 'highci': None, 'confidence interval': None, 'quartile range': None, 'suppression flag': None, 'rejection reason': 'phase = -1'}, {'indicator': 'Needed Counseling or Therapy But Did Not Get It, Last 4 Weeks', 'group': 'By Age', 'state': 'United States', 'subgroup': '60 - 69 years ... (207 characters truncated) ...  None, 'lowci': None, 'highci': None, 'confidence interval': None, 'quartile range': None, 'suppression flag': None, 'rejection reason': 'phase = -1'}, {'indicator': 'Needed Counseling or Therapy But Did Not Get It, Last 4 Weeks', 'group': 'By Age', 'state': 'United States', 'subgroup': '70 - 79 years ... (207 characters truncated) ...  None, 'lowci': None, 'highci': None, 'confidence interval': None, 'quartile range': None, 'suppression flag': None, 'rejection reason': 'phase = -1'}, {'indicator': 'Needed Counseling or Therapy But Did Not Get It, Last 4 Weeks', 'group': 'By Age', 'state': 'United States', 'subgroup': '80 years and  ... (212 characters truncated) ...  None, 'lowci': None, 'highci': None, 'confidence interval': None, 'quartile range': None, 'suppression flag': None, 'rejection reason': 'phase = -1'}, {'indicator': 'Needed Counseling or Therapy But Did Not Get It, Last 4 Weeks', 'group': 'By Sex', 'state': 'United States', 'subgroup': 'Male', 'phase ... (198 characters truncated) ...  None, 'lowci': None, 'highci': None, 'confidence interval': None, 'quartile range': None, 'suppression flag': None, 'rejection reason': 'phase = -1'}, {'indicator': 'Needed Counseling or Therapy But Did Not Get It, Last 4 Weeks', 'group': 'By Sex', 'state': 'United States', 'subgroup': 'Female', 'pha ... (200 characters truncated) ...  None, 'lowci': None, 'highci': None, 'confidence interval': None, 'quartile range': None, 'suppression flag': None, 'rejection reason': 'phase = -1'}, {'indicator': 'Needed Counseling or Therapy But Did Not Get It, Last 4 Weeks', 'group': 'By Gender identity', 'state': 'United States', 'subgroup': 'C ... (221 characters truncated) ...  None, 'lowci': None, 'highci': None, 'confidence interval': None, 'quartile range': None, 'suppression flag': None, 'rejection reason': 'phase = -1'}, {'indicator': 'Needed Counseling or Therapy But Did Not Get It, Last 4 Weeks', 'group': 'By Gender identity', 'state': 'United States', 'subgroup': 'C ... (223 characters truncated) ...  None, 'lowci': None, 'highci': None, 'confidence interval': None, 'quartile range': None, 'suppression flag': None, 'rejection reason': 'phase = -1'}, {'indicator': 'Needed Counseling or Therapy But Did Not Get It, Last 4 Weeks', 'group': 'By Gender identity', 'state': 'United States', 'subgroup': 'T ... (217 characters truncated) ...  None, 'lowci': None, 'highci': None, 'confidence interval': None, 'quartile range': None, 'suppression flag': None, 'rejection reason': 'phase = -1'}, {'indicator': 'Needed Counseling or Therapy But Did Not Get It, Last 4 Weeks', 'group': 'By Sexual orientation', 'state': 'United States', 'subgroup': ... (223 characters truncated) ...  None, 'lowci': None, 'highci': None, 'confidence interval': None, 'quartile range': None, 'suppression flag': None, 'rejection reason': 'phase = -1'}, {'indicator': 'Needed Counseling or Therapy But Did Not Get It, Last 4 Weeks', 'group': 'By Sexual orientation', 'state': 'United States', 'subgroup': ... (217 characters truncated) ...  None, 'lowci': None, 'highci': None, 'confidence interval': None, 'quartile range': None, 'suppression flag': None, 'rejection reason': 'phase = -1'}, {'indicator': 'Needed Counseling or Therapy But Did Not Get It, Last 4 Weeks', 'group': 'By Sexual orientation', 'state': 'United States', 'subgroup': ... (217 characters truncated) ...  None, 'lowci': None, 'highci': None, 'confidence interval': None, 'quartile range': None, 'suppression flag': None, 'rejection reason': 'phase = -1'}, {'indicator': 'Needed Counseling or Therapy But Did Not Get It, Last 4 Weeks', 'group': 'By Presence of Symptoms of Anxiety/Depression', 'state': 'Uni ... (302 characters truncated) ...  None, 'lowci': None, 'highci': None, 'confidence interval': None, 'quartile range': None, 'suppression flag': None, 'rejection reason': 'phase = -1'}, {'indicator': 'Needed Counseling or Therapy But Did Not Get It, Last 4 Weeks', 'group': 'By Presence of Symptoms of Anxiety/Depression', 'state': 'Uni ... (291 characters truncated) ...  None, 'lowci': None, 'highci': None, 'confidence interval': None, 'quartile range': None, 'suppression flag': None, 'rejection reason': 'phase = -1'}, {'indicator': 'Needed Counseling or Therapy But Did Not Get It, Last 4 Weeks', 'group': 'By Race/Hispanic ethnicity', 'state': 'United States', 'subgr ... (232 characters truncated) ...  None, 'lowci': None, 'highci': None, 'confidence interval': None, 'quartile range': None, 'suppression flag': None, 'rejection reason': 'phase = -1'}, {'indicator': 'Needed Counseling or Therapy But Did Not Get It, Last 4 Weeks', 'group': 'By Race/Hispanic ethnicity', 'state': 'United States', 'subgr ... (245 characters truncated) ...  None, 'lowci': None, 'highci': None, 'confidence interval': None, 'quartile range': None, 'suppression flag': None, 'rejection reason': 'phase = -1'}, {'indicator': 'Needed Counseling or Therapy But Did Not Get It, Last 4 Weeks', 'group': 'By Race/Hispanic ethnicity', 'state': 'United States', 'subgr ... (245 characters truncated) ...  None, 'lowci': None, 'highci': None, 'confidence interval': None, 'quartile range': None, 'suppression flag': None, 'rejection reason': 'phase = -1'}, {'indicator': 'Needed Counseling or Therapy But Did Not Get It, Last 4 Weeks', 'group': 'By Race/Hispanic ethnicity', 'state': 'United States', 'subgr ... (245 characters truncated) ...  None, 'lowci': None, 'highci': None, 'confidence interval': None, 'quartile range': None, 'suppression flag': None, 'rejection reason': 'phase = -1'}, {'indicator': 'Needed Counseling or Therapy But Did Not Get It, Last 4 Weeks', 'group': 'By Race/Hispanic ethnicity', 'state': 'United States', 'subgr ... (258 characters truncated) ...  None, 'lowci': None, 'highci': None, 'confidence interval': None, 'quartile range': None, 'suppression flag': None, 'rejection reason': 'phase = -1'}, {'indicator': 'Needed Counseling or Therapy But Did Not Get It, Last 4 Weeks', 'group': 'By Education', 'state': 'United States', 'subgroup': 'Less th ... (231 characters truncated) ...  None, 'lowci': None, 'highci': None, 'confidence interval': None, 'quartile range': None, 'suppression flag': None, 'rejection reason': 'phase = -1'}, {'indicator': 'Needed Counseling or Therapy But Did Not Get It, Last 4 Weeks', 'group': 'By Education', 'state': 'United States', 'subgroup': "Some co ... (231 characters truncated) ...  None, 'lowci': None, 'highci': None, 'confidence interval': None, 'quartile range': None, 'suppression flag': None, 'rejection reason': 'phase = -1'}, {'indicator': 'Needed Counseling or Therapy But Did Not Get It, Last 4 Weeks', 'group': 'By Education', 'state': 'United States', 'subgroup': "Bachelo ... (227 characters truncated) ...  None, 'lowci': None, 'highci': None, 'confidence interval': None, 'quartile range': None, 'suppression flag': None, 'rejection reason': 'phase = -1'}, {'indicator': 'Needed Counseling or Therapy But Did Not Get It, Last 4 Weeks', 'group': 'By Disability status', 'state': 'United States', 'subgroup':  ... (223 characters truncated) ...  None, 'lowci': None, 'highci': None, 'confidence interval': None, 'quartile range': None, 'suppression flag': None, 'rejection reason': 'phase = -1'}, {'indicator': 'Needed Counseling or Therapy But Did Not Get It, Last 4 Weeks', 'group': 'By Disability status', 'state': 'United States', 'subgroup':  ... (226 characters truncated) ...  None, 'lowci': None, 'highci': None, 'confidence interval': None, 'quartile range': None, 'suppression flag': None, 'rejection reason': 'phase = -1'}, {'indicator': 'Needed Counseling or Therapy But Did Not Get It, Last 4 Weeks', 'group': 'By Age', 'state': 'United States', 'subgroup': '80 years and  ... (222 characters truncated) ... owci': None, 'highci': None, 'confidence interval': None, 'quartile range': None, 'suppression flag': 1.0, 'rejection reason': 'suppression flag = 1'}]]
(Background on this error at: https://sqlalche.me/e/20/cd3x)
14140 - 14-Feb-26 19:17:49 - DBlogger - Successfully closed DB connection
22572 - 14-Feb-26 19:20:50 - main - Ingestion pipeline starting
22572 - 14-Feb-26 19:20:50 - ingestion.Reader - Attempting to read CSV at C:\Users\armin\OneDrive\Desktop\Developer\MHIngestion\data\Mental_Health_DB.csv
22572 - 14-Feb-26 19:20:50 - ingestion.Reader - Read 10404 rows from C:\Users\armin\OneDrive\Desktop\Developer\MHIngestion\data\Mental_Health_DB.csv
22572 - 14-Feb-26 19:20:50 - ingestion.Validator - Successfully validated 9914 rows
22572 - 14-Feb-26 19:20:50 - ingestion.Validator - Rejected 490 rows
22572 - 14-Feb-26 19:20:50 - ingestion.Cleaner - Starting data cleaning step
22572 - 14-Feb-26 19:20:50 - ingestion.Cleaner - Removed 0 duplicate rows
22572 - 14-Feb-26 19:20:50 - ingestion.Cleaner - Converted column 'phase' to numeric
22572 - 14-Feb-26 19:20:50 - ingestion.Cleaner - Converted column 'value' to numeric
22572 - 14-Feb-26 19:20:50 - ingestion.Cleaner - Converted column 'lowci' to numeric
22572 - 14-Feb-26 19:20:50 - ingestion.Cleaner - Converted column 'highci' to numeric
22572 - 14-Feb-26 19:20:50 - ingestion.Cleaner - Converted 'time period' to nullable Int64
22572 - 14-Feb-26 19:20:50 - ingestion.Cleaner - Converted 'time period start date' to datetime
22572 - 14-Feb-26 19:20:50 - ingestion.Cleaner - Converted 'time period end date' to datetime
22572 - 14-Feb-26 19:20:50 - ingestion.Cleaner - Converted 'indicator' to string
22572 - 14-Feb-26 19:20:50 - ingestion.Cleaner - Converted 'group' to string
22572 - 14-Feb-26 19:20:50 - ingestion.Cleaner - Converted 'state' to string
22572 - 14-Feb-26 19:20:50 - ingestion.Cleaner - Converted 'subgroup' to string
22572 - 14-Feb-26 19:20:50 - ingestion.Cleaner - Converted 'time period label' to string
22572 - 14-Feb-26 19:20:50 - ingestion.Cleaner - Converted 'confidence interval' to string
22572 - 14-Feb-26 19:20:50 - ingestion.Cleaner - Converted 'quartile range' to string
22572 - 14-Feb-26 19:20:50 - ingestion.Cleaner - Completed data cleaning.
22572 - 14-Feb-26 19:20:50 - ingestion.Cleaner - Starting data cleaning step
22572 - 14-Feb-26 19:20:50 - ingestion.Cleaner - Removed 0 duplicate rows
22572 - 14-Feb-26 19:20:50 - ingestion.Cleaner - Converted column 'phase' to numeric
22572 - 14-Feb-26 19:20:50 - ingestion.Cleaner - Converted column 'value' to numeric
22572 - 14-Feb-26 19:20:50 - ingestion.Cleaner - Converted column 'lowci' to numeric
22572 - 14-Feb-26 19:20:50 - ingestion.Cleaner - Converted column 'highci' to numeric
22572 - 14-Feb-26 19:20:50 - ingestion.Cleaner - Converted 'time period' to nullable Int64
22572 - 14-Feb-26 19:20:50 - ingestion.Cleaner - Converted 'time period start date' to datetime
22572 - 14-Feb-26 19:20:50 - ingestion.Cleaner - Converted 'time period end date' to datetime
22572 - 14-Feb-26 19:20:50 - ingestion.Cleaner - Converted 'indicator' to string
22572 - 14-Feb-26 19:20:50 - ingestion.Cleaner - Converted 'group' to string
22572 - 14-Feb-26 19:20:50 - ingestion.Cleaner - Converted 'state' to string
22572 - 14-Feb-26 19:20:50 - ingestion.Cleaner - Converted 'subgroup' to string
22572 - 14-Feb-26 19:20:50 - ingestion.Cleaner - Converted 'time period label' to string
22572 - 14-Feb-26 19:20:50 - ingestion.Cleaner - Converted 'confidence interval' to string
22572 - 14-Feb-26 19:20:50 - ingestion.Cleaner - Converted 'quartile range' to string
22572 - 14-Feb-26 19:20:50 - ingestion.Cleaner - Converted column suppression flag to numeric
22572 - 14-Feb-26 19:20:50 - ingestion.Cleaner - Converted rejection reason to string
22572 - 14-Feb-26 19:20:50 - ingestion.Cleaner - Completed data cleaning.
22572 - 14-Feb-26 19:20:50 - DBlogger - Successfully connected to database
22572 - 14-Feb-26 19:20:51 - DBlogger - Error occurred during data insertion: (sqlalchemy.exc.InvalidRequestError) A value is required for bind parameter 'time_period'
[SQL: INSERT INTO mental_health (indicator, category, state,                                subcategory, phase, time_period, time_period_label, time_period_start_date,                                time_period_end_date, value, lowci, highci, confidence_interval, quartile_range) VALUES (%(indicator)s, %(group)s, %(state)s,                                %(subgroup)s, %(phase)s, %(time_period)s, %(time_period_label)s, %(time_period_start_date)s,                                %(time_period_end_date)s, %(value)s, %(lowci)s, %(highci)s, %(confidence_interval)s, %(quartile_range)s)]
[parameters: [{'indicator': 'Received Counseling or Therapy, Last 4 Weeks', 'group': 'By Sex', 'state': 'United States', 'subgroup': 'Male', 'phase': 2.0, 'time per ... (126 characters truncated) ... od end date': Timestamp('2020-09-28 00:00:00'), 'value': 6.9, 'lowci': 6.5, 'highci': 7.3, 'confidence interval': '6.5 - 7.3', 'quartile range': None}, {'indicator': 'Received Counseling or Therapy, Last 4 Weeks', 'group': 'By Sex', 'state': 'United States', 'subgroup': 'Female', 'phase': 2.0, 'time p ... (133 characters truncated) ... d date': Timestamp('2020-09-28 00:00:00'), 'value': 11.0, 'lowci': 10.4, 'highci': 11.6, 'confidence interval': '10.4 - 11.6', 'quartile range': None}, {'indicator': 'Took Prescription Medication for Mental Health, Last 4 Weeks', 'group': 'National Estimate', 'state': 'United States', 'subgroup': 'Uni ... (167 characters truncated) ... d date': Timestamp('2020-08-31 00:00:00'), 'value': 19.4, 'lowci': 19.0, 'highci': 19.8, 'confidence interval': '19.0 - 19.8', 'quartile range': None}, {'indicator': 'Took Prescription Medication for Mental Health, Last 4 Weeks', 'group': 'By Age', 'state': 'United States', 'subgroup': '18 - 29 years' ... (156 characters truncated) ... d date': Timestamp('2020-08-31 00:00:00'), 'value': 18.7, 'lowci': 17.2, 'highci': 20.3, 'confidence interval': '17.2 - 20.3', 'quartile range': None}, {'indicator': 'Took Prescription Medication for Mental Health, Last 4 Weeks', 'group': 'By Age', 'state': 'United States', 'subgroup': '30 - 39 years' ... (156 characters truncated) ... d date': Timestamp('2020-08-31 00:00:00'), 'value': 18.3, 'lowci': 17.3, 'highci': 19.2, 'confidence interval': '17.3 - 19.2', 'quartile range': None}, {'indicator': 'Took Prescription Medication for Mental Health, Last 4 Weeks', 'group': 'By Age', 'state': 'United States', 'subgroup': '40 - 49 years' ... (156 characters truncated) ... d date': Timestamp('2020-08-31 00:00:00'), 'value': 20.4, 'lowci': 19.5, 'highci': 21.3, 'confidence interval': '19.5 - 21.3', 'quartile range': None}, {'indicator': 'Took Prescription Medication for Mental Health, Last 4 Weeks', 'group': 'By Age', 'state': 'United States', 'subgroup': '50 - 59 years' ... (156 characters truncated) ... d date': Timestamp('2020-08-31 00:00:00'), 'value': 21.2, 'lowci': 20.2, 'highci': 22.2, 'confidence interval': '20.2 - 22.2', 'quartile range': None}, {'indicator': 'Took Prescription Medication for Mental Health, Last 4 Weeks', 'group': 'By Age', 'state': 'United States', 'subgroup': '60 - 69 years' ... (156 characters truncated) ... d date': Timestamp('2020-08-31 00:00:00'), 'value': 19.7, 'lowci': 18.7, 'highci': 20.7, 'confidence interval': '18.7 - 20.7', 'quartile range': None}, {'indicator': 'Took Prescription Medication for Mental Health, Last 4 Weeks', 'group': 'By Age', 'state': 'United States', 'subgroup': '70 - 79 years' ... (156 characters truncated) ... d date': Timestamp('2020-08-31 00:00:00'), 'value': 18.4, 'lowci': 17.0, 'highci': 19.9, 'confidence interval': '17.0 - 19.9', 'quartile range': None}, {'indicator': 'Took Prescription Medication for Mental Health, Last 4 Weeks', 'group': 'By Age', 'state': 'United States', 'subgroup': '80 years and a ... (161 characters truncated) ... d date': Timestamp('2020-08-31 00:00:00'), 'value': 13.8, 'lowci': 11.0, 'highci': 17.0, 'confidence interval': '11.0 - 17.0', 'quartile range': None}, {'indicator': 'Took Prescription Medication for Mental Health, Last 4 Weeks', 'group': 'By Sex', 'state': 'United States', 'subgroup': 'Male', 'phase' ... (147 characters truncated) ... d date': Timestamp('2020-08-31 00:00:00'), 'value': 13.7, 'lowci': 13.0, 'highci': 14.3, 'confidence interval': '13.0 - 14.3', 'quartile range': None}, {'indicator': 'Took Prescription Medication for Mental Health, Last 4 Weeks', 'group': 'By Sex', 'state': 'United States', 'subgroup': 'Female', 'phas ... (149 characters truncated) ... d date': Timestamp('2020-08-31 00:00:00'), 'value': 24.6, 'lowci': 24.0, 'highci': 25.2, 'confidence interval': '24.0 - 25.2', 'quartile range': None}, {'indicator': 'Took Prescription Medication for Mental Health, Last 4 Weeks', 'group': 'By Presence of Symptoms of Anxiety/Depression', 'state': 'Unit ... (251 characters truncated) ... d date': Timestamp('2020-08-31 00:00:00'), 'value': 11.6, 'lowci': 11.2, 'highci': 12.1, 'confidence interval': '11.2 - 12.1', 'quartile range': None}, {'indicator': 'Took Prescription Medication for Mental Health, Last 4 Weeks', 'group': 'By Presence of Symptoms of Anxiety/Depression', 'state': 'Unit ... (240 characters truncated) ... d date': Timestamp('2020-08-31 00:00:00'), 'value': 33.0, 'lowci': 32.1, 'highci': 33.9, 'confidence interval': '32.1 - 33.9', 'quartile range': None}, {'indicator': 'Took Prescription Medication for Mental Health, Last 4 Weeks', 'group': 'By Race/Hispanic ethnicity', 'state': 'United States', 'subgro ... (181 characters truncated) ... d date': Timestamp('2020-08-31 00:00:00'), 'value': 13.8, 'lowci': 12.6, 'highci': 15.0, 'confidence interval': '12.6 - 15.0', 'quartile range': None}, {'indicator': 'Took Prescription Medication for Mental Health, Last 4 Weeks', 'group': 'By Race/Hispanic ethnicity', 'state': 'United States', 'subgro ... (194 characters truncated) ... d date': Timestamp('2020-08-31 00:00:00'), 'value': 22.5, 'lowci': 22.1, 'highci': 23.0, 'confidence interval': '22.1 - 23.0', 'quartile range': None}, {'indicator': 'Took Prescription Medication for Mental Health, Last 4 Weeks', 'group': 'By Race/Hispanic ethnicity', 'state': 'United States', 'subgro ... (194 characters truncated) ... d date': Timestamp('2020-08-31 00:00:00'), 'value': 12.6, 'lowci': 11.4, 'highci': 13.9, 'confidence interval': '11.4 - 13.9', 'quartile range': None}, {'indicator': 'Took Prescription Medication for Mental Health, Last 4 Weeks', 'group': 'By Race/Hispanic ethnicity', 'state': 'United States', 'subgro ... (189 characters truncated) ... od end date': Timestamp('2020-08-31 00:00:00'), 'value': 8.1, 'lowci': 6.9, 'highci': 9.4, 'confidence interval': '6.9 - 9.4', 'quartile range': None}, {'indicator': 'Took Prescription Medication for Mental Health, Last 4 Weeks', 'group': 'By Race/Hispanic ethnicity', 'state': 'United States', 'subgro ... (207 characters truncated) ... d date': Timestamp('2020-08-31 00:00:00'), 'value': 22.1, 'lowci': 19.3, 'highci': 25.2, 'confidence interval': '19.3 - 25.2', 'quartile range': None}, {'indicator': 'Took Prescription Medication for Mental Health, Last 4 Weeks', 'group': 'By Education', 'state': 'United States', 'subgroup': 'Less tha ... (180 characters truncated) ... d date': Timestamp('2020-08-31 00:00:00'), 'value': 17.4, 'lowci': 14.9, 'highci': 20.1, 'confidence interval': '14.9 - 20.1', 'quartile range': None}, {'indicator': 'Took Prescription Medication for Mental Health, Last 4 Weeks', 'group': 'By Education', 'state': 'United States', 'subgroup': 'High sch ... (175 characters truncated) ... d date': Timestamp('2020-08-31 00:00:00'), 'value': 18.1, 'lowci': 17.2, 'highci': 19.1, 'confidence interval': '17.2 - 19.1', 'quartile range': None}, {'indicator': 'Took Prescription Medication for Mental Health, Last 4 Weeks', 'group': 'By Education', 'state': 'United States', 'subgroup': "Some col ... (180 characters truncated) ... d date': Timestamp('2020-08-31 00:00:00'), 'value': 21.0, 'lowci': 20.2, 'highci': 21.8, 'confidence interval': '20.2 - 21.8', 'quartile range': None}, {'indicator': 'Took Prescription Medication for Mental Health, Last 4 Weeks', 'group': 'By Education', 'state': 'United States', 'subgroup': "Bachelor ... (176 characters truncated) ... d date': Timestamp('2020-08-31 00:00:00'), 'value': 19.4, 'lowci': 19.0, 'highci': 19.9, 'confidence interval': '19.0 - 19.9', 'quartile range': None}, {'indicator': 'Took Prescription Medication for Mental Health, Last 4 Weeks', 'group': 'By State', 'state': 'Alabama', 'subgroup': 'Alabama', 'phase': ... (153 characters truncated) ... : Timestamp('2020-08-31 00:00:00'), 'value': 22.3, 'lowci': 19.6, 'highci': 25.1, 'confidence interval': '19.6 - 25.1', 'quartile range': '20.6-22.5'}, {'indicator': 'Took Prescription Medication for Mental Health, Last 4 Weeks', 'group': 'By State', 'state': 'Alaska', 'subgroup': 'Alaska', 'phase': 2 ... (151 characters truncated) ... : Timestamp('2020-08-31 00:00:00'), 'value': 16.7, 'lowci': 14.2, 'highci': 19.5, 'confidence interval': '14.2 - 19.5', 'quartile range': '12.2-18.4'}, {'indicator': 'Took Prescription Medication for Mental Health, Last 4 Weeks', 'group': 'By State', 'state': 'Arizona', 'subgroup': 'Arizona', 'phase': ... (153 characters truncated) ... : Timestamp('2020-08-31 00:00:00'), 'value': 18.3, 'lowci': 16.1, 'highci': 20.7, 'confidence interval': '16.1 - 20.7', 'quartile range': '12.2-18.4'}, {'indicator': 'Took Prescription Medication for Mental Health, Last 4 Weeks', 'group': 'By State', 'state': 'Arkansas', 'subgroup': 'Arkansas', 'phase ... (155 characters truncated) ... : Timestamp('2020-08-31 00:00:00'), 'value': 24.1, 'lowci': 20.8, 'highci': 27.7, 'confidence interval': '20.8 - 27.7', 'quartile range': '22.6-26.8'}, {'indicator': 'Took Prescription Medication for Mental Health, Last 4 Weeks', 'group': 'By State', 'state': 'California', 'subgroup': 'California', 'p ... (159 characters truncated) ... : Timestamp('2020-08-31 00:00:00'), 'value': 15.8, 'lowci': 14.4, 'highci': 17.4, 'confidence interval': '14.4 - 17.4', 'quartile range': '12.2-18.4'}, {'indicator': 'Took Prescription Medication for Mental Health, Last 4 Weeks', 'group': 'By State', 'state': 'Colorado', 'subgroup': 'Colorado', 'phase ... (155 characters truncated) ... : Timestamp('2020-08-31 00:00:00'), 'value': 17.0, 'lowci': 15.1, 'highci': 19.1, 'confidence interval': '15.1 - 19.1', 'quartile range': '12.2-18.4'}, {'indicator': 'Took Prescription Medication for Mental Health, Last 4 Weeks', 'group': 'By State', 'state': 'Connecticut', 'subgroup': 'Connecticut',  ... (161 characters truncated) ... : Timestamp('2020-08-31 00:00:00'), 'value': 18.8, 'lowci': 15.7, 'highci': 22.3, 'confidence interval': '15.7 - 22.3', 'quartile range': '18.5-20.5'}, {'indicator': 'Took Prescription Medication for Mental Health, Last 4 Weeks', 'group': 'By State', 'state': 'Delaware', 'subgroup': 'Delaware', 'phase ... (155 characters truncated) ... : Timestamp('2020-08-31 00:00:00'), 'value': 19.8, 'lowci': 16.4, 'highci': 23.6, 'confidence interval': '16.4 - 23.6', 'quartile range': '18.5-20.5'}, {'indicator': 'Took Prescription Medication for Mental Health, Last 4 Weeks', 'group': 'By State', 'state': 'District of Columbia', 'subgroup': 'Distr ... (179 characters truncated) ... : Timestamp('2020-08-31 00:00:00'), 'value': 18.0, 'lowci': 13.8, 'highci': 22.8, 'confidence interval': '13.8 - 22.8', 'quartile range': '12.2-18.4'}, {'indicator': 'Took Prescription Medication for Mental Health, Last 4 Weeks', 'group': 'By State', 'state': 'Florida', 'subgroup': 'Florida', 'phase': ... (153 characters truncated) ... : Timestamp('2020-08-31 00:00:00'), 'value': 19.0, 'lowci': 16.4, 'highci': 21.7, 'confidence interval': '16.4 - 21.7', 'quartile range': '18.5-20.5'}, {'indicator': 'Took Prescription Medication for Mental Health, Last 4 Weeks', 'group': 'By State', 'state': 'Georgia', 'subgroup': 'Georgia', 'phase': ... (153 characters truncated) ... : Timestamp('2020-08-31 00:00:00'), 'value': 21.1, 'lowci': 18.5, 'highci': 23.9, 'confidence interval': '18.5 - 23.9', 'quartile range': '20.6-22.5'}, {'indicator': 'Took Prescription Medication for Mental Health, Last 4 Weeks', 'group': 'By State', 'state': 'Hawaii', 'subgroup': 'Hawaii', 'phase': 2 ... (149 characters truncated) ... e': Timestamp('2020-08-31 00:00:00'), 'value': 12.2, 'lowci': 9.8, 'highci': 15.0, 'confidence interval': '9.8 - 15.0', 'quartile range': '12.2-18.4'}, {'indicator': 'Took Prescription Medication for Mental Health, Last 4 Weeks', 'group': 'By State', 'state': 'Idaho', 'subgroup': 'Idaho', 'phase': 2.0 ... (149 characters truncated) ... : Timestamp('2020-08-31 00:00:00'), 'value': 22.5, 'lowci': 19.8, 'highci': 25.4, 'confidence interval': '19.8 - 25.4', 'quartile range': '20.6-22.5'}, {'indicator': 'Took Prescription Medication for Mental Health, Last 4 Weeks', 'group': 'By State', 'state': 'Illinois', 'subgroup': 'Illinois', 'phase ... (155 characters truncated) ... : Timestamp('2020-08-31 00:00:00'), 'value': 17.2, 'lowci': 14.9, 'highci': 19.6, 'confidence interval': '14.9 - 19.6', 'quartile range': '12.2-18.4'}, {'indicator': 'Took Prescription Medication for Mental Health, Last 4 Weeks', 'group': 'By State', 'state': 'Indiana', 'subgroup': 'Indiana', 'phase': ... (153 characters truncated) ... : Timestamp('2020-08-31 00:00:00'), 'value': 23.5, 'lowci': 20.7, 'highci': 26.4, 'confidence interval': '20.7 - 26.4', 'quartile range': '22.6-26.8'}, {'indicator': 'Took Prescription Medication for Mental Health, Last 4 Weeks', 'group': 'By State', 'state': 'Iowa', 'subgroup': 'Iowa', 'phase': 2.0,  ... (147 characters truncated) ... : Timestamp('2020-08-31 00:00:00'), 'value': 23.1, 'lowci': 19.9, 'highci': 26.5, 'confidence interval': '19.9 - 26.5', 'quartile range': '22.6-26.8'}, {'indicator': 'Took Prescription Medication for Mental Health, Last 4 Weeks', 'group': 'By State', 'state': 'Kansas', 'subgroup': 'Kansas', 'phase': 2 ... (151 characters truncated) ... : Timestamp('2020-08-31 00:00:00'), 'value': 21.2, 'lowci': 17.9, 'highci': 24.7, 'confidence interval': '17.9 - 24.7', 'quartile range': '20.6-22.5'}, {'indicator': 'Took Prescription Medication for Mental Health, Last 4 Weeks', 'group': 'By State', 'state': 'Kentucky', 'subgroup': 'Kentucky', 'phase ... (155 characters truncated) ... : Timestamp('2020-08-31 00:00:00'), 'value': 26.8, 'lowci': 23.0, 'highci': 30.9, 'confidence interval': '23.0 - 30.9', 'quartile range': '22.6-26.8'}, {'indicator': 'Took Prescription Medication for Mental Health, Last 4 Weeks', 'group': 'By State', 'state': 'Louisiana', 'subgroup': 'Louisiana', 'pha ... (157 characters truncated) ... : Timestamp('2020-08-31 00:00:00'), 'value': 23.6, 'lowci': 20.6, 'highci': 26.9, 'confidence interval': '20.6 - 26.9', 'quartile range': '22.6-26.8'}, {'indicator': 'Took Prescription Medication for Mental Health, Last 4 Weeks', 'group': 'By State', 'state': 'Maine', 'subgroup': 'Maine', 'phase': 2.0 ... (149 characters truncated) ... : Timestamp('2020-08-31 00:00:00'), 'value': 23.1, 'lowci': 19.4, 'highci': 27.1, 'confidence interval': '19.4 - 27.1', 'quartile range': '22.6-26.8'}, {'indicator': 'Took Prescription Medication for Mental Health, Last 4 Weeks', 'group': 'By State', 'state': 'Maryland', 'subgroup': 'Maryland', 'phase ... (155 characters truncated) ... : Timestamp('2020-08-31 00:00:00'), 'value': 17.1, 'lowci': 15.1, 'highci': 19.3, 'confidence interval': '15.1 - 19.3', 'quartile range': '12.2-18.4'}, {'indicator': 'Took Prescription Medication for Mental Health, Last 4 Weeks', 'group': 'By State', 'state': 'Massachusetts', 'subgroup': 'Massachusett ... (165 characters truncated) ... : Timestamp('2020-08-31 00:00:00'), 'value': 19.9, 'lowci': 18.0, 'highci': 21.9, 'confidence interval': '18.0 - 21.9', 'quartile range': '18.5-20.5'}, {'indicator': 'Took Prescription Medication for Mental Health, Last 4 Weeks', 'group': 'By State', 'state': 'Michigan', 'subgroup': 'Michigan', 'phase ... (155 characters truncated) ... : Timestamp('2020-08-31 00:00:00'), 'value': 20.4, 'lowci': 17.7, 'highci': 23.3, 'confidence interval': '17.7 - 23.3', 'quartile range': '18.5-20.5'}, {'indicator': 'Took Prescription Medication for Mental Health, Last 4 Weeks', 'group': 'By State', 'state': 'Minnesota', 'subgroup': 'Minnesota', 'pha ... (157 characters truncated) ... : Timestamp('2020-08-31 00:00:00'), 'value': 20.6, 'lowci': 18.3, 'highci': 23.0, 'confidence interval': '18.3 - 23.0', 'quartile range': '20.6-22.5'}, {'indicator': 'Took Prescription Medication for Mental Health, Last 4 Weeks', 'group': 'By State', 'state': 'Mississippi', 'subgroup': 'Mississippi',  ... (161 characters truncated) ... : Timestamp('2020-08-31 00:00:00'), 'value': 20.8, 'lowci': 17.4, 'highci': 24.7, 'confidence interval': '17.4 - 24.7', 'quartile range': '20.6-22.5'}, {'indicator': 'Took Prescription Medication for Mental Health, Last 4 Weeks', 'group': 'By State', 'state': 'Missouri', 'subgroup': 'Missouri', 'phase ... (155 characters truncated) ... : Timestamp('2020-08-31 00:00:00'), 'value': 23.7, 'lowci': 21.0, 'highci': 26.6, 'confidence interval': '21.0 - 26.6', 'quartile range': '22.6-26.8'}, {'indicator': 'Took Prescription Medication for Mental Health, Last 4 Weeks', 'group': 'By State', 'state': 'Montana', 'subgroup': 'Montana', 'phase': ... (153 characters truncated) ... : Timestamp('2020-08-31 00:00:00'), 'value': 18.4, 'lowci': 15.5, 'highci': 21.5, 'confidence interval': '15.5 - 21.5', 'quartile range': '12.2-18.4'} ... 9814 parameters truncated ... {'indicator': 'Needed Counseling or Therapy But Did Not Get It, Last 4 Weeks', 'group': 'By State', 'state': 'Alaska', 'subgroup': 'Alaska', 'phase':  ... (151 characters truncated) ... : Timestamp('2022-05-09 00:00:00'), 'value': 15.8, 'lowci': 12.6, 'highci': 19.4, 'confidence interval': '12.6 - 19.4', 'quartile range': '13.0-20.8'}, {'indicator': 'Needed Counseling or Therapy But Did Not Get It, Last 4 Weeks', 'group': 'By State', 'state': 'Arizona', 'subgroup': 'Arizona', 'phase' ... (150 characters truncated) ... te': Timestamp('2022-05-09 00:00:00'), 'value': 10.8, 'lowci': 8.3, 'highci': 13.6, 'confidence interval': '8.3 - 13.6', 'quartile range': '9.6-11.3'}, {'indicator': 'Needed Counseling or Therapy But Did Not Get It, Last 4 Weeks', 'group': 'By State', 'state': 'Arkansas', 'subgroup': 'Arkansas', 'phas ... (155 characters truncated) ... : Timestamp('2022-05-09 00:00:00'), 'value': 15.1, 'lowci': 12.0, 'highci': 18.7, 'confidence interval': '12.0 - 18.7', 'quartile range': '13.0-20.8'}, {'indicator': 'Needed Counseling or Therapy But Did Not Get It, Last 4 Weeks', 'group': 'By State', 'state': 'California', 'subgroup': 'California', ' ... (159 characters truncated) ... : Timestamp('2022-05-09 00:00:00'), 'value': 13.4, 'lowci': 11.2, 'highci': 15.9, 'confidence interval': '11.2 - 15.9', 'quartile range': '13.0-20.8'}, {'indicator': 'Needed Counseling or Therapy But Did Not Get It, Last 4 Weeks', 'group': 'By State', 'state': 'Colorado', 'subgroup': 'Colorado', 'phas ... (152 characters truncated) ... te': Timestamp('2022-05-09 00:00:00'), 'value': 10.6, 'lowci': 8.2, 'highci': 13.6, 'confidence interval': '8.2 - 13.6', 'quartile range': '9.6-11.3'}, {'indicator': 'Needed Counseling or Therapy But Did Not Get It, Last 4 Weeks', 'group': 'By State', 'state': 'Connecticut', 'subgroup': 'Connecticut', ... (156 characters truncated) ... date': Timestamp('2022-05-09 00:00:00'), 'value': 9.2, 'lowci': 7.2, 'highci': 11.5, 'confidence interval': '7.2 - 11.5', 'quartile range': '6.6-9.5'}, {'indicator': 'Needed Counseling or Therapy But Did Not Get It, Last 4 Weeks', 'group': 'By State', 'state': 'Delaware', 'subgroup': 'Delaware', 'phas ... (150 characters truncated) ... date': Timestamp('2022-05-09 00:00:00'), 'value': 6.6, 'lowci': 3.7, 'highci': 10.8, 'confidence interval': '3.7 - 10.8', 'quartile range': '6.6-9.5'}, {'indicator': 'Needed Counseling or Therapy But Did Not Get It, Last 4 Weeks', 'group': 'By State', 'state': 'District of Columbia', 'subgroup': 'Dist ... (179 characters truncated) ... : Timestamp('2022-05-09 00:00:00'), 'value': 20.8, 'lowci': 15.5, 'highci': 26.9, 'confidence interval': '15.5 - 26.9', 'quartile range': '13.0-20.8'}, {'indicator': 'Needed Counseling or Therapy But Did Not Get It, Last 4 Weeks', 'group': 'By State', 'state': 'Florida', 'subgroup': 'Florida', 'phase' ... (148 characters truncated) ... date': Timestamp('2022-05-09 00:00:00'), 'value': 9.3, 'lowci': 7.1, 'highci': 11.9, 'confidence interval': '7.1 - 11.9', 'quartile range': '6.6-9.5'}, {'indicator': 'Needed Counseling or Therapy But Did Not Get It, Last 4 Weeks', 'group': 'By State', 'state': 'Georgia', 'subgroup': 'Georgia', 'phase' ... (150 characters truncated) ... te': Timestamp('2022-05-09 00:00:00'), 'value': 11.2, 'lowci': 8.2, 'highci': 14.8, 'confidence interval': '8.2 - 14.8', 'quartile range': '9.6-11.3'}, {'indicator': 'Needed Counseling or Therapy But Did Not Get It, Last 4 Weeks', 'group': 'By State', 'state': 'Hawaii', 'subgroup': 'Hawaii', 'phase':  ... (146 characters truncated) ... date': Timestamp('2022-05-09 00:00:00'), 'value': 8.2, 'lowci': 5.2, 'highci': 12.2, 'confidence interval': '5.2 - 12.2', 'quartile range': '6.6-9.5'}, {'indicator': 'Needed Counseling or Therapy But Did Not Get It, Last 4 Weeks', 'group': 'By State', 'state': 'Idaho', 'subgroup': 'Idaho', 'phase': 3. ... (147 characters truncated) ... e': Timestamp('2022-05-09 00:00:00'), 'value': 12.1, 'lowci': 9.5, 'highci': 15.2, 'confidence interval': '9.5 - 15.2', 'quartile range': '11.4-12.9'}, {'indicator': 'Needed Counseling or Therapy But Did Not Get It, Last 4 Weeks', 'group': 'By State', 'state': 'Illinois', 'subgroup': 'Illinois', 'phas ... (155 characters truncated) ... : Timestamp('2022-05-09 00:00:00'), 'value': 14.4, 'lowci': 11.2, 'highci': 18.1, 'confidence interval': '11.2 - 18.1', 'quartile range': '13.0-20.8'}, {'indicator': 'Needed Counseling or Therapy But Did Not Get It, Last 4 Weeks', 'group': 'By State', 'state': 'Indiana', 'subgroup': 'Indiana', 'phase' ... (149 characters truncated) ... ate': Timestamp('2022-05-09 00:00:00'), 'value': 9.7, 'lowci': 7.0, 'highci': 13.0, 'confidence interval': '7.0 - 13.0', 'quartile range': '9.6-11.3'}, {'indicator': 'Needed Counseling or Therapy But Did Not Get It, Last 4 Weeks', 'group': 'By State', 'state': 'Iowa', 'subgroup': 'Iowa', 'phase': 3.4, ... (142 characters truncated) ... date': Timestamp('2022-05-09 00:00:00'), 'value': 8.9, 'lowci': 6.2, 'highci': 12.2, 'confidence interval': '6.2 - 12.2', 'quartile range': '6.6-9.5'}, {'indicator': 'Needed Counseling or Therapy But Did Not Get It, Last 4 Weeks', 'group': 'By State', 'state': 'Kansas', 'subgroup': 'Kansas', 'phase':  ... (151 characters truncated) ... : Timestamp('2022-05-09 00:00:00'), 'value': 14.3, 'lowci': 11.5, 'highci': 17.4, 'confidence interval': '11.5 - 17.4', 'quartile range': '13.0-20.8'}, {'indicator': 'Needed Counseling or Therapy But Did Not Get It, Last 4 Weeks', 'group': 'By State', 'state': 'Kentucky', 'subgroup': 'Kentucky', 'phas ... (155 characters truncated) ... : Timestamp('2022-05-09 00:00:00'), 'value': 14.7, 'lowci': 10.6, 'highci': 19.6, 'confidence interval': '10.6 - 19.6', 'quartile range': '13.0-20.8'}, {'indicator': 'Needed Counseling or Therapy But Did Not Get It, Last 4 Weeks', 'group': 'By State', 'state': 'Louisiana', 'subgroup': 'Louisiana', 'ph ... (153 characters truncated) ... ate': Timestamp('2022-05-09 00:00:00'), 'value': 9.9, 'lowci': 5.7, 'highci': 15.5, 'confidence interval': '5.7 - 15.5', 'quartile range': '9.6-11.3'}, {'indicator': 'Needed Counseling or Therapy But Did Not Get It, Last 4 Weeks', 'group': 'By State', 'state': 'Maine', 'subgroup': 'Maine', 'phase': 3. ... (146 characters truncated) ... te': Timestamp('2022-05-09 00:00:00'), 'value': 10.8, 'lowci': 7.8, 'highci': 14.6, 'confidence interval': '7.8 - 14.6', 'quartile range': '9.6-11.3'}, {'indicator': 'Needed Counseling or Therapy But Did Not Get It, Last 4 Weeks', 'group': 'By State', 'state': 'Maryland', 'subgroup': 'Maryland', 'phas ... (153 characters truncated) ... e': Timestamp('2022-05-09 00:00:00'), 'value': 11.9, 'lowci': 8.9, 'highci': 15.4, 'confidence interval': '8.9 - 15.4', 'quartile range': '11.4-12.9'}, {'indicator': 'Needed Counseling or Therapy But Did Not Get It, Last 4 Weeks', 'group': 'By State', 'state': 'Massachusetts', 'subgroup': 'Massachuset ... (165 characters truncated) ... : Timestamp('2022-05-09 00:00:00'), 'value': 12.9, 'lowci': 10.5, 'highci': 15.5, 'confidence interval': '10.5 - 15.5', 'quartile range': '11.4-12.9'}, {'indicator': 'Needed Counseling or Therapy But Did Not Get It, Last 4 Weeks', 'group': 'By State', 'state': 'Michigan', 'subgroup': 'Michigan', 'phas ... (153 characters truncated) ... e': Timestamp('2022-05-09 00:00:00'), 'value': 12.1, 'lowci': 9.5, 'highci': 15.1, 'confidence interval': '9.5 - 15.1', 'quartile range': '11.4-12.9'}, {'indicator': 'Needed Counseling or Therapy But Did Not Get It, Last 4 Weeks', 'group': 'By State', 'state': 'Minnesota', 'subgroup': 'Minnesota', 'ph ... (154 characters truncated) ... te': Timestamp('2022-05-09 00:00:00'), 'value': 11.3, 'lowci': 8.2, 'highci': 15.2, 'confidence interval': '8.2 - 15.2', 'quartile range': '9.6-11.3'}, {'indicator': 'Needed Counseling or Therapy But Did Not Get It, Last 4 Weeks', 'group': 'By State', 'state': 'Mississippi', 'subgroup': 'Mississippi', ... (159 characters truncated) ... e': Timestamp('2022-05-09 00:00:00'), 'value': 13.4, 'lowci': 8.3, 'highci': 20.1, 'confidence interval': '8.3 - 20.1', 'quartile range': '13.0-20.8'}, {'indicator': 'Needed Counseling or Therapy But Did Not Get It, Last 4 Weeks', 'group': 'By State', 'state': 'Missouri', 'subgroup': 'Missouri', 'phas ... (153 characters truncated) ... e': Timestamp('2022-05-09 00:00:00'), 'value': 12.0, 'lowci': 8.8, 'highci': 15.8, 'confidence interval': '8.8 - 15.8', 'quartile range': '11.4-12.9'}, {'indicator': 'Needed Counseling or Therapy But Did Not Get It, Last 4 Weeks', 'group': 'By State', 'state': 'Montana', 'subgroup': 'Montana', 'phase' ... (151 characters truncated) ... e': Timestamp('2022-05-09 00:00:00'), 'value': 12.6, 'lowci': 8.6, 'highci': 17.6, 'confidence interval': '8.6 - 17.6', 'quartile range': '11.4-12.9'}, {'indicator': 'Needed Counseling or Therapy But Did Not Get It, Last 4 Weeks', 'group': 'By State', 'state': 'Nebraska', 'subgroup': 'Nebraska', 'phas ... (152 characters truncated) ... te': Timestamp('2022-05-09 00:00:00'), 'value': 10.4, 'lowci': 8.4, 'highci': 12.7, 'confidence interval': '8.4 - 12.7', 'quartile range': '9.6-11.3'}, {'indicator': 'Needed Counseling or Therapy But Did Not Get It, Last 4 Weeks', 'group': 'By State', 'state': 'Nevada', 'subgroup': 'Nevada', 'phase':  ... (148 characters truncated) ... te': Timestamp('2022-05-09 00:00:00'), 'value': 11.1, 'lowci': 8.1, 'highci': 14.6, 'confidence interval': '8.1 - 14.6', 'quartile range': '9.6-11.3'}, {'indicator': 'Needed Counseling or Therapy But Did Not Get It, Last 4 Weeks', 'group': 'By State', 'state': 'New Hampshire', 'subgroup': 'New Hampshi ... (162 characters truncated) ... te': Timestamp('2022-05-09 00:00:00'), 'value': 10.1, 'lowci': 7.0, 'highci': 14.1, 'confidence interval': '7.0 - 14.1', 'quartile range': '9.6-11.3'}, {'indicator': 'Needed Counseling or Therapy But Did Not Get It, Last 4 Weeks', 'group': 'By State', 'state': 'New Jersey', 'subgroup': 'New Jersey', ' ... (154 characters truncated) ... date': Timestamp('2022-05-09 00:00:00'), 'value': 7.8, 'lowci': 5.2, 'highci': 11.0, 'confidence interval': '5.2 - 11.0', 'quartile range': '6.6-9.5'}, {'indicator': 'Needed Counseling or Therapy But Did Not Get It, Last 4 Weeks', 'group': 'By State', 'state': 'New Mexico', 'subgroup': 'New Mexico', ' ... (159 characters truncated) ... : Timestamp('2022-05-09 00:00:00'), 'value': 12.7, 'lowci': 10.0, 'highci': 15.9, 'confidence interval': '10.0 - 15.9', 'quartile range': '11.4-12.9'}, {'indicator': 'Needed Counseling or Therapy But Did Not Get It, Last 4 Weeks', 'group': 'By State', 'state': 'New York', 'subgroup': 'New York', 'phas ... (152 characters truncated) ... te': Timestamp('2022-05-09 00:00:00'), 'value': 11.2, 'lowci': 8.2, 'highci': 15.0, 'confidence interval': '8.2 - 15.0', 'quartile range': '9.6-11.3'}, {'indicator': 'Needed Counseling or Therapy But Did Not Get It, Last 4 Weeks', 'group': 'By State', 'state': 'North Carolina', 'subgroup': 'North Caro ... (162 characters truncated) ... date': Timestamp('2022-05-09 00:00:00'), 'value': 8.7, 'lowci': 6.4, 'highci': 11.7, 'confidence interval': '6.4 - 11.7', 'quartile range': '6.6-9.5'}, {'indicator': 'Needed Counseling or Therapy But Did Not Get It, Last 4 Weeks', 'group': 'By State', 'state': 'North Dakota', 'subgroup': 'North Dakota ... (158 characters truncated) ... date': Timestamp('2022-05-09 00:00:00'), 'value': 8.0, 'lowci': 5.3, 'highci': 11.6, 'confidence interval': '5.3 - 11.6', 'quartile range': '6.6-9.5'}, {'indicator': 'Needed Counseling or Therapy But Did Not Get It, Last 4 Weeks', 'group': 'By State', 'state': 'Ohio', 'subgroup': 'Ohio', 'phase': 3.4, ... (142 characters truncated) ... date': Timestamp('2022-05-09 00:00:00'), 'value': 8.5, 'lowci': 6.1, 'highci': 11.4, 'confidence interval': '6.1 - 11.4', 'quartile range': '6.6-9.5'}, {'indicator': 'Needed Counseling or Therapy But Did Not Get It, Last 4 Weeks', 'group': 'By State', 'state': 'Oklahoma', 'subgroup': 'Oklahoma', 'phas ... (155 characters truncated) ... : Timestamp('2022-05-09 00:00:00'), 'value': 13.0, 'lowci': 10.0, 'highci': 16.6, 'confidence interval': '10.0 - 16.6', 'quartile range': '13.0-20.8'}, {'indicator': 'Needed Counseling or Therapy But Did Not Get It, Last 4 Weeks', 'group': 'By State', 'state': 'Oregon', 'subgroup': 'Oregon', 'phase':  ... (151 characters truncated) ... : Timestamp('2022-05-09 00:00:00'), 'value': 15.6, 'lowci': 12.6, 'highci': 19.0, 'confidence interval': '12.6 - 19.0', 'quartile range': '13.0-20.8'}, {'indicator': 'Needed Counseling or Therapy But Did Not Get It, Last 4 Weeks', 'group': 'By State', 'state': 'Pennsylvania', 'subgroup': 'Pennsylvania ... (158 characters truncated) ... date': Timestamp('2022-05-09 00:00:00'), 'value': 9.5, 'lowci': 6.8, 'highci': 12.8, 'confidence interval': '6.8 - 12.8', 'quartile range': '6.6-9.5'}, {'indicator': 'Needed Counseling or Therapy But Did Not Get It, Last 4 Weeks', 'group': 'By State', 'state': 'Rhode Island', 'subgroup': 'Rhode Island ... (158 characters truncated) ... date': Timestamp('2022-05-09 00:00:00'), 'value': 7.5, 'lowci': 4.3, 'highci': 11.8, 'confidence interval': '4.3 - 11.8', 'quartile range': '6.6-9.5'}, {'indicator': 'Needed Counseling or Therapy But Did Not Get It, Last 4 Weeks', 'group': 'By State', 'state': 'South Carolina', 'subgroup': 'South Caro ... (162 characters truncated) ... date': Timestamp('2022-05-09 00:00:00'), 'value': 9.0, 'lowci': 6.1, 'highci': 12.6, 'confidence interval': '6.1 - 12.6', 'quartile range': '6.6-9.5'}, {'indicator': 'Needed Counseling or Therapy But Did Not Get It, Last 4 Weeks', 'group': 'By State', 'state': 'South Dakota', 'subgroup': 'South Dakota ... (158 characters truncated) ... date': Timestamp('2022-05-09 00:00:00'), 'value': 7.9, 'lowci': 5.3, 'highci': 11.1, 'confidence interval': '5.3 - 11.1', 'quartile range': '6.6-9.5'}, {'indicator': 'Needed Counseling or Therapy But Did Not Get It, Last 4 Weeks', 'group': 'By State', 'state': 'Tennessee', 'subgroup': 'Tennessee', 'ph ... (155 characters truncated) ... e': Timestamp('2022-05-09 00:00:00'), 'value': 11.6, 'lowci': 9.2, 'highci': 14.2, 'confidence interval': '9.2 - 14.2', 'quartile range': '11.4-12.9'}, {'indicator': 'Needed Counseling or Therapy But Did Not Get It, Last 4 Weeks', 'group': 'By State', 'state': 'Texas', 'subgroup': 'Texas', 'phase': 3. ... (149 characters truncated) ... : Timestamp('2022-05-09 00:00:00'), 'value': 12.7, 'lowci': 10.3, 'highci': 15.4, 'confidence interval': '10.3 - 15.4', 'quartile range': '11.4-12.9'}, {'indicator': 'Needed Counseling or Therapy But Did Not Get It, Last 4 Weeks', 'group': 'By State', 'state': 'Utah', 'subgroup': 'Utah', 'phase': 3.4, ... (147 characters truncated) ... : Timestamp('2022-05-09 00:00:00'), 'value': 17.9, 'lowci': 14.8, 'highci': 21.4, 'confidence interval': '14.8 - 21.4', 'quartile range': '13.0-20.8'}, {'indicator': 'Needed Counseling or Therapy But Did Not Get It, Last 4 Weeks', 'group': 'By State', 'state': 'Vermont', 'subgroup': 'Vermont', 'phase' ... (151 characters truncated) ... e': Timestamp('2022-05-09 00:00:00'), 'value': 11.9, 'lowci': 8.2, 'highci': 16.5, 'confidence interval': '8.2 - 16.5', 'quartile range': '11.4-12.9'}, {'indicator': 'Needed Counseling or Therapy But Did Not Get It, Last 4 Weeks', 'group': 'By State', 'state': 'Virginia', 'subgroup': 'Virginia', 'phas ... (152 characters truncated) ... te': Timestamp('2022-05-09 00:00:00'), 'value': 10.1, 'lowci': 7.1, 'highci': 13.8, 'confidence interval': '7.1 - 13.8', 'quartile range': '9.6-11.3'}, {'indicator': 'Needed Counseling or Therapy But Did Not Get It, Last 4 Weeks', 'group': 'By State', 'state': 'Washington', 'subgroup': 'Washington', ' ... (159 characters truncated) ... : Timestamp('2022-05-09 00:00:00'), 'value': 14.8, 'lowci': 12.5, 'highci': 17.4, 'confidence interval': '12.5 - 17.4', 'quartile range': '13.0-20.8'}, {'indicator': 'Needed Counseling or Therapy But Did Not Get It, Last 4 Weeks', 'group': 'By State', 'state': 'West Virginia', 'subgroup': 'West Virgin ... (161 characters truncated) ... ate': Timestamp('2022-05-09 00:00:00'), 'value': 9.8, 'lowci': 6.6, 'highci': 13.8, 'confidence interval': '6.6 - 13.8', 'quartile range': '9.6-11.3'}, {'indicator': 'Needed Counseling or Therapy But Did Not Get It, Last 4 Weeks', 'group': 'By State', 'state': 'Wisconsin', 'subgroup': 'Wisconsin', 'ph ... (155 characters truncated) ... e': Timestamp('2022-05-09 00:00:00'), 'value': 11.6, 'lowci': 8.5, 'highci': 15.3, 'confidence interval': '8.5 - 15.3', 'quartile range': '11.4-12.9'}, {'indicator': 'Needed Counseling or Therapy But Did Not Get It, Last 4 Weeks', 'group': 'By State', 'state': 'Wyoming', 'subgroup': 'Wyoming', 'phase' ... (151 characters truncated) ... e': Timestamp('2022-05-09 00:00:00'), 'value': 11.5, 'lowci': 8.6, 'highci': 15.1, 'confidence interval': '8.6 - 15.1', 'quartile range': '11.4-12.9'}]]
(Background on this error at: https://sqlalche.me/e/20/cd3x)
22572 - 14-Feb-26 19:20:51 - DBlogger - Error occurred during data insertion: (sqlalchemy.exc.InvalidRequestError) A value is required for bind parameter 'time_period'
[SQL: INSERT INTO mental_health_rejected (indicator, category, state ,                                subcategory, phase, time_period, time_period_label, time_period_start_date,                                time_period_end_date, value, lowci, highci, confidence_interval, quartile_range,                                suppression_flag, rejection_reason) VALUES %(indicator)s, %(group)s, %(state)s ,                                %(subgroup)s, phase, %(time_period)s, %(time_period_label)s, %(time_period_start_date)s,                                %(time_period_end_date)s, %(value)s, %(lowci)s, %(highci)s, %(confidence_interval)s, %(quartile_range)s,                                      %(suppression_flag)s, %(rejection_reason)s]
[parameters: [{'indicator': 'Needed Counseling or Therapy But Did Not Get It, Last 4 Weeks', 'group': 'By Sex', 'state': 'United States', 'subgroup': 'Female', 'pha ... (206 characters truncated) ...  None, 'lowci': None, 'highci': None, 'confidence interval': None, 'quartile range': None, 'suppression flag': None, 'rejection reason': 'phase = -1'}, {'indicator': 'Took Prescription Medication for Mental Health, Last 4 Weeks', 'group': 'By Age', 'state': 'United States', 'subgroup': '50 - 59 years' ... (207 characters truncated) ...  None, 'lowci': None, 'highci': None, 'confidence interval': None, 'quartile range': None, 'suppression flag': None, 'rejection reason': 'phase = -1'}, {'indicator': 'Took Prescription Medication for Mental Health, Last 4 Weeks', 'group': 'By Age', 'state': 'United States', 'subgroup': '60 - 69 years' ... (207 characters truncated) ...  None, 'lowci': None, 'highci': None, 'confidence interval': None, 'quartile range': None, 'suppression flag': None, 'rejection reason': 'phase = -1'}, {'indicator': 'Took Prescription Medication for Mental Health, Last 4 Weeks', 'group': 'By Age', 'state': 'United States', 'subgroup': '70 - 79 years' ... (207 characters truncated) ...  None, 'lowci': None, 'highci': None, 'confidence interval': None, 'quartile range': None, 'suppression flag': None, 'rejection reason': 'phase = -1'}, {'indicator': 'Took Prescription Medication for Mental Health, Last 4 Weeks', 'group': 'By Age', 'state': 'United States', 'subgroup': '80 years and a ... (212 characters truncated) ...  None, 'lowci': None, 'highci': None, 'confidence interval': None, 'quartile range': None, 'suppression flag': None, 'rejection reason': 'phase = -1'}, {'indicator': 'Took Prescription Medication for Mental Health, Last 4 Weeks', 'group': 'By Sex', 'state': 'United States', 'subgroup': 'Male', 'phase' ... (198 characters truncated) ...  None, 'lowci': None, 'highci': None, 'confidence interval': None, 'quartile range': None, 'suppression flag': None, 'rejection reason': 'phase = -1'}, {'indicator': 'Took Prescription Medication for Mental Health, Last 4 Weeks', 'group': 'By Sex', 'state': 'United States', 'subgroup': 'Female', 'phas ... (200 characters truncated) ...  None, 'lowci': None, 'highci': None, 'confidence interval': None, 'quartile range': None, 'suppression flag': None, 'rejection reason': 'phase = -1'}, {'indicator': 'Received Counseling or Therapy, Last 4 Weeks', 'group': 'By Sex', 'state': 'United States', 'subgroup': 'Female', 'phase': -1.0, 'time  ... (184 characters truncated) ...  None, 'lowci': None, 'highci': None, 'confidence interval': None, 'quartile range': None, 'suppression flag': None, 'rejection reason': 'phase = -1'}, {'indicator': 'Received Counseling or Therapy, Last 4 Weeks', 'group': 'By Age', 'state': 'United States', 'subgroup': '40 - 49 years', 'phase': -1.0, ... (190 characters truncated) ...  None, 'lowci': None, 'highci': None, 'confidence interval': None, 'quartile range': None, 'suppression flag': None, 'rejection reason': 'phase = -1'}, {'indicator': 'Received Counseling or Therapy, Last 4 Weeks', 'group': 'By Age', 'state': 'United States', 'subgroup': '50 - 59 years', 'phase': -1.0, ... (190 characters truncated) ...  None, 'lowci': None, 'highci': None, 'confidence interval': None, 'quartile range': None, 'suppression flag': None, 'rejection reason': 'phase = -1'}, {'indicator': 'Received Counseling or Therapy, Last 4 Weeks', 'group': 'By Age', 'state': 'United States', 'subgroup': '60 - 69 years', 'phase': -1.0, ... (190 characters truncated) ...  None, 'lowci': None, 'highci': None, 'confidence interval': None, 'quartile range': None, 'suppression flag': None, 'rejection reason': 'phase = -1'}, {'indicator': 'Received Counseling or Therapy, Last 4 Weeks', 'group': 'By Age', 'state': 'United States', 'subgroup': '70 - 79 years', 'phase': -1.0, ... (190 characters truncated) ...  None, 'lowci': None, 'highci': None, 'confidence interval': None, 'quartile range': None, 'suppression flag': None, 'rejection reason': 'phase = -1'}, {'indicator': 'Needed Counseling or Therapy But Did Not Get It, Last 4 Weeks', 'group': 'By Age', 'state': 'United States', 'subgroup': '80 years and  ... (222 characters truncated) ... owci': None, 'highci': None, 'confidence interval': None, 'quartile range': None, 'suppression flag': 1.0, 'rejection reason': 'suppression flag = 1'}, {'indicator': 'Received Counseling or Therapy, Last 4 Weeks', 'group': 'By Age', 'state': 'United States', 'subgroup': '80 years and above', 'phase':  ... (205 characters truncated) ... owci': None, 'highci': None, 'confidence interval': None, 'quartile range': None, 'suppression flag': 1.0, 'rejection reason': 'suppression flag = 1'}, {'indicator': 'Received Counseling or Therapy, Last 4 Weeks', 'group': 'By Age', 'state': 'United States', 'subgroup': '80 years and above', 'phase':  ... (195 characters truncated) ...  None, 'lowci': None, 'highci': None, 'confidence interval': None, 'quartile range': None, 'suppression flag': None, 'rejection reason': 'phase = -1'}, {'indicator': 'Needed Counseling or Therapy But Did Not Get It, Last 4 Weeks', 'group': 'By Age', 'state': 'United States', 'subgroup': '80 years and  ... (222 characters truncated) ... owci': None, 'highci': None, 'confidence interval': None, 'quartile range': None, 'suppression flag': 1.0, 'rejection reason': 'suppression flag = 1'}, {'indicator': 'Received Counseling or Therapy, Last 4 Weeks', 'group': 'By Sex', 'state': 'United States', 'subgroup': 'Male', 'phase': -1.0, 'time pe ... (181 characters truncated) ...  None, 'lowci': None, 'highci': None, 'confidence interval': None, 'quartile range': None, 'suppression flag': None, 'rejection reason': 'phase = -1'}, {'indicator': 'Received Counseling or Therapy, Last 4 Weeks', 'group': 'By Sex', 'state': 'United States', 'subgroup': 'Female', 'phase': -1.0, 'time  ... (183 characters truncated) ...  None, 'lowci': None, 'highci': None, 'confidence interval': None, 'quartile range': None, 'suppression flag': None, 'rejection reason': 'phase = -1'}, {'indicator': 'Received Counseling or Therapy, Last 4 Weeks', 'group': 'By Age', 'state': 'United States', 'subgroup': '80 years and above', 'phase':  ... (205 characters truncated) ... owci': None, 'highci': None, 'confidence interval': None, 'quartile range': None, 'suppression flag': 1.0, 'rejection reason': 'suppression flag = 1'}, {'indicator': 'Took Prescription Medication for Mental Health, Last 4 Weeks', 'group': 'By Sexual orientation', 'state': 'United States', 'subgroup':  ... (216 characters truncated) ...  None, 'lowci': None, 'highci': None, 'confidence interval': None, 'quartile range': None, 'suppression flag': None, 'rejection reason': 'phase = -1'}, {'indicator': 'Took Prescription Medication for Mental Health, Last 4 Weeks', 'group': 'National Estimate', 'state': 'United States', 'subgroup': 'Uni ... (223 characters truncated) ...  None, 'lowci': None, 'highci': None, 'confidence interval': None, 'quartile range': None, 'suppression flag': None, 'rejection reason': 'phase = -1'}, {'indicator': 'Took Prescription Medication for Mental Health, Last 4 Weeks', 'group': 'By Age', 'state': 'United States', 'subgroup': '18 - 29 years' ... (212 characters truncated) ...  None, 'lowci': None, 'highci': None, 'confidence interval': None, 'quartile range': None, 'suppression flag': None, 'rejection reason': 'phase = -1'}, {'indicator': 'Took Prescription Medication for Mental Health, Last 4 Weeks', 'group': 'By Age', 'state': 'United States', 'subgroup': '30 - 39 years' ... (212 characters truncated) ...  None, 'lowci': None, 'highci': None, 'confidence interval': None, 'quartile range': None, 'suppression flag': None, 'rejection reason': 'phase = -1'}, {'indicator': 'Took Prescription Medication for Mental Health, Last 4 Weeks', 'group': 'By Age', 'state': 'United States', 'subgroup': '40 - 49 years' ... (212 characters truncated) ...  None, 'lowci': None, 'highci': None, 'confidence interval': None, 'quartile range': None, 'suppression flag': None, 'rejection reason': 'phase = -1'}, {'indicator': 'Took Prescription Medication for Mental Health, Last 4 Weeks', 'group': 'By Age', 'state': 'United States', 'subgroup': '50 - 59 years' ... (212 characters truncated) ...  None, 'lowci': None, 'highci': None, 'confidence interval': None, 'quartile range': None, 'suppression flag': None, 'rejection reason': 'phase = -1'}, {'indicator': 'Took Prescription Medication for Mental Health, Last 4 Weeks', 'group': 'By Age', 'state': 'United States', 'subgroup': '60 - 69 years' ... (212 characters truncated) ...  None, 'lowci': None, 'highci': None, 'confidence interval': None, 'quartile range': None, 'suppression flag': None, 'rejection reason': 'phase = -1'}, {'indicator': 'Took Prescription Medication for Mental Health, Last 4 Weeks', 'group': 'By Age', 'state': 'United States', 'subgroup': '70 - 79 years' ... (212 characters truncated) ...  None, 'lowci': None, 'highci': None, 'confidence interval': None, 'quartile range': None, 'suppression flag': None, 'rejection reason': 'phase = -1'}, {'indicator': 'Took Prescription Medication for Mental Health, Last 4 Weeks', 'group': 'By Age', 'state': 'United States', 'subgroup': '80 years and a ... (217 characters truncated) ...  None, 'lowci': None, 'highci': None, 'confidence interval': None, 'quartile range': None, 'suppression flag': None, 'rejection reason': 'phase = -1'}, {'indicator': 'Took Prescription Medication for Mental Health, Last 4 Weeks', 'group': 'By Sex', 'state': 'United States', 'subgroup': 'Male', 'phase' ... (203 characters truncated) ...  None, 'lowci': None, 'highci': None, 'confidence interval': None, 'quartile range': None, 'suppression flag': None, 'rejection reason': 'phase = -1'}, {'indicator': 'Took Prescription Medication for Mental Health, Last 4 Weeks', 'group': 'By Sex', 'state': 'United States', 'subgroup': 'Female', 'phas ... (205 characters truncated) ...  None, 'lowci': None, 'highci': None, 'confidence interval': None, 'quartile range': None, 'suppression flag': None, 'rejection reason': 'phase = -1'}, {'indicator': 'Took Prescription Medication for Mental Health, Last 4 Weeks', 'group': 'By Presence of Symptoms of Anxiety/Depression', 'state': 'Unit ... (307 characters truncated) ...  None, 'lowci': None, 'highci': None, 'confidence interval': None, 'quartile range': None, 'suppression flag': None, 'rejection reason': 'phase = -1'}, {'indicator': 'Took Prescription Medication for Mental Health, Last 4 Weeks', 'group': 'By Presence of Symptoms of Anxiety/Depression', 'state': 'Unit ... (296 characters truncated) ...  None, 'lowci': None, 'highci': None, 'confidence interval': None, 'quartile range': None, 'suppression flag': None, 'rejection reason': 'phase = -1'}, {'indicator': 'Took Prescription Medication for Mental Health, Last 4 Weeks', 'group': 'By Race/Hispanic ethnicity', 'state': 'United States', 'subgro ... (237 characters truncated) ...  None, 'lowci': None, 'highci': None, 'confidence interval': None, 'quartile range': None, 'suppression flag': None, 'rejection reason': 'phase = -1'}, {'indicator': 'Took Prescription Medication for Mental Health, Last 4 Weeks', 'group': 'By Race/Hispanic ethnicity', 'state': 'United States', 'subgro ... (250 characters truncated) ...  None, 'lowci': None, 'highci': None, 'confidence interval': None, 'quartile range': None, 'suppression flag': None, 'rejection reason': 'phase = -1'}, {'indicator': 'Took Prescription Medication for Mental Health, Last 4 Weeks', 'group': 'By Race/Hispanic ethnicity', 'state': 'United States', 'subgro ... (250 characters truncated) ...  None, 'lowci': None, 'highci': None, 'confidence interval': None, 'quartile range': None, 'suppression flag': None, 'rejection reason': 'phase = -1'}, {'indicator': 'Took Prescription Medication for Mental Health, Last 4 Weeks', 'group': 'By Race/Hispanic ethnicity', 'state': 'United States', 'subgro ... (250 characters truncated) ...  None, 'lowci': None, 'highci': None, 'confidence interval': None, 'quartile range': None, 'suppression flag': None, 'rejection reason': 'phase = -1'}, {'indicator': 'Took Prescription Medication for Mental Health, Last 4 Weeks', 'group': 'By Race/Hispanic ethnicity', 'state': 'United States', 'subgro ... (263 characters truncated) ...  None, 'lowci': None, 'highci': None, 'confidence interval': None, 'quartile range': None, 'suppression flag': None, 'rejection reason': 'phase = -1'}, {'indicator': 'Took Prescription Medication for Mental Health, Last 4 Weeks', 'group': 'By Education', 'state': 'United States', 'subgroup': 'Less tha ... (236 characters truncated) ...  None, 'lowci': None, 'highci': None, 'confidence interval': None, 'quartile range': None, 'suppression flag': None, 'rejection reason': 'phase = -1'}, {'indicator': 'Took Prescription Medication for Mental Health, Last 4 Weeks', 'group': 'By Education', 'state': 'United States', 'subgroup': 'High sch ... (231 characters truncated) ...  None, 'lowci': None, 'highci': None, 'confidence interval': None, 'quartile range': None, 'suppression flag': None, 'rejection reason': 'phase = -1'}, {'indicator': 'Took Prescription Medication for Mental Health, Last 4 Weeks', 'group': 'By Education', 'state': 'United States', 'subgroup': "Some col ... (236 characters truncated) ...  None, 'lowci': None, 'highci': None, 'confidence interval': None, 'quartile range': None, 'suppression flag': None, 'rejection reason': 'phase = -1'}, {'indicator': 'Took Prescription Medication for Mental Health, Last 4 Weeks', 'group': 'By Education', 'state': 'United States', 'subgroup': "Bachelor ... (232 characters truncated) ...  None, 'lowci': None, 'highci': None, 'confidence interval': None, 'quartile range': None, 'suppression flag': None, 'rejection reason': 'phase = -1'}, {'indicator': 'Received Counseling or Therapy, Last 4 Weeks', 'group': 'National Estimate', 'state': 'United States', 'subgroup': 'United States', 'ph ... (207 characters truncated) ...  None, 'lowci': None, 'highci': None, 'confidence interval': None, 'quartile range': None, 'suppression flag': None, 'rejection reason': 'phase = -1'}, {'indicator': 'Received Counseling or Therapy, Last 4 Weeks', 'group': 'By Age', 'state': 'United States', 'subgroup': '18 - 29 years', 'phase': -1.0, ... (196 characters truncated) ...  None, 'lowci': None, 'highci': None, 'confidence interval': None, 'quartile range': None, 'suppression flag': None, 'rejection reason': 'phase = -1'}, {'indicator': 'Received Counseling or Therapy, Last 4 Weeks', 'group': 'By Age', 'state': 'United States', 'subgroup': '30 - 39 years', 'phase': -1.0, ... (196 characters truncated) ...  None, 'lowci': None, 'highci': None, 'confidence interval': None, 'quartile range': None, 'suppression flag': None, 'rejection reason': 'phase = -1'}, {'indicator': 'Received Counseling or Therapy, Last 4 Weeks', 'group': 'By Age', 'state': 'United States', 'subgroup': '40 - 49 years', 'phase': -1.0, ... (196 characters truncated) ...  None, 'lowci': None, 'highci': None, 'confidence interval': None, 'quartile range': None, 'suppression flag': None, 'rejection reason': 'phase = -1'}, {'indicator': 'Received Counseling or Therapy, Last 4 Weeks', 'group': 'By Age', 'state': 'United States', 'subgroup': '50 - 59 years', 'phase': -1.0, ... (196 characters truncated) ...  None, 'lowci': None, 'highci': None, 'confidence interval': None, 'quartile range': None, 'suppression flag': None, 'rejection reason': 'phase = -1'}, {'indicator': 'Received Counseling or Therapy, Last 4 Weeks', 'group': 'By Age', 'state': 'United States', 'subgroup': '60 - 69 years', 'phase': -1.0, ... (196 characters truncated) ...  None, 'lowci': None, 'highci': None, 'confidence interval': None, 'quartile range': None, 'suppression flag': None, 'rejection reason': 'phase = -1'}, {'indicator': 'Received Counseling or Therapy, Last 4 Weeks', 'group': 'By Age', 'state': 'United States', 'subgroup': '70 - 79 years', 'phase': -1.0, ... (196 characters truncated) ...  None, 'lowci': None, 'highci': None, 'confidence interval': None, 'quartile range': None, 'suppression flag': None, 'rejection reason': 'phase = -1'}, {'indicator': 'Received Counseling or Therapy, Last 4 Weeks', 'group': 'By Age', 'state': 'United States', 'subgroup': '80 years and above', 'phase':  ... (201 characters truncated) ...  None, 'lowci': None, 'highci': None, 'confidence interval': None, 'quartile range': None, 'suppression flag': None, 'rejection reason': 'phase = -1'}, {'indicator': 'Received Counseling or Therapy, Last 4 Weeks', 'group': 'By Sex', 'state': 'United States', 'subgroup': 'Male', 'phase': -1.0, 'time pe ... (187 characters truncated) ...  None, 'lowci': None, 'highci': None, 'confidence interval': None, 'quartile range': None, 'suppression flag': None, 'rejection reason': 'phase = -1'} ... 390 parameters truncated ... {'indicator': 'Took Prescription Medication for Mental Health And/Or Received Counseling or Therapy, Last 4 Weeks', 'group': 'By Sex', 'state': 'Unite ... (237 characters truncated) ...  None, 'lowci': None, 'highci': None, 'confidence interval': None, 'quartile range': None, 'suppression flag': None, 'rejection reason': 'phase = -1'}, {'indicator': 'Took Prescription Medication for Mental Health And/Or Received Counseling or Therapy, Last 4 Weeks', 'group': 'By Gender identity', 'st ... (258 characters truncated) ...  None, 'lowci': None, 'highci': None, 'confidence interval': None, 'quartile range': None, 'suppression flag': None, 'rejection reason': 'phase = -1'}, {'indicator': 'Took Prescription Medication for Mental Health And/Or Received Counseling or Therapy, Last 4 Weeks', 'group': 'By Gender identity', 'st ... (260 characters truncated) ...  None, 'lowci': None, 'highci': None, 'confidence interval': None, 'quartile range': None, 'suppression flag': None, 'rejection reason': 'phase = -1'}, {'indicator': 'Took Prescription Medication for Mental Health And/Or Received Counseling or Therapy, Last 4 Weeks', 'group': 'By Gender identity', 'st ... (254 characters truncated) ...  None, 'lowci': None, 'highci': None, 'confidence interval': None, 'quartile range': None, 'suppression flag': None, 'rejection reason': 'phase = -1'}, {'indicator': 'Took Prescription Medication for Mental Health And/Or Received Counseling or Therapy, Last 4 Weeks', 'group': 'By Sexual orientation',  ... (260 characters truncated) ...  None, 'lowci': None, 'highci': None, 'confidence interval': None, 'quartile range': None, 'suppression flag': None, 'rejection reason': 'phase = -1'}, {'indicator': 'Took Prescription Medication for Mental Health And/Or Received Counseling or Therapy, Last 4 Weeks', 'group': 'By Sexual orientation',  ... (254 characters truncated) ...  None, 'lowci': None, 'highci': None, 'confidence interval': None, 'quartile range': None, 'suppression flag': None, 'rejection reason': 'phase = -1'}, {'indicator': 'Took Prescription Medication for Mental Health And/Or Received Counseling or Therapy, Last 4 Weeks', 'group': 'By Sexual orientation',  ... (254 characters truncated) ...  None, 'lowci': None, 'highci': None, 'confidence interval': None, 'quartile range': None, 'suppression flag': None, 'rejection reason': 'phase = -1'}, {'indicator': 'Took Prescription Medication for Mental Health And/Or Received Counseling or Therapy, Last 4 Weeks', 'group': 'By Presence of Symptoms  ... (339 characters truncated) ...  None, 'lowci': None, 'highci': None, 'confidence interval': None, 'quartile range': None, 'suppression flag': None, 'rejection reason': 'phase = -1'}, {'indicator': 'Took Prescription Medication for Mental Health And/Or Received Counseling or Therapy, Last 4 Weeks', 'group': 'By Presence of Symptoms  ... (328 characters truncated) ...  None, 'lowci': None, 'highci': None, 'confidence interval': None, 'quartile range': None, 'suppression flag': None, 'rejection reason': 'phase = -1'}, {'indicator': 'Took Prescription Medication for Mental Health And/Or Received Counseling or Therapy, Last 4 Weeks', 'group': 'By Race/Hispanic ethnici ... (269 characters truncated) ...  None, 'lowci': None, 'highci': None, 'confidence interval': None, 'quartile range': None, 'suppression flag': None, 'rejection reason': 'phase = -1'}, {'indicator': 'Took Prescription Medication for Mental Health And/Or Received Counseling or Therapy, Last 4 Weeks', 'group': 'By Race/Hispanic ethnici ... (282 characters truncated) ...  None, 'lowci': None, 'highci': None, 'confidence interval': None, 'quartile range': None, 'suppression flag': None, 'rejection reason': 'phase = -1'}, {'indicator': 'Took Prescription Medication for Mental Health And/Or Received Counseling or Therapy, Last 4 Weeks', 'group': 'By Race/Hispanic ethnici ... (282 characters truncated) ...  None, 'lowci': None, 'highci': None, 'confidence interval': None, 'quartile range': None, 'suppression flag': None, 'rejection reason': 'phase = -1'}, {'indicator': 'Needed Counseling or Therapy But Did Not Get It, Last 4 Weeks', 'group': 'By Education', 'state': 'United States', 'subgroup': 'High sc ... (226 characters truncated) ...  None, 'lowci': None, 'highci': None, 'confidence interval': None, 'quartile range': None, 'suppression flag': None, 'rejection reason': 'phase = -1'}, {'indicator': 'Took Prescription Medication for Mental Health And/Or Received Counseling or Therapy, Last 4 Weeks', 'group': 'By Race/Hispanic ethnici ... (282 characters truncated) ...  None, 'lowci': None, 'highci': None, 'confidence interval': None, 'quartile range': None, 'suppression flag': None, 'rejection reason': 'phase = -1'}, {'indicator': 'Took Prescription Medication for Mental Health And/Or Received Counseling or Therapy, Last 4 Weeks', 'group': 'By Race/Hispanic ethnici ... (295 characters truncated) ...  None, 'lowci': None, 'highci': None, 'confidence interval': None, 'quartile range': None, 'suppression flag': None, 'rejection reason': 'phase = -1'}, {'indicator': 'Took Prescription Medication for Mental Health And/Or Received Counseling or Therapy, Last 4 Weeks', 'group': 'By Education', 'state':  ... (268 characters truncated) ...  None, 'lowci': None, 'highci': None, 'confidence interval': None, 'quartile range': None, 'suppression flag': None, 'rejection reason': 'phase = -1'}, {'indicator': 'Took Prescription Medication for Mental Health And/Or Received Counseling or Therapy, Last 4 Weeks', 'group': 'By Education', 'state':  ... (263 characters truncated) ...  None, 'lowci': None, 'highci': None, 'confidence interval': None, 'quartile range': None, 'suppression flag': None, 'rejection reason': 'phase = -1'}, {'indicator': 'Took Prescription Medication for Mental Health And/Or Received Counseling or Therapy, Last 4 Weeks', 'group': 'By Education', 'state':  ... (268 characters truncated) ...  None, 'lowci': None, 'highci': None, 'confidence interval': None, 'quartile range': None, 'suppression flag': None, 'rejection reason': 'phase = -1'}, {'indicator': 'Took Prescription Medication for Mental Health And/Or Received Counseling or Therapy, Last 4 Weeks', 'group': 'By Education', 'state':  ... (264 characters truncated) ...  None, 'lowci': None, 'highci': None, 'confidence interval': None, 'quartile range': None, 'suppression flag': None, 'rejection reason': 'phase = -1'}, {'indicator': 'Took Prescription Medication for Mental Health And/Or Received Counseling or Therapy, Last 4 Weeks', 'group': 'By Disability status', ' ... (260 characters truncated) ...  None, 'lowci': None, 'highci': None, 'confidence interval': None, 'quartile range': None, 'suppression flag': None, 'rejection reason': 'phase = -1'}, {'indicator': 'Took Prescription Medication for Mental Health And/Or Received Counseling or Therapy, Last 4 Weeks', 'group': 'By Disability status', ' ... (263 characters truncated) ...  None, 'lowci': None, 'highci': None, 'confidence interval': None, 'quartile range': None, 'suppression flag': None, 'rejection reason': 'phase = -1'}, {'indicator': 'Needed Counseling or Therapy But Did Not Get It, Last 4 Weeks', 'group': 'National Estimate', 'state': 'United States', 'subgroup': 'Un ... (218 characters truncated) ...  None, 'lowci': None, 'highci': None, 'confidence interval': None, 'quartile range': None, 'suppression flag': None, 'rejection reason': 'phase = -1'}, {'indicator': 'Needed Counseling or Therapy But Did Not Get It, Last 4 Weeks', 'group': 'By Age', 'state': 'United States', 'subgroup': '18 - 29 years ... (207 characters truncated) ...  None, 'lowci': None, 'highci': None, 'confidence interval': None, 'quartile range': None, 'suppression flag': None, 'rejection reason': 'phase = -1'}, {'indicator': 'Needed Counseling or Therapy But Did Not Get It, Last 4 Weeks', 'group': 'By Age', 'state': 'United States', 'subgroup': '30 - 39 years ... (207 characters truncated) ...  None, 'lowci': None, 'highci': None, 'confidence interval': None, 'quartile range': None, 'suppression flag': None, 'rejection reason': 'phase = -1'}, {'indicator': 'Needed Counseling or Therapy But Did Not Get It, Last 4 Weeks', 'group': 'By Age', 'state': 'United States', 'subgroup': '40 - 49 years ... (207 characters truncated) ...  None, 'lowci': None, 'highci': None, 'confidence interval': None, 'quartile range': None, 'suppression flag': None, 'rejection reason': 'phase = -1'}, {'indicator': 'Needed Counseling or Therapy But Did Not Get It, Last 4 Weeks', 'group': 'By Age', 'state': 'United States', 'subgroup': '50 - 59 years ... (207 characters truncated) ...  None, 'lowci': None, 'highci': None, 'confidence interval': None, 'quartile range': None, 'suppression flag': None, 'rejection reason': 'phase = -1'}, {'indicator': 'Needed Counseling or Therapy But Did Not Get It, Last 4 Weeks', 'group': 'By Age', 'state': 'United States', 'subgroup': '60 - 69 years ... (207 characters truncated) ...  None, 'lowci': None, 'highci': None, 'confidence interval': None, 'quartile range': None, 'suppression flag': None, 'rejection reason': 'phase = -1'}, {'indicator': 'Needed Counseling or Therapy But Did Not Get It, Last 4 Weeks', 'group': 'By Age', 'state': 'United States', 'subgroup': '70 - 79 years ... (207 characters truncated) ...  None, 'lowci': None, 'highci': None, 'confidence interval': None, 'quartile range': None, 'suppression flag': None, 'rejection reason': 'phase = -1'}, {'indicator': 'Needed Counseling or Therapy But Did Not Get It, Last 4 Weeks', 'group': 'By Age', 'state': 'United States', 'subgroup': '80 years and  ... (212 characters truncated) ...  None, 'lowci': None, 'highci': None, 'confidence interval': None, 'quartile range': None, 'suppression flag': None, 'rejection reason': 'phase = -1'}, {'indicator': 'Needed Counseling or Therapy But Did Not Get It, Last 4 Weeks', 'group': 'By Sex', 'state': 'United States', 'subgroup': 'Male', 'phase ... (198 characters truncated) ...  None, 'lowci': None, 'highci': None, 'confidence interval': None, 'quartile range': None, 'suppression flag': None, 'rejection reason': 'phase = -1'}, {'indicator': 'Needed Counseling or Therapy But Did Not Get It, Last 4 Weeks', 'group': 'By Sex', 'state': 'United States', 'subgroup': 'Female', 'pha ... (200 characters truncated) ...  None, 'lowci': None, 'highci': None, 'confidence interval': None, 'quartile range': None, 'suppression flag': None, 'rejection reason': 'phase = -1'}, {'indicator': 'Needed Counseling or Therapy But Did Not Get It, Last 4 Weeks', 'group': 'By Gender identity', 'state': 'United States', 'subgroup': 'C ... (221 characters truncated) ...  None, 'lowci': None, 'highci': None, 'confidence interval': None, 'quartile range': None, 'suppression flag': None, 'rejection reason': 'phase = -1'}, {'indicator': 'Needed Counseling or Therapy But Did Not Get It, Last 4 Weeks', 'group': 'By Gender identity', 'state': 'United States', 'subgroup': 'C ... (223 characters truncated) ...  None, 'lowci': None, 'highci': None, 'confidence interval': None, 'quartile range': None, 'suppression flag': None, 'rejection reason': 'phase = -1'}, {'indicator': 'Needed Counseling or Therapy But Did Not Get It, Last 4 Weeks', 'group': 'By Gender identity', 'state': 'United States', 'subgroup': 'T ... (217 characters truncated) ...  None, 'lowci': None, 'highci': None, 'confidence interval': None, 'quartile range': None, 'suppression flag': None, 'rejection reason': 'phase = -1'}, {'indicator': 'Needed Counseling or Therapy But Did Not Get It, Last 4 Weeks', 'group': 'By Sexual orientation', 'state': 'United States', 'subgroup': ... (223 characters truncated) ...  None, 'lowci': None, 'highci': None, 'confidence interval': None, 'quartile range': None, 'suppression flag': None, 'rejection reason': 'phase = -1'}, {'indicator': 'Needed Counseling or Therapy But Did Not Get It, Last 4 Weeks', 'group': 'By Sexual orientation', 'state': 'United States', 'subgroup': ... (217 characters truncated) ...  None, 'lowci': None, 'highci': None, 'confidence interval': None, 'quartile range': None, 'suppression flag': None, 'rejection reason': 'phase = -1'}, {'indicator': 'Needed Counseling or Therapy But Did Not Get It, Last 4 Weeks', 'group': 'By Sexual orientation', 'state': 'United States', 'subgroup': ... (217 characters truncated) ...  None, 'lowci': None, 'highci': None, 'confidence interval': None, 'quartile range': None, 'suppression flag': None, 'rejection reason': 'phase = -1'}, {'indicator': 'Needed Counseling or Therapy But Did Not Get It, Last 4 Weeks', 'group': 'By Presence of Symptoms of Anxiety/Depression', 'state': 'Uni ... (302 characters truncated) ...  None, 'lowci': None, 'highci': None, 'confidence interval': None, 'quartile range': None, 'suppression flag': None, 'rejection reason': 'phase = -1'}, {'indicator': 'Needed Counseling or Therapy But Did Not Get It, Last 4 Weeks', 'group': 'By Presence of Symptoms of Anxiety/Depression', 'state': 'Uni ... (291 characters truncated) ...  None, 'lowci': None, 'highci': None, 'confidence interval': None, 'quartile range': None, 'suppression flag': None, 'rejection reason': 'phase = -1'}, {'indicator': 'Needed Counseling or Therapy But Did Not Get It, Last 4 Weeks', 'group': 'By Race/Hispanic ethnicity', 'state': 'United States', 'subgr ... (232 characters truncated) ...  None, 'lowci': None, 'highci': None, 'confidence interval': None, 'quartile range': None, 'suppression flag': None, 'rejection reason': 'phase = -1'}, {'indicator': 'Needed Counseling or Therapy But Did Not Get It, Last 4 Weeks', 'group': 'By Race/Hispanic ethnicity', 'state': 'United States', 'subgr ... (245 characters truncated) ...  None, 'lowci': None, 'highci': None, 'confidence interval': None, 'quartile range': None, 'suppression flag': None, 'rejection reason': 'phase = -1'}, {'indicator': 'Needed Counseling or Therapy But Did Not Get It, Last 4 Weeks', 'group': 'By Race/Hispanic ethnicity', 'state': 'United States', 'subgr ... (245 characters truncated) ...  None, 'lowci': None, 'highci': None, 'confidence interval': None, 'quartile range': None, 'suppression flag': None, 'rejection reason': 'phase = -1'}, {'indicator': 'Needed Counseling or Therapy But Did Not Get It, Last 4 Weeks', 'group': 'By Race/Hispanic ethnicity', 'state': 'United States', 'subgr ... (245 characters truncated) ...  None, 'lowci': None, 'highci': None, 'confidence interval': None, 'quartile range': None, 'suppression flag': None, 'rejection reason': 'phase = -1'}, {'indicator': 'Needed Counseling or Therapy But Did Not Get It, Last 4 Weeks', 'group': 'By Race/Hispanic ethnicity', 'state': 'United States', 'subgr ... (258 characters truncated) ...  None, 'lowci': None, 'highci': None, 'confidence interval': None, 'quartile range': None, 'suppression flag': None, 'rejection reason': 'phase = -1'}, {'indicator': 'Needed Counseling or Therapy But Did Not Get It, Last 4 Weeks', 'group': 'By Education', 'state': 'United States', 'subgroup': 'Less th ... (231 characters truncated) ...  None, 'lowci': None, 'highci': None, 'confidence interval': None, 'quartile range': None, 'suppression flag': None, 'rejection reason': 'phase = -1'}, {'indicator': 'Needed Counseling or Therapy But Did Not Get It, Last 4 Weeks', 'group': 'By Education', 'state': 'United States', 'subgroup': "Some co ... (231 characters truncated) ...  None, 'lowci': None, 'highci': None, 'confidence interval': None, 'quartile range': None, 'suppression flag': None, 'rejection reason': 'phase = -1'}, {'indicator': 'Needed Counseling or Therapy But Did Not Get It, Last 4 Weeks', 'group': 'By Education', 'state': 'United States', 'subgroup': "Bachelo ... (227 characters truncated) ...  None, 'lowci': None, 'highci': None, 'confidence interval': None, 'quartile range': None, 'suppression flag': None, 'rejection reason': 'phase = -1'}, {'indicator': 'Needed Counseling or Therapy But Did Not Get It, Last 4 Weeks', 'group': 'By Disability status', 'state': 'United States', 'subgroup':  ... (223 characters truncated) ...  None, 'lowci': None, 'highci': None, 'confidence interval': None, 'quartile range': None, 'suppression flag': None, 'rejection reason': 'phase = -1'}, {'indicator': 'Needed Counseling or Therapy But Did Not Get It, Last 4 Weeks', 'group': 'By Disability status', 'state': 'United States', 'subgroup':  ... (226 characters truncated) ...  None, 'lowci': None, 'highci': None, 'confidence interval': None, 'quartile range': None, 'suppression flag': None, 'rejection reason': 'phase = -1'}, {'indicator': 'Needed Counseling or Therapy But Did Not Get It, Last 4 Weeks', 'group': 'By Age', 'state': 'United States', 'subgroup': '80 years and  ... (222 characters truncated) ... owci': None, 'highci': None, 'confidence interval': None, 'quartile range': None, 'suppression flag': 1.0, 'rejection reason': 'suppression flag = 1'}]]
(Background on this error at: https://sqlalche.me/e/20/cd3x)
22572 - 14-Feb-26 19:20:51 - DBlogger - Successfully closed DB connection
4948 - 14-Feb-26 19:26:29 - main - Ingestion pipeline starting
4948 - 14-Feb-26 19:26:29 - ingestion.Reader - Attempting to read CSV at C:\Users\armin\OneDrive\Desktop\Developer\MHIngestion\data\Mental_Health_DB.csv
4948 - 14-Feb-26 19:26:29 - ingestion.Reader - Read 10404 rows from C:\Users\armin\OneDrive\Desktop\Developer\MHIngestion\data\Mental_Health_DB.csv
4948 - 14-Feb-26 19:26:29 - ingestion.Validator - Successfully validated 9914 rows
4948 - 14-Feb-26 19:26:29 - ingestion.Validator - Rejected 490 rows
4948 - 14-Feb-26 19:26:29 - ingestion.Cleaner - Starting data cleaning step
4948 - 14-Feb-26 19:26:29 - ingestion.Cleaner - Removed 0 duplicate rows
4948 - 14-Feb-26 19:26:29 - ingestion.Cleaner - Converted column 'phase' to numeric
4948 - 14-Feb-26 19:26:29 - ingestion.Cleaner - Converted column 'value' to numeric
4948 - 14-Feb-26 19:26:29 - ingestion.Cleaner - Converted column 'lowci' to numeric
4948 - 14-Feb-26 19:26:29 - ingestion.Cleaner - Converted column 'highci' to numeric
4948 - 14-Feb-26 19:26:29 - ingestion.Cleaner - Converted 'time period' to nullable Int64
4948 - 14-Feb-26 19:26:29 - ingestion.Cleaner - Converted 'time period start date' to datetime
4948 - 14-Feb-26 19:26:29 - ingestion.Cleaner - Converted 'time period end date' to datetime
4948 - 14-Feb-26 19:26:29 - ingestion.Cleaner - Converted 'indicator' to string
4948 - 14-Feb-26 19:26:29 - ingestion.Cleaner - Converted 'group' to string
4948 - 14-Feb-26 19:26:29 - ingestion.Cleaner - Converted 'state' to string
4948 - 14-Feb-26 19:26:29 - ingestion.Cleaner - Converted 'subgroup' to string
4948 - 14-Feb-26 19:26:29 - ingestion.Cleaner - Converted 'time period label' to string
4948 - 14-Feb-26 19:26:29 - ingestion.Cleaner - Converted 'confidence interval' to string
4948 - 14-Feb-26 19:26:29 - ingestion.Cleaner - Converted 'quartile range' to string
4948 - 14-Feb-26 19:26:29 - ingestion.Cleaner - Completed data cleaning.
4948 - 14-Feb-26 19:26:29 - ingestion.Cleaner - Starting data cleaning step
4948 - 14-Feb-26 19:26:29 - ingestion.Cleaner - Removed 0 duplicate rows
4948 - 14-Feb-26 19:26:29 - ingestion.Cleaner - Converted column 'phase' to numeric
4948 - 14-Feb-26 19:26:29 - ingestion.Cleaner - Converted column 'value' to numeric
4948 - 14-Feb-26 19:26:29 - ingestion.Cleaner - Converted column 'lowci' to numeric
4948 - 14-Feb-26 19:26:29 - ingestion.Cleaner - Converted column 'highci' to numeric
4948 - 14-Feb-26 19:26:29 - ingestion.Cleaner - Converted 'time period' to nullable Int64
4948 - 14-Feb-26 19:26:29 - ingestion.Cleaner - Converted 'time period start date' to datetime
4948 - 14-Feb-26 19:26:29 - ingestion.Cleaner - Converted 'time period end date' to datetime
4948 - 14-Feb-26 19:26:29 - ingestion.Cleaner - Converted 'indicator' to string
4948 - 14-Feb-26 19:26:29 - ingestion.Cleaner - Converted 'group' to string
4948 - 14-Feb-26 19:26:29 - ingestion.Cleaner - Converted 'state' to string
4948 - 14-Feb-26 19:26:29 - ingestion.Cleaner - Converted 'subgroup' to string
4948 - 14-Feb-26 19:26:29 - ingestion.Cleaner - Converted 'time period label' to string
4948 - 14-Feb-26 19:26:29 - ingestion.Cleaner - Converted 'confidence interval' to string
4948 - 14-Feb-26 19:26:29 - ingestion.Cleaner - Converted 'quartile range' to string
4948 - 14-Feb-26 19:26:29 - ingestion.Cleaner - Converted column suppression flag to numeric
4948 - 14-Feb-26 19:26:29 - ingestion.Cleaner - Converted rejection reason to string
4948 - 14-Feb-26 19:26:29 - ingestion.Cleaner - Completed data cleaning.
4948 - 14-Feb-26 19:26:29 - DBlogger - Successfully connected to database
4948 - 14-Feb-26 19:26:30 - DBlogger - Succesfully inserted 9914 rows into database
4948 - 14-Feb-26 19:26:30 - DBlogger - Error occurred during data insertion: (mysql.connector.errors.ProgrammingError) 1064 (42000): You have an error in your SQL syntax; check the manual that corresponds to your MySQL server version for the right syntax to use near ''Needed Counseling or Therapy But Did Not Get It, Last 4 Weeks', 'By Sex', 'Unit' at line 1
[SQL: INSERT INTO mental_health_rejected (indicator, category, state ,                                subcategory, phase, time_period, time_period_label, time_period_start_date,                                time_period_end_date, value, lowci, highci, confidence_interval, quartile_range,                                suppression_flag, rejection_reason) VALUES %(indicator)s, %(group)s, %(state)s ,                                %(subgroup)s, phase, %(time_period)s, %(time_period_label)s, %(time_period_start_date)s,                                %(time_period_end_date)s, %(value)s, %(lowci)s, %(highci)s, %(confidence_interval)s, %(quartile_range)s,                                      %(suppression_flag)s, %(rejection_reason)s]
[parameters: [{'indicator': 'Needed Counseling or Therapy But Did Not Get It, Last 4 Weeks', 'group': 'By Sex', 'state': 'United States', 'subgroup': 'Female', 'time_period': 1, 'time_period_label': 'Dec 22, 2020 - Jan 5, 2021', 'time_period_start_date': Timestamp('2020-12-22 00:00:00'), 'time_period_end_date': Timestamp('2021-01-05 00:00:00'), 'value': None, 'lowci': None, 'highci': None, 'confidence_interval': None, 'quartile_range': None, 'suppression_flag': None, 'rejection_reason': 'phase = -1'}, {'indicator': 'Took Prescription Medication for Mental Health, Last 4 Weeks', 'group': 'By Age', 'state': 'United States', 'subgroup': '50 - 59 years', 'time_period': 1, 'time_period_label': 'Mar 30 - Apr 13, 2021', 'time_period_start_date': Timestamp('2021-03-30 00:00:00'), 'time_period_end_date': Timestamp('2021-04-13 00:00:00'), 'value': None, 'lowci': None, 'highci': None, 'confidence_interval': None, 'quartile_range': None, 'suppression_flag': None, 'rejection_reason': 'phase = -1'}, {'indicator': 'Took Prescription Medication for Mental Health, Last 4 Weeks', 'group': 'By Age', 'state': 'United States', 'subgroup': '60 - 69 years', 'time_period': 1, 'time_period_label': 'Mar 30 - Apr 13, 2021', 'time_period_start_date': Timestamp('2021-03-30 00:00:00'), 'time_period_end_date': Timestamp('2021-04-13 00:00:00'), 'value': None, 'lowci': None, 'highci': None, 'confidence_interval': None, 'quartile_range': None, 'suppression_flag': None, 'rejection_reason': 'phase = -1'}, {'indicator': 'Took Prescription Medication for Mental Health, Last 4 Weeks', 'group': 'By Age', 'state': 'United States', 'subgroup': '70 - 79 years', 'time_period': 1, 'time_period_label': 'Mar 30 - Apr 13, 2021', 'time_period_start_date': Timestamp('2021-03-30 00:00:00'), 'time_period_end_date': Timestamp('2021-04-13 00:00:00'), 'value': None, 'lowci': None, 'highci': None, 'confidence_interval': None, 'quartile_range': None, 'suppression_flag': None, 'rejection_reason': 'phase = -1'}, {'indicator': 'Took Prescription Medication for Mental Health, Last 4 Weeks', 'group': 'By Age', 'state': 'United States', 'subgroup': '80 years and above', 'time_period': 1, 'time_period_label': 'Mar 30 - Apr 13, 2021', 'time_period_start_date': Timestamp('2021-03-30 00:00:00'), 'time_period_end_date': Timestamp('2021-04-13 00:00:00'), 'value': None, 'lowci': None, 'highci': None, 'confidence_interval': None, 'quartile_range': None, 'suppression_flag': None, 'rejection_reason': 'phase = -1'}, {'indicator': 'Took Prescription Medication for Mental Health, Last 4 Weeks', 'group': 'By Sex', 'state': 'United States', 'subgroup': 'Male', 'time_period': 1, 'time_period_label': 'Mar 30 - Apr 13, 2021', 'time_period_start_date': Timestamp('2021-03-30 00:00:00'), 'time_period_end_date': Timestamp('2021-04-13 00:00:00'), 'value': None, 'lowci': None, 'highci': None, 'confidence_interval': None, 'quartile_range': None, 'suppression_flag': None, 'rejection_reason': 'phase = -1'}, {'indicator': 'Took Prescription Medication for Mental Health, Last 4 Weeks', 'group': 'By Sex', 'state': 'United States', 'subgroup': 'Female', 'time_period': 1, 'time_period_label': 'Mar 30 - Apr 13, 2021', 'time_period_start_date': Timestamp('2021-03-30 00:00:00'), 'time_period_end_date': Timestamp('2021-04-13 00:00:00'), 'value': None, 'lowci': None, 'highci': None, 'confidence_interval': None, 'quartile_range': None, 'suppression_flag': None, 'rejection_reason': 'phase = -1'}, {'indicator': 'Received Counseling or Therapy, Last 4 Weeks', 'group': 'By Sex', 'state': 'United States', 'subgroup': 'Female', 'time_period': 1, 'time_period_label': 'Mar 30 - Apr 13, 2021', 'time_period_start_date': Timestamp('2021-03-30 00:00:00'), 'time_period_end_date': Timestamp('2021-04-13 00:00:00'), 'value': None, 'lowci': None, 'highci': None, 'confidence_interval': None, 'quartile_range': None, 'suppression_flag': None, 'rejection_reason': 'phase = -1'}  ... displaying 10 of 490 total bound parameter sets ...  {'indicator': 'Needed Counseling or Therapy But Did Not Get It, Last 4 Weeks', 'group': 'By Disability status', 'state': 'United States', 'subgroup': 'Without disability', 'time_period': 1, 'time_period_label': 'Feb 23 - Mar 1, 2022', 'time_period_start_date': Timestamp('2022-02-23 00:00:00'), 'time_period_end_date': Timestamp('2022-03-01 00:00:00'), 'value': None, 'lowci': None, 'highci': None, 'confidence_interval': None, 'quartile_range': None, 'suppression_flag': None, 'rejection_reason': 'phase = -1'}, {'indicator': 'Needed Counseling or Therapy But Did Not Get It, Last 4 Weeks', 'group': 'By Age', 'state': 'United States', 'subgroup': '80 years and above', 'time_period': 44, 'time_period_label': 'Mar 30 - Apr 11, 2022', 'time_period_start_date': Timestamp('2022-03-30 00:00:00'), 'time_period_end_date': Timestamp('2022-04-11 00:00:00'), 'value': None, 'lowci': None, 'highci': None, 'confidence_interval': None, 'quartile_range': None, 'suppression_flag': 1.0, 'rejection_reason': 'suppression flag = 1'}]]
(Background on this error at: https://sqlalche.me/e/20/f405)
4948 - 14-Feb-26 19:26:30 - DBlogger - Successfully closed DB connection
15488 - 14-Feb-26 19:28:19 - main - Ingestion pipeline starting
15488 - 14-Feb-26 19:28:19 - ingestion.Reader - Attempting to read CSV at C:\Users\armin\OneDrive\Desktop\Developer\MHIngestion\data\Mental_Health_DB.csv
15488 - 14-Feb-26 19:28:19 - ingestion.Reader - Read 10404 rows from C:\Users\armin\OneDrive\Desktop\Developer\MHIngestion\data\Mental_Health_DB.csv
15488 - 14-Feb-26 19:28:19 - ingestion.Validator - Successfully validated 9914 rows
15488 - 14-Feb-26 19:28:19 - ingestion.Validator - Rejected 490 rows
15488 - 14-Feb-26 19:28:19 - ingestion.Cleaner - Starting data cleaning step
15488 - 14-Feb-26 19:28:19 - ingestion.Cleaner - Removed 0 duplicate rows
15488 - 14-Feb-26 19:28:20 - ingestion.Cleaner - Converted column 'phase' to numeric
15488 - 14-Feb-26 19:28:20 - ingestion.Cleaner - Converted column 'value' to numeric
15488 - 14-Feb-26 19:28:20 - ingestion.Cleaner - Converted column 'lowci' to numeric
15488 - 14-Feb-26 19:28:20 - ingestion.Cleaner - Converted column 'highci' to numeric
15488 - 14-Feb-26 19:28:20 - ingestion.Cleaner - Converted 'time period' to nullable Int64
15488 - 14-Feb-26 19:28:20 - ingestion.Cleaner - Converted 'time period start date' to datetime
15488 - 14-Feb-26 19:28:20 - ingestion.Cleaner - Converted 'time period end date' to datetime
15488 - 14-Feb-26 19:28:20 - ingestion.Cleaner - Converted 'indicator' to string
15488 - 14-Feb-26 19:28:20 - ingestion.Cleaner - Converted 'group' to string
15488 - 14-Feb-26 19:28:20 - ingestion.Cleaner - Converted 'state' to string
15488 - 14-Feb-26 19:28:20 - ingestion.Cleaner - Converted 'subgroup' to string
15488 - 14-Feb-26 19:28:20 - ingestion.Cleaner - Converted 'time period label' to string
15488 - 14-Feb-26 19:28:20 - ingestion.Cleaner - Converted 'confidence interval' to string
15488 - 14-Feb-26 19:28:20 - ingestion.Cleaner - Converted 'quartile range' to string
15488 - 14-Feb-26 19:28:20 - ingestion.Cleaner - Completed data cleaning.
15488 - 14-Feb-26 19:28:20 - ingestion.Cleaner - Starting data cleaning step
15488 - 14-Feb-26 19:28:20 - ingestion.Cleaner - Removed 0 duplicate rows
15488 - 14-Feb-26 19:28:20 - ingestion.Cleaner - Converted column 'phase' to numeric
15488 - 14-Feb-26 19:28:20 - ingestion.Cleaner - Converted column 'value' to numeric
15488 - 14-Feb-26 19:28:20 - ingestion.Cleaner - Converted column 'lowci' to numeric
15488 - 14-Feb-26 19:28:20 - ingestion.Cleaner - Converted column 'highci' to numeric
15488 - 14-Feb-26 19:28:20 - ingestion.Cleaner - Converted 'time period' to nullable Int64
15488 - 14-Feb-26 19:28:20 - ingestion.Cleaner - Converted 'time period start date' to datetime
15488 - 14-Feb-26 19:28:20 - ingestion.Cleaner - Converted 'time period end date' to datetime
15488 - 14-Feb-26 19:28:20 - ingestion.Cleaner - Converted 'indicator' to string
15488 - 14-Feb-26 19:28:20 - ingestion.Cleaner - Converted 'group' to string
15488 - 14-Feb-26 19:28:20 - ingestion.Cleaner - Converted 'state' to string
15488 - 14-Feb-26 19:28:20 - ingestion.Cleaner - Converted 'subgroup' to string
15488 - 14-Feb-26 19:28:20 - ingestion.Cleaner - Converted 'time period label' to string
15488 - 14-Feb-26 19:28:20 - ingestion.Cleaner - Converted 'confidence interval' to string
15488 - 14-Feb-26 19:28:20 - ingestion.Cleaner - Converted 'quartile range' to string
15488 - 14-Feb-26 19:28:20 - ingestion.Cleaner - Converted column suppression flag to numeric
15488 - 14-Feb-26 19:28:20 - ingestion.Cleaner - Converted rejection reason to string
15488 - 14-Feb-26 19:28:20 - ingestion.Cleaner - Completed data cleaning.
15488 - 14-Feb-26 19:28:20 - DBlogger - Successfully connected to database
15488 - 14-Feb-26 19:28:21 - DBlogger - Succesfully inserted 9914 rows into database
15488 - 14-Feb-26 19:28:21 - DBlogger - Successfully closed DB connection
30372 - 14-Feb-26 19:29:57 - main - Ingestion pipeline starting
30372 - 14-Feb-26 19:29:57 - ingestion.Reader - Attempting to read CSV at C:\Users\armin\OneDrive\Desktop\Developer\MHIngestion\data\Mental_Health_DB.csv
30372 - 14-Feb-26 19:29:57 - ingestion.Reader - Read 10404 rows from C:\Users\armin\OneDrive\Desktop\Developer\MHIngestion\data\Mental_Health_DB.csv
30372 - 14-Feb-26 19:29:58 - ingestion.Validator - Successfully validated 9914 rows
30372 - 14-Feb-26 19:29:58 - ingestion.Validator - Rejected 490 rows
30372 - 14-Feb-26 19:29:58 - ingestion.Cleaner - Starting data cleaning step
30372 - 14-Feb-26 19:29:58 - ingestion.Cleaner - Removed 0 duplicate rows
30372 - 14-Feb-26 19:29:58 - ingestion.Cleaner - Converted column 'phase' to numeric
30372 - 14-Feb-26 19:29:58 - ingestion.Cleaner - Converted column 'value' to numeric
30372 - 14-Feb-26 19:29:58 - ingestion.Cleaner - Converted column 'lowci' to numeric
30372 - 14-Feb-26 19:29:58 - ingestion.Cleaner - Converted column 'highci' to numeric
30372 - 14-Feb-26 19:29:58 - ingestion.Cleaner - Converted 'time period' to nullable Int64
30372 - 14-Feb-26 19:29:58 - ingestion.Cleaner - Converted 'time period start date' to datetime
30372 - 14-Feb-26 19:29:58 - ingestion.Cleaner - Converted 'time period end date' to datetime
30372 - 14-Feb-26 19:29:58 - ingestion.Cleaner - Converted 'indicator' to string
30372 - 14-Feb-26 19:29:58 - ingestion.Cleaner - Converted 'group' to string
30372 - 14-Feb-26 19:29:58 - ingestion.Cleaner - Converted 'state' to string
30372 - 14-Feb-26 19:29:58 - ingestion.Cleaner - Converted 'subgroup' to string
30372 - 14-Feb-26 19:29:58 - ingestion.Cleaner - Converted 'time period label' to string
30372 - 14-Feb-26 19:29:58 - ingestion.Cleaner - Converted 'confidence interval' to string
30372 - 14-Feb-26 19:29:58 - ingestion.Cleaner - Converted 'quartile range' to string
30372 - 14-Feb-26 19:29:58 - ingestion.Cleaner - Completed data cleaning.
30372 - 14-Feb-26 19:29:58 - ingestion.Cleaner - Starting data cleaning step
30372 - 14-Feb-26 19:29:58 - ingestion.Cleaner - Removed 0 duplicate rows
30372 - 14-Feb-26 19:29:58 - ingestion.Cleaner - Converted column 'phase' to numeric
30372 - 14-Feb-26 19:29:58 - ingestion.Cleaner - Converted column 'value' to numeric
30372 - 14-Feb-26 19:29:58 - ingestion.Cleaner - Converted column 'lowci' to numeric
30372 - 14-Feb-26 19:29:58 - ingestion.Cleaner - Converted column 'highci' to numeric
30372 - 14-Feb-26 19:29:58 - ingestion.Cleaner - Converted 'time period' to nullable Int64
30372 - 14-Feb-26 19:29:58 - ingestion.Cleaner - Converted 'time period start date' to datetime
30372 - 14-Feb-26 19:29:58 - ingestion.Cleaner - Converted 'time period end date' to datetime
30372 - 14-Feb-26 19:29:58 - ingestion.Cleaner - Converted 'indicator' to string
30372 - 14-Feb-26 19:29:58 - ingestion.Cleaner - Converted 'group' to string
30372 - 14-Feb-26 19:29:58 - ingestion.Cleaner - Converted 'state' to string
30372 - 14-Feb-26 19:29:58 - ingestion.Cleaner - Converted 'subgroup' to string
30372 - 14-Feb-26 19:29:58 - ingestion.Cleaner - Converted 'time period label' to string
30372 - 14-Feb-26 19:29:58 - ingestion.Cleaner - Converted 'confidence interval' to string
30372 - 14-Feb-26 19:29:58 - ingestion.Cleaner - Converted 'quartile range' to string
30372 - 14-Feb-26 19:29:58 - ingestion.Cleaner - Converted column suppression flag to numeric
30372 - 14-Feb-26 19:29:58 - ingestion.Cleaner - Converted rejection reason to string
30372 - 14-Feb-26 19:29:58 - ingestion.Cleaner - Completed data cleaning.
30372 - 14-Feb-26 19:29:58 - DBlogger - Successfully connected to database
30372 - 14-Feb-26 19:29:59 - DBlogger - Succesfully inserted 9914 rows into database
30372 - 14-Feb-26 19:29:59 - DBlogger - Successfully closed DB connection
5800 - 14-Feb-26 19:30:16 - main - Ingestion pipeline starting
5800 - 14-Feb-26 19:30:16 - ingestion.Reader - Attempting to read CSV at C:\Users\armin\OneDrive\Desktop\Developer\MHIngestion\data\Mental_Health_DB.csv
5800 - 14-Feb-26 19:30:17 - ingestion.Reader - Read 10404 rows from C:\Users\armin\OneDrive\Desktop\Developer\MHIngestion\data\Mental_Health_DB.csv
5800 - 14-Feb-26 19:30:17 - ingestion.Validator - Successfully validated 9914 rows
5800 - 14-Feb-26 19:30:17 - ingestion.Validator - Rejected 490 rows
5800 - 14-Feb-26 19:30:17 - ingestion.Cleaner - Starting data cleaning step
5800 - 14-Feb-26 19:30:17 - ingestion.Cleaner - Removed 0 duplicate rows
5800 - 14-Feb-26 19:30:17 - ingestion.Cleaner - Converted column 'phase' to numeric
5800 - 14-Feb-26 19:30:17 - ingestion.Cleaner - Converted column 'value' to numeric
5800 - 14-Feb-26 19:30:17 - ingestion.Cleaner - Converted column 'lowci' to numeric
5800 - 14-Feb-26 19:30:17 - ingestion.Cleaner - Converted column 'highci' to numeric
5800 - 14-Feb-26 19:30:17 - ingestion.Cleaner - Converted 'time period' to nullable Int64
5800 - 14-Feb-26 19:30:17 - ingestion.Cleaner - Converted 'time period start date' to datetime
5800 - 14-Feb-26 19:30:17 - ingestion.Cleaner - Converted 'time period end date' to datetime
5800 - 14-Feb-26 19:30:17 - ingestion.Cleaner - Converted 'indicator' to string
5800 - 14-Feb-26 19:30:17 - ingestion.Cleaner - Converted 'group' to string
5800 - 14-Feb-26 19:30:17 - ingestion.Cleaner - Converted 'state' to string
5800 - 14-Feb-26 19:30:17 - ingestion.Cleaner - Converted 'subgroup' to string
5800 - 14-Feb-26 19:30:17 - ingestion.Cleaner - Converted 'time period label' to string
5800 - 14-Feb-26 19:30:17 - ingestion.Cleaner - Converted 'confidence interval' to string
5800 - 14-Feb-26 19:30:17 - ingestion.Cleaner - Converted 'quartile range' to string
5800 - 14-Feb-26 19:30:17 - ingestion.Cleaner - Completed data cleaning.
5800 - 14-Feb-26 19:30:17 - ingestion.Cleaner - Starting data cleaning step
5800 - 14-Feb-26 19:30:17 - ingestion.Cleaner - Removed 0 duplicate rows
5800 - 14-Feb-26 19:30:17 - ingestion.Cleaner - Converted column 'phase' to numeric
5800 - 14-Feb-26 19:30:17 - ingestion.Cleaner - Converted column 'value' to numeric
5800 - 14-Feb-26 19:30:17 - ingestion.Cleaner - Converted column 'lowci' to numeric
5800 - 14-Feb-26 19:30:17 - ingestion.Cleaner - Converted column 'highci' to numeric
5800 - 14-Feb-26 19:30:17 - ingestion.Cleaner - Converted 'time period' to nullable Int64
5800 - 14-Feb-26 19:30:17 - ingestion.Cleaner - Converted 'time period start date' to datetime
5800 - 14-Feb-26 19:30:17 - ingestion.Cleaner - Converted 'time period end date' to datetime
5800 - 14-Feb-26 19:30:17 - ingestion.Cleaner - Converted 'indicator' to string
5800 - 14-Feb-26 19:30:17 - ingestion.Cleaner - Converted 'group' to string
5800 - 14-Feb-26 19:30:17 - ingestion.Cleaner - Converted 'state' to string
5800 - 14-Feb-26 19:30:17 - ingestion.Cleaner - Converted 'subgroup' to string
5800 - 14-Feb-26 19:30:17 - ingestion.Cleaner - Converted 'time period label' to string
5800 - 14-Feb-26 19:30:17 - ingestion.Cleaner - Converted 'confidence interval' to string
5800 - 14-Feb-26 19:30:17 - ingestion.Cleaner - Converted 'quartile range' to string
5800 - 14-Feb-26 19:30:17 - ingestion.Cleaner - Converted column suppression flag to numeric
5800 - 14-Feb-26 19:30:17 - ingestion.Cleaner - Converted rejection reason to string
5800 - 14-Feb-26 19:30:17 - ingestion.Cleaner - Completed data cleaning.
5800 - 14-Feb-26 19:30:18 - DBlogger - Successfully connected to database
5800 - 14-Feb-26 19:30:19 - DBlogger - Succesfully inserted 9914 rows into database
5800 - 14-Feb-26 19:30:19 - DBlogger - Error occurred during data insertion: (mysql.connector.errors.ProgrammingError) 1064 (42000): You have an error in your SQL syntax; check the manual that corresponds to your MySQL server version for the right syntax to use near ''Needed Counseling or Therapy But Did Not Get It, Last 4 Weeks', 'By Sex', 'Unit' at line 1
[SQL: INSERT INTO mental_health_rejected (indicator, category, state ,                                subcategory, phase, time_period, time_period_label, time_period_start_date,                                time_period_end_date, value, lowci, highci, confidence_interval, quartile_range,                                suppression_flag, rejection_reason) VALUES %(indicator)s, %(group)s, %(state)s ,                                %(subgroup)s, %(phase)s, %(time_period)s, %(time_period_label)s, %(time_period_start_date)s,                                %(time_period_end_date)s, %(value)s, %(lowci)s, %(highci)s, %(confidence_interval)s, %(quartile_range)s,                                      %(suppression_flag)s, %(rejection_reason)s]
[parameters: [{'indicator': 'Needed Counseling or Therapy But Did Not Get It, Last 4 Weeks', 'group': 'By Sex', 'state': 'United States', 'subgroup': 'Female', 'phase': -1.0, 'time_period': 1, 'time_period_label': 'Dec 22, 2020 - Jan 5, 2021', 'time_period_start_date': Timestamp('2020-12-22 00:00:00'), 'time_period_end_date': Timestamp('2021-01-05 00:00:00'), 'value': None, 'lowci': None, 'highci': None, 'confidence_interval': None, 'quartile_range': None, 'suppression_flag': None, 'rejection_reason': 'phase = -1'}, {'indicator': 'Took Prescription Medication for Mental Health, Last 4 Weeks', 'group': 'By Age', 'state': 'United States', 'subgroup': '50 - 59 years', 'phase': -1.0, 'time_period': 1, 'time_period_label': 'Mar 30 - Apr 13, 2021', 'time_period_start_date': Timestamp('2021-03-30 00:00:00'), 'time_period_end_date': Timestamp('2021-04-13 00:00:00'), 'value': None, 'lowci': None, 'highci': None, 'confidence_interval': None, 'quartile_range': None, 'suppression_flag': None, 'rejection_reason': 'phase = -1'}, {'indicator': 'Took Prescription Medication for Mental Health, Last 4 Weeks', 'group': 'By Age', 'state': 'United States', 'subgroup': '60 - 69 years', 'phase': -1.0, 'time_period': 1, 'time_period_label': 'Mar 30 - Apr 13, 2021', 'time_period_start_date': Timestamp('2021-03-30 00:00:00'), 'time_period_end_date': Timestamp('2021-04-13 00:00:00'), 'value': None, 'lowci': None, 'highci': None, 'confidence_interval': None, 'quartile_range': None, 'suppression_flag': None, 'rejection_reason': 'phase = -1'}, {'indicator': 'Took Prescription Medication for Mental Health, Last 4 Weeks', 'group': 'By Age', 'state': 'United States', 'subgroup': '70 - 79 years', 'phase': -1.0, 'time_period': 1, 'time_period_label': 'Mar 30 - Apr 13, 2021', 'time_period_start_date': Timestamp('2021-03-30 00:00:00'), 'time_period_end_date': Timestamp('2021-04-13 00:00:00'), 'value': None, 'lowci': None, 'highci': None, 'confidence_interval': None, 'quartile_range': None, 'suppression_flag': None, 'rejection_reason': 'phase = -1'}, {'indicator': 'Took Prescription Medication for Mental Health, Last 4 Weeks', 'group': 'By Age', 'state': 'United States', 'subgroup': '80 years and above', 'phase': -1.0, 'time_period': 1, 'time_period_label': 'Mar 30 - Apr 13, 2021', 'time_period_start_date': Timestamp('2021-03-30 00:00:00'), 'time_period_end_date': Timestamp('2021-04-13 00:00:00'), 'value': None, 'lowci': None, 'highci': None, 'confidence_interval': None, 'quartile_range': None, 'suppression_flag': None, 'rejection_reason': 'phase = -1'}, {'indicator': 'Took Prescription Medication for Mental Health, Last 4 Weeks', 'group': 'By Sex', 'state': 'United States', 'subgroup': 'Male', 'phase': -1.0, 'time_period': 1, 'time_period_label': 'Mar 30 - Apr 13, 2021', 'time_period_start_date': Timestamp('2021-03-30 00:00:00'), 'time_period_end_date': Timestamp('2021-04-13 00:00:00'), 'value': None, 'lowci': None, 'highci': None, 'confidence_interval': None, 'quartile_range': None, 'suppression_flag': None, 'rejection_reason': 'phase = -1'}, {'indicator': 'Took Prescription Medication for Mental Health, Last 4 Weeks', 'group': 'By Sex', 'state': 'United States', 'subgroup': 'Female', 'phase': -1.0, 'time_period': 1, 'time_period_label': 'Mar 30 - Apr 13, 2021', 'time_period_start_date': Timestamp('2021-03-30 00:00:00'), 'time_period_end_date': Timestamp('2021-04-13 00:00:00'), 'value': None, 'lowci': None, 'highci': None, 'confidence_interval': None, 'quartile_range': None, 'suppression_flag': None, 'rejection_reason': 'phase = -1'}, {'indicator': 'Received Counseling or Therapy, Last 4 Weeks', 'group': 'By Sex', 'state': 'United States', 'subgroup': 'Female', 'phase': -1.0, 'time_period': 1, 'time_period_label': 'Mar 30 - Apr 13, 2021', 'time_period_start_date': Timestamp('2021-03-30 00:00:00'), 'time_period_end_date': Timestamp('2021-04-13 00:00:00'), 'value': None, 'lowci': None, 'highci': None, 'confidence_interval': None, 'quartile_range': None, 'suppression_flag': None, 'rejection_reason': 'phase = -1'}  ... displaying 10 of 490 total bound parameter sets ...  {'indicator': 'Needed Counseling or Therapy But Did Not Get It, Last 4 Weeks', 'group': 'By Disability status', 'state': 'United States', 'subgroup': 'Without disability', 'phase': -1.0, 'time_period': 1, 'time_period_label': 'Feb 23 - Mar 1, 2022', 'time_period_start_date': Timestamp('2022-02-23 00:00:00'), 'time_period_end_date': Timestamp('2022-03-01 00:00:00'), 'value': None, 'lowci': None, 'highci': None, 'confidence_interval': None, 'quartile_range': None, 'suppression_flag': None, 'rejection_reason': 'phase = -1'}, {'indicator': 'Needed Counseling or Therapy But Did Not Get It, Last 4 Weeks', 'group': 'By Age', 'state': 'United States', 'subgroup': '80 years and above', 'phase': 3.4, 'time_period': 44, 'time_period_label': 'Mar 30 - Apr 11, 2022', 'time_period_start_date': Timestamp('2022-03-30 00:00:00'), 'time_period_end_date': Timestamp('2022-04-11 00:00:00'), 'value': None, 'lowci': None, 'highci': None, 'confidence_interval': None, 'quartile_range': None, 'suppression_flag': 1.0, 'rejection_reason': 'suppression flag = 1'}]]
(Background on this error at: https://sqlalche.me/e/20/f405)
5800 - 14-Feb-26 19:30:19 - DBlogger - Successfully closed DB connection
24672 - 14-Feb-26 19:31:39 - main - Ingestion pipeline starting
24672 - 14-Feb-26 19:31:39 - ingestion.Reader - Attempting to read CSV at C:\Users\armin\OneDrive\Desktop\Developer\MHIngestion\data\Mental_Health_DB.csv
24672 - 14-Feb-26 19:31:39 - ingestion.Reader - Read 10404 rows from C:\Users\armin\OneDrive\Desktop\Developer\MHIngestion\data\Mental_Health_DB.csv
24672 - 14-Feb-26 19:31:39 - ingestion.Validator - Successfully validated 9914 rows
24672 - 14-Feb-26 19:31:39 - ingestion.Validator - Rejected 490 rows
24672 - 14-Feb-26 19:31:39 - ingestion.Cleaner - Starting data cleaning step
24672 - 14-Feb-26 19:31:39 - ingestion.Cleaner - Removed 0 duplicate rows
24672 - 14-Feb-26 19:31:39 - ingestion.Cleaner - Converted column 'phase' to numeric
24672 - 14-Feb-26 19:31:39 - ingestion.Cleaner - Converted column 'value' to numeric
24672 - 14-Feb-26 19:31:39 - ingestion.Cleaner - Converted column 'lowci' to numeric
24672 - 14-Feb-26 19:31:39 - ingestion.Cleaner - Converted column 'highci' to numeric
24672 - 14-Feb-26 19:31:39 - ingestion.Cleaner - Converted 'time period' to nullable Int64
24672 - 14-Feb-26 19:31:39 - ingestion.Cleaner - Converted 'time period start date' to datetime
24672 - 14-Feb-26 19:31:39 - ingestion.Cleaner - Converted 'time period end date' to datetime
24672 - 14-Feb-26 19:31:39 - ingestion.Cleaner - Converted 'indicator' to string
24672 - 14-Feb-26 19:31:39 - ingestion.Cleaner - Converted 'group' to string
24672 - 14-Feb-26 19:31:39 - ingestion.Cleaner - Converted 'state' to string
24672 - 14-Feb-26 19:31:39 - ingestion.Cleaner - Converted 'subgroup' to string
24672 - 14-Feb-26 19:31:39 - ingestion.Cleaner - Converted 'time period label' to string
24672 - 14-Feb-26 19:31:39 - ingestion.Cleaner - Converted 'confidence interval' to string
24672 - 14-Feb-26 19:31:39 - ingestion.Cleaner - Converted 'quartile range' to string
24672 - 14-Feb-26 19:31:39 - ingestion.Cleaner - Completed data cleaning.
24672 - 14-Feb-26 19:31:39 - ingestion.Cleaner - Starting data cleaning step
24672 - 14-Feb-26 19:31:39 - ingestion.Cleaner - Removed 0 duplicate rows
24672 - 14-Feb-26 19:31:39 - ingestion.Cleaner - Converted column 'phase' to numeric
24672 - 14-Feb-26 19:31:39 - ingestion.Cleaner - Converted column 'value' to numeric
24672 - 14-Feb-26 19:31:39 - ingestion.Cleaner - Converted column 'lowci' to numeric
24672 - 14-Feb-26 19:31:39 - ingestion.Cleaner - Converted column 'highci' to numeric
24672 - 14-Feb-26 19:31:39 - ingestion.Cleaner - Converted 'time period' to nullable Int64
24672 - 14-Feb-26 19:31:39 - ingestion.Cleaner - Converted 'time period start date' to datetime
24672 - 14-Feb-26 19:31:39 - ingestion.Cleaner - Converted 'time period end date' to datetime
24672 - 14-Feb-26 19:31:39 - ingestion.Cleaner - Converted 'indicator' to string
24672 - 14-Feb-26 19:31:39 - ingestion.Cleaner - Converted 'group' to string
24672 - 14-Feb-26 19:31:39 - ingestion.Cleaner - Converted 'state' to string
24672 - 14-Feb-26 19:31:39 - ingestion.Cleaner - Converted 'subgroup' to string
24672 - 14-Feb-26 19:31:39 - ingestion.Cleaner - Converted 'time period label' to string
24672 - 14-Feb-26 19:31:39 - ingestion.Cleaner - Converted 'confidence interval' to string
24672 - 14-Feb-26 19:31:39 - ingestion.Cleaner - Converted 'quartile range' to string
24672 - 14-Feb-26 19:31:39 - ingestion.Cleaner - Converted column suppression flag to numeric
24672 - 14-Feb-26 19:31:39 - ingestion.Cleaner - Converted rejection reason to string
24672 - 14-Feb-26 19:31:39 - ingestion.Cleaner - Completed data cleaning.
24672 - 14-Feb-26 19:31:40 - DBlogger - Successfully connected to database
24672 - 14-Feb-26 19:31:41 - DBlogger - Succesfully inserted 9914 rows into database
24672 - 14-Feb-26 19:31:41 - DBlogger - Error occurred during data insertion: (mysql.connector.errors.ProgrammingError) 1064 (42000): You have an error in your SQL syntax; check the manual that corresponds to your MySQL server version for the right syntax to use near ''Needed Counseling or Therapy But Did Not Get It, Last 4 Weeks', 'By Sex', 'Unit' at line 1
[SQL: INSERT INTO mental_health_rejected (indicator, category, state ,                                subcategory, phase, time_period, time_period_label, time_period_start_date,                                time_period_end_date, value, lowci, highci, confidence_interval, quartile_range,                                suppression_flag, rejection_reason) VALUES %(indicator)s, %(group)s, %(state)s ,                                %(subgroup)s, %(phase)s, %(time_period)s, %(time_period_label)s, %(time_period_start_date)s,                                %(time_period_end_date)s, %(value)s, %(lowci)s, %(highci)s, %(confidence_interval)s, %(quartile_range)s,                                      %(suppression_flag)s, %(rejection_reason)s]
[parameters: [{'indicator': 'Needed Counseling or Therapy But Did Not Get It, Last 4 Weeks', 'group': 'By Sex', 'state': 'United States', 'subgroup': 'Female', 'phase': -1.0, 'time_period': 1, 'time_period_label': 'Dec 22, 2020 - Jan 5, 2021', 'time_period_start_date': Timestamp('2020-12-22 00:00:00'), 'time_period_end_date': Timestamp('2021-01-05 00:00:00'), 'value': None, 'lowci': None, 'highci': None, 'confidence_interval': None, 'quartile_range': None, 'suppression_flag': None, 'rejection_reason': 'phase = -1'}, {'indicator': 'Took Prescription Medication for Mental Health, Last 4 Weeks', 'group': 'By Age', 'state': 'United States', 'subgroup': '50 - 59 years', 'phase': -1.0, 'time_period': 1, 'time_period_label': 'Mar 30 - Apr 13, 2021', 'time_period_start_date': Timestamp('2021-03-30 00:00:00'), 'time_period_end_date': Timestamp('2021-04-13 00:00:00'), 'value': None, 'lowci': None, 'highci': None, 'confidence_interval': None, 'quartile_range': None, 'suppression_flag': None, 'rejection_reason': 'phase = -1'}, {'indicator': 'Took Prescription Medication for Mental Health, Last 4 Weeks', 'group': 'By Age', 'state': 'United States', 'subgroup': '60 - 69 years', 'phase': -1.0, 'time_period': 1, 'time_period_label': 'Mar 30 - Apr 13, 2021', 'time_period_start_date': Timestamp('2021-03-30 00:00:00'), 'time_period_end_date': Timestamp('2021-04-13 00:00:00'), 'value': None, 'lowci': None, 'highci': None, 'confidence_interval': None, 'quartile_range': None, 'suppression_flag': None, 'rejection_reason': 'phase = -1'}, {'indicator': 'Took Prescription Medication for Mental Health, Last 4 Weeks', 'group': 'By Age', 'state': 'United States', 'subgroup': '70 - 79 years', 'phase': -1.0, 'time_period': 1, 'time_period_label': 'Mar 30 - Apr 13, 2021', 'time_period_start_date': Timestamp('2021-03-30 00:00:00'), 'time_period_end_date': Timestamp('2021-04-13 00:00:00'), 'value': None, 'lowci': None, 'highci': None, 'confidence_interval': None, 'quartile_range': None, 'suppression_flag': None, 'rejection_reason': 'phase = -1'}, {'indicator': 'Took Prescription Medication for Mental Health, Last 4 Weeks', 'group': 'By Age', 'state': 'United States', 'subgroup': '80 years and above', 'phase': -1.0, 'time_period': 1, 'time_period_label': 'Mar 30 - Apr 13, 2021', 'time_period_start_date': Timestamp('2021-03-30 00:00:00'), 'time_period_end_date': Timestamp('2021-04-13 00:00:00'), 'value': None, 'lowci': None, 'highci': None, 'confidence_interval': None, 'quartile_range': None, 'suppression_flag': None, 'rejection_reason': 'phase = -1'}, {'indicator': 'Took Prescription Medication for Mental Health, Last 4 Weeks', 'group': 'By Sex', 'state': 'United States', 'subgroup': 'Male', 'phase': -1.0, 'time_period': 1, 'time_period_label': 'Mar 30 - Apr 13, 2021', 'time_period_start_date': Timestamp('2021-03-30 00:00:00'), 'time_period_end_date': Timestamp('2021-04-13 00:00:00'), 'value': None, 'lowci': None, 'highci': None, 'confidence_interval': None, 'quartile_range': None, 'suppression_flag': None, 'rejection_reason': 'phase = -1'}, {'indicator': 'Took Prescription Medication for Mental Health, Last 4 Weeks', 'group': 'By Sex', 'state': 'United States', 'subgroup': 'Female', 'phase': -1.0, 'time_period': 1, 'time_period_label': 'Mar 30 - Apr 13, 2021', 'time_period_start_date': Timestamp('2021-03-30 00:00:00'), 'time_period_end_date': Timestamp('2021-04-13 00:00:00'), 'value': None, 'lowci': None, 'highci': None, 'confidence_interval': None, 'quartile_range': None, 'suppression_flag': None, 'rejection_reason': 'phase = -1'}, {'indicator': 'Received Counseling or Therapy, Last 4 Weeks', 'group': 'By Sex', 'state': 'United States', 'subgroup': 'Female', 'phase': -1.0, 'time_period': 1, 'time_period_label': 'Mar 30 - Apr 13, 2021', 'time_period_start_date': Timestamp('2021-03-30 00:00:00'), 'time_period_end_date': Timestamp('2021-04-13 00:00:00'), 'value': None, 'lowci': None, 'highci': None, 'confidence_interval': None, 'quartile_range': None, 'suppression_flag': None, 'rejection_reason': 'phase = -1'}  ... displaying 10 of 490 total bound parameter sets ...  {'indicator': 'Needed Counseling or Therapy But Did Not Get It, Last 4 Weeks', 'group': 'By Disability status', 'state': 'United States', 'subgroup': 'Without disability', 'phase': -1.0, 'time_period': 1, 'time_period_label': 'Feb 23 - Mar 1, 2022', 'time_period_start_date': Timestamp('2022-02-23 00:00:00'), 'time_period_end_date': Timestamp('2022-03-01 00:00:00'), 'value': None, 'lowci': None, 'highci': None, 'confidence_interval': None, 'quartile_range': None, 'suppression_flag': None, 'rejection_reason': 'phase = -1'}, {'indicator': 'Needed Counseling or Therapy But Did Not Get It, Last 4 Weeks', 'group': 'By Age', 'state': 'United States', 'subgroup': '80 years and above', 'phase': 3.4, 'time_period': 44, 'time_period_label': 'Mar 30 - Apr 11, 2022', 'time_period_start_date': Timestamp('2022-03-30 00:00:00'), 'time_period_end_date': Timestamp('2022-04-11 00:00:00'), 'value': None, 'lowci': None, 'highci': None, 'confidence_interval': None, 'quartile_range': None, 'suppression_flag': 1.0, 'rejection_reason': 'suppression flag = 1'}]]
(Background on this error at: https://sqlalche.me/e/20/f405)
24672 - 14-Feb-26 19:31:41 - DBlogger - Successfully closed DB connection
18684 - 14-Feb-26 19:36:32 - main - Ingestion pipeline starting
18684 - 14-Feb-26 19:36:32 - ingestion.Reader - Attempting to read CSV at C:\Users\armin\OneDrive\Desktop\Developer\MHIngestion\data\Mental_Health_DB.csv
18684 - 14-Feb-26 19:36:32 - ingestion.Reader - Read 10404 rows from C:\Users\armin\OneDrive\Desktop\Developer\MHIngestion\data\Mental_Health_DB.csv
18684 - 14-Feb-26 19:36:32 - ingestion.Validator - Successfully validated 9914 rows
18684 - 14-Feb-26 19:36:32 - ingestion.Validator - Rejected 490 rows
18684 - 14-Feb-26 19:36:32 - ingestion.Cleaner - Starting data cleaning step
18684 - 14-Feb-26 19:36:32 - ingestion.Cleaner - Removed 0 duplicate rows
18684 - 14-Feb-26 19:36:32 - ingestion.Cleaner - Converted column 'phase' to numeric
18684 - 14-Feb-26 19:36:32 - ingestion.Cleaner - Converted column 'value' to numeric
18684 - 14-Feb-26 19:36:32 - ingestion.Cleaner - Converted column 'lowci' to numeric
18684 - 14-Feb-26 19:36:32 - ingestion.Cleaner - Converted column 'highci' to numeric
18684 - 14-Feb-26 19:36:32 - ingestion.Cleaner - Converted 'time period' to nullable Int64
18684 - 14-Feb-26 19:36:32 - ingestion.Cleaner - Converted 'time period start date' to datetime
18684 - 14-Feb-26 19:36:32 - ingestion.Cleaner - Converted 'time period end date' to datetime
18684 - 14-Feb-26 19:36:32 - ingestion.Cleaner - Converted 'indicator' to string
18684 - 14-Feb-26 19:36:32 - ingestion.Cleaner - Converted 'group' to string
18684 - 14-Feb-26 19:36:32 - ingestion.Cleaner - Converted 'state' to string
18684 - 14-Feb-26 19:36:32 - ingestion.Cleaner - Converted 'subgroup' to string
18684 - 14-Feb-26 19:36:32 - ingestion.Cleaner - Converted 'time period label' to string
18684 - 14-Feb-26 19:36:32 - ingestion.Cleaner - Converted 'confidence interval' to string
18684 - 14-Feb-26 19:36:32 - ingestion.Cleaner - Converted 'quartile range' to string
18684 - 14-Feb-26 19:36:32 - ingestion.Cleaner - Completed data cleaning.
18684 - 14-Feb-26 19:36:32 - ingestion.Cleaner - Starting data cleaning step
18684 - 14-Feb-26 19:36:32 - ingestion.Cleaner - Removed 0 duplicate rows
18684 - 14-Feb-26 19:36:32 - ingestion.Cleaner - Converted column 'phase' to numeric
18684 - 14-Feb-26 19:36:32 - ingestion.Cleaner - Converted column 'value' to numeric
18684 - 14-Feb-26 19:36:32 - ingestion.Cleaner - Converted column 'lowci' to numeric
18684 - 14-Feb-26 19:36:32 - ingestion.Cleaner - Converted column 'highci' to numeric
18684 - 14-Feb-26 19:36:32 - ingestion.Cleaner - Converted 'time period' to nullable Int64
18684 - 14-Feb-26 19:36:32 - ingestion.Cleaner - Converted 'time period start date' to datetime
18684 - 14-Feb-26 19:36:32 - ingestion.Cleaner - Converted 'time period end date' to datetime
18684 - 14-Feb-26 19:36:32 - ingestion.Cleaner - Converted 'indicator' to string
18684 - 14-Feb-26 19:36:32 - ingestion.Cleaner - Converted 'group' to string
18684 - 14-Feb-26 19:36:32 - ingestion.Cleaner - Converted 'state' to string
18684 - 14-Feb-26 19:36:32 - ingestion.Cleaner - Converted 'subgroup' to string
18684 - 14-Feb-26 19:36:32 - ingestion.Cleaner - Converted 'time period label' to string
18684 - 14-Feb-26 19:36:32 - ingestion.Cleaner - Converted 'confidence interval' to string
18684 - 14-Feb-26 19:36:32 - ingestion.Cleaner - Converted 'quartile range' to string
18684 - 14-Feb-26 19:36:32 - ingestion.Cleaner - Converted column suppression flag to numeric
18684 - 14-Feb-26 19:36:32 - ingestion.Cleaner - Converted rejection reason to string
18684 - 14-Feb-26 19:36:32 - ingestion.Cleaner - Completed data cleaning.
18684 - 14-Feb-26 19:36:32 - DBlogger - Successfully connected to database
18684 - 14-Feb-26 19:36:33 - DBlogger - Succesfully inserted 9914 rows into database
18684 - 14-Feb-26 19:36:33 - DBlogger - Succesfully inserted 490 rows into rejected database
18684 - 14-Feb-26 19:36:33 - DBlogger - Successfully closed DB connection
13988 - 14-Feb-26 19:37:41 - main - Ingestion pipeline starting
13988 - 14-Feb-26 19:37:41 - ingestion.Reader - Attempting to read CSV at C:\Users\armin\OneDrive\Desktop\Developer\MHIngestion\data\Mental_Health_DB.csv
13988 - 14-Feb-26 19:37:41 - ingestion.Reader - Read 10404 rows from C:\Users\armin\OneDrive\Desktop\Developer\MHIngestion\data\Mental_Health_DB.csv
13988 - 14-Feb-26 19:37:41 - ingestion.Validator - Successfully validated 9914 rows
13988 - 14-Feb-26 19:37:41 - ingestion.Validator - Rejected 490 rows
13988 - 14-Feb-26 19:37:41 - ingestion.Cleaner - Starting data cleaning step
13988 - 14-Feb-26 19:37:41 - ingestion.Cleaner - Removed 0 duplicate rows
13988 - 14-Feb-26 19:37:41 - ingestion.Cleaner - Converted column 'phase' to numeric
13988 - 14-Feb-26 19:37:41 - ingestion.Cleaner - Converted column 'value' to numeric
13988 - 14-Feb-26 19:37:41 - ingestion.Cleaner - Converted column 'lowci' to numeric
13988 - 14-Feb-26 19:37:41 - ingestion.Cleaner - Converted column 'highci' to numeric
13988 - 14-Feb-26 19:37:41 - ingestion.Cleaner - Converted 'time period' to nullable Int64
13988 - 14-Feb-26 19:37:41 - ingestion.Cleaner - Converted 'time period start date' to datetime
13988 - 14-Feb-26 19:37:41 - ingestion.Cleaner - Converted 'time period end date' to datetime
13988 - 14-Feb-26 19:37:41 - ingestion.Cleaner - Converted 'indicator' to string
13988 - 14-Feb-26 19:37:41 - ingestion.Cleaner - Converted 'group' to string
13988 - 14-Feb-26 19:37:41 - ingestion.Cleaner - Converted 'state' to string
13988 - 14-Feb-26 19:37:41 - ingestion.Cleaner - Converted 'subgroup' to string
13988 - 14-Feb-26 19:37:41 - ingestion.Cleaner - Converted 'time period label' to string
13988 - 14-Feb-26 19:37:41 - ingestion.Cleaner - Converted 'confidence interval' to string
13988 - 14-Feb-26 19:37:41 - ingestion.Cleaner - Converted 'quartile range' to string
13988 - 14-Feb-26 19:37:41 - ingestion.Cleaner - Completed data cleaning.
13988 - 14-Feb-26 19:37:41 - ingestion.Cleaner - Starting data cleaning step
13988 - 14-Feb-26 19:37:41 - ingestion.Cleaner - Removed 0 duplicate rows
13988 - 14-Feb-26 19:37:41 - ingestion.Cleaner - Converted column 'phase' to numeric
13988 - 14-Feb-26 19:37:41 - ingestion.Cleaner - Converted column 'value' to numeric
13988 - 14-Feb-26 19:37:41 - ingestion.Cleaner - Converted column 'lowci' to numeric
13988 - 14-Feb-26 19:37:41 - ingestion.Cleaner - Converted column 'highci' to numeric
13988 - 14-Feb-26 19:37:41 - ingestion.Cleaner - Converted 'time period' to nullable Int64
13988 - 14-Feb-26 19:37:41 - ingestion.Cleaner - Converted 'time period start date' to datetime
13988 - 14-Feb-26 19:37:41 - ingestion.Cleaner - Converted 'time period end date' to datetime
13988 - 14-Feb-26 19:37:41 - ingestion.Cleaner - Converted 'indicator' to string
13988 - 14-Feb-26 19:37:41 - ingestion.Cleaner - Converted 'group' to string
13988 - 14-Feb-26 19:37:41 - ingestion.Cleaner - Converted 'state' to string
13988 - 14-Feb-26 19:37:41 - ingestion.Cleaner - Converted 'subgroup' to string
13988 - 14-Feb-26 19:37:41 - ingestion.Cleaner - Converted 'time period label' to string
13988 - 14-Feb-26 19:37:41 - ingestion.Cleaner - Converted 'confidence interval' to string
13988 - 14-Feb-26 19:37:41 - ingestion.Cleaner - Converted 'quartile range' to string
13988 - 14-Feb-26 19:37:41 - ingestion.Cleaner - Converted column suppression flag to numeric
13988 - 14-Feb-26 19:37:41 - ingestion.Cleaner - Converted rejection reason to string
13988 - 14-Feb-26 19:37:41 - ingestion.Cleaner - Completed data cleaning.
13988 - 14-Feb-26 19:37:42 - DBlogger - Successfully connected to database
13988 - 14-Feb-26 19:37:42 - DBlogger - Succesfully inserted 9914 rows into database
13988 - 14-Feb-26 19:37:42 - DBlogger - Succesfully inserted 490 rows into rejected database
13988 - 14-Feb-26 19:37:42 - DBlogger - Successfully closed DB connection
22904 - 16-Feb-26 14:32:22 - main - Ingestion pipeline starting
22904 - 16-Feb-26 14:32:22 - ingestion.Reader - Attempting to read CSV at C:\DataTrainingProjects\Project1\DataIngestionProject\data\Mental_Health_DB.csv
22904 - 16-Feb-26 14:32:22 - ingestion.Reader - Read 10404 rows from C:\DataTrainingProjects\Project1\DataIngestionProject\data\Mental_Health_DB.csv
22904 - 16-Feb-26 14:32:22 - ingestion.Validator - Normalized columns: ['indicator', 'group', 'state', 'subgroup', 'phase', 'time_period', 'time_period_label', 'time_period_start_date', 'time_period_end_date', 'value', 'lowci', 'highci', 'confidence_interval', 'quartile_range', 'suppression_flag']
22904 - 16-Feb-26 14:32:22 - ingestion.Validator - Successfully validated 9914 rows
22904 - 16-Feb-26 14:32:22 - ingestion.Validator - Rejected 490 rows
22904 - 16-Feb-26 14:32:22 - ingestion.Cleaner - Starting data cleaning step
22904 - 16-Feb-26 14:32:22 - ingestion.Cleaner - Removed 0 duplicate rows
22904 - 16-Feb-26 14:32:22 - ingestion.Cleaner - Converted column 'phase' to numeric
22904 - 16-Feb-26 14:32:22 - ingestion.Cleaner - Converted column 'value' to numeric
22904 - 16-Feb-26 14:32:22 - ingestion.Cleaner - Converted column 'lowci' to numeric
22904 - 16-Feb-26 14:32:22 - ingestion.Cleaner - Converted column 'highci' to numeric
22904 - 16-Feb-26 14:32:22 - ingestion.Cleaner - Converted 'time_period' to nullable Int64
22904 - 16-Feb-26 14:32:22 - ingestion.Cleaner - Converted 'time_period_start_date' to datetime
22904 - 16-Feb-26 14:32:22 - ingestion.Cleaner - Converted 'time_period_end_date' to datetime
22904 - 16-Feb-26 14:32:22 - ingestion.Cleaner - Converted 'indicator' to string
22904 - 16-Feb-26 14:32:22 - ingestion.Cleaner - Converted 'group' to string
22904 - 16-Feb-26 14:32:22 - ingestion.Cleaner - Converted 'state' to string
22904 - 16-Feb-26 14:32:22 - ingestion.Cleaner - Converted 'subgroup' to string
22904 - 16-Feb-26 14:32:22 - ingestion.Cleaner - Converted 'time_period_label' to string
22904 - 16-Feb-26 14:32:22 - ingestion.Cleaner - Converted 'confidence_interval' to string
22904 - 16-Feb-26 14:32:22 - ingestion.Cleaner - Converted 'quartile_range' to string
22904 - 16-Feb-26 14:32:22 - ingestion.Cleaner - Completed data cleaning.
22904 - 16-Feb-26 14:32:22 - ingestion.Cleaner - Starting data cleaning step
22904 - 16-Feb-26 14:32:22 - ingestion.Cleaner - Removed 0 duplicate rows
22904 - 16-Feb-26 14:32:22 - ingestion.Cleaner - Converted column 'phase' to numeric
22904 - 16-Feb-26 14:32:22 - ingestion.Cleaner - Converted column 'value' to numeric
22904 - 16-Feb-26 14:32:22 - ingestion.Cleaner - Converted column 'lowci' to numeric
22904 - 16-Feb-26 14:32:22 - ingestion.Cleaner - Converted column 'highci' to numeric
22904 - 16-Feb-26 14:32:22 - ingestion.Cleaner - Converted 'time_period' to nullable Int64
22904 - 16-Feb-26 14:32:22 - ingestion.Cleaner - Converted 'time_period_start_date' to datetime
22904 - 16-Feb-26 14:32:22 - ingestion.Cleaner - Converted 'time_period_end_date' to datetime
22904 - 16-Feb-26 14:32:22 - ingestion.Cleaner - Converted 'indicator' to string
22904 - 16-Feb-26 14:32:22 - ingestion.Cleaner - Converted 'group' to string
22904 - 16-Feb-26 14:32:22 - ingestion.Cleaner - Converted 'state' to string
22904 - 16-Feb-26 14:32:22 - ingestion.Cleaner - Converted 'subgroup' to string
22904 - 16-Feb-26 14:32:22 - ingestion.Cleaner - Converted 'time_period_label' to string
22904 - 16-Feb-26 14:32:22 - ingestion.Cleaner - Converted 'confidence_interval' to string
22904 - 16-Feb-26 14:32:22 - ingestion.Cleaner - Converted 'quartile_range' to string
22904 - 16-Feb-26 14:32:22 - ingestion.Cleaner - Converted suppression_flag to numeric
22904 - 16-Feb-26 14:32:22 - ingestion.Cleaner - Converted rejection_reason to string
22904 - 16-Feb-26 14:32:22 - ingestion.Cleaner - Completed data cleaning.
22904 - 16-Feb-26 14:32:22 - DBlogger - An error has occurred during connection: Missing SQL DB connection configuration. Did you forget to set this in `secrets.toml` or as kwargs to `st.connection`?
22904 - 16-Feb-26 14:32:22 - DBlogger - Error occurred during data insertion: 'NoneType' object has no attribute 'session'
22904 - 16-Feb-26 14:32:22 - DBlogger - Error occurred during data insertion: 'NoneType' object has no attribute 'session'
22904 - 16-Feb-26 14:32:22 - DBlogger - Error occurred when closing the connection: 'NoneType' object has no attribute 'close'
31372 - 16-Feb-26 14:39:51 - main - Ingestion pipeline starting
31372 - 16-Feb-26 14:39:51 - ingestion.Reader - Attempting to read CSV at C:\DataTrainingProjects\Project1\DataIngestionProject\data\Mental_Health_DB.csv
31372 - 16-Feb-26 14:39:51 - ingestion.Reader - Read 10404 rows from C:\DataTrainingProjects\Project1\DataIngestionProject\data\Mental_Health_DB.csv
31372 - 16-Feb-26 14:39:51 - ingestion.Validator - Normalized columns: ['indicator', 'group', 'state', 'subgroup', 'phase', 'time_period', 'time_period_label', 'time_period_start_date', 'time_period_end_date', 'value', 'lowci', 'highci', 'confidence_interval', 'quartile_range', 'suppression_flag']
31372 - 16-Feb-26 14:39:51 - ingestion.Validator - Successfully validated 9914 rows
31372 - 16-Feb-26 14:39:51 - ingestion.Validator - Rejected 490 rows
31372 - 16-Feb-26 14:39:51 - ingestion.Cleaner - Starting data cleaning step
31372 - 16-Feb-26 14:39:51 - ingestion.Cleaner - Removed 0 duplicate rows
31372 - 16-Feb-26 14:39:51 - ingestion.Cleaner - Converted column 'phase' to numeric
31372 - 16-Feb-26 14:39:51 - ingestion.Cleaner - Converted column 'value' to numeric
31372 - 16-Feb-26 14:39:51 - ingestion.Cleaner - Converted column 'lowci' to numeric
31372 - 16-Feb-26 14:39:51 - ingestion.Cleaner - Converted column 'highci' to numeric
31372 - 16-Feb-26 14:39:51 - ingestion.Cleaner - Converted 'time_period' to nullable Int64
31372 - 16-Feb-26 14:39:51 - ingestion.Cleaner - Converted 'time_period_start_date' to datetime
31372 - 16-Feb-26 14:39:51 - ingestion.Cleaner - Converted 'time_period_end_date' to datetime
31372 - 16-Feb-26 14:39:51 - ingestion.Cleaner - Converted 'indicator' to string
31372 - 16-Feb-26 14:39:51 - ingestion.Cleaner - Converted 'group' to string
31372 - 16-Feb-26 14:39:51 - ingestion.Cleaner - Converted 'state' to string
31372 - 16-Feb-26 14:39:51 - ingestion.Cleaner - Converted 'subgroup' to string
31372 - 16-Feb-26 14:39:51 - ingestion.Cleaner - Converted 'time_period_label' to string
31372 - 16-Feb-26 14:39:51 - ingestion.Cleaner - Converted 'confidence_interval' to string
31372 - 16-Feb-26 14:39:51 - ingestion.Cleaner - Converted 'quartile_range' to string
31372 - 16-Feb-26 14:39:51 - ingestion.Cleaner - Completed data cleaning.
31372 - 16-Feb-26 14:39:51 - ingestion.Cleaner - Starting data cleaning step
31372 - 16-Feb-26 14:39:51 - ingestion.Cleaner - Removed 0 duplicate rows
31372 - 16-Feb-26 14:39:51 - ingestion.Cleaner - Converted column 'phase' to numeric
31372 - 16-Feb-26 14:39:51 - ingestion.Cleaner - Converted column 'value' to numeric
31372 - 16-Feb-26 14:39:51 - ingestion.Cleaner - Converted column 'lowci' to numeric
31372 - 16-Feb-26 14:39:51 - ingestion.Cleaner - Converted column 'highci' to numeric
31372 - 16-Feb-26 14:39:51 - ingestion.Cleaner - Converted 'time_period' to nullable Int64
31372 - 16-Feb-26 14:39:51 - ingestion.Cleaner - Converted 'time_period_start_date' to datetime
31372 - 16-Feb-26 14:39:51 - ingestion.Cleaner - Converted 'time_period_end_date' to datetime
31372 - 16-Feb-26 14:39:51 - ingestion.Cleaner - Converted 'indicator' to string
31372 - 16-Feb-26 14:39:51 - ingestion.Cleaner - Converted 'group' to string
31372 - 16-Feb-26 14:39:51 - ingestion.Cleaner - Converted 'state' to string
31372 - 16-Feb-26 14:39:51 - ingestion.Cleaner - Converted 'subgroup' to string
31372 - 16-Feb-26 14:39:51 - ingestion.Cleaner - Converted 'time_period_label' to string
31372 - 16-Feb-26 14:39:51 - ingestion.Cleaner - Converted 'confidence_interval' to string
31372 - 16-Feb-26 14:39:51 - ingestion.Cleaner - Converted 'quartile_range' to string
31372 - 16-Feb-26 14:39:51 - ingestion.Cleaner - Converted suppression_flag to numeric
31372 - 16-Feb-26 14:39:51 - ingestion.Cleaner - Converted rejection_reason to string
31372 - 16-Feb-26 14:39:51 - ingestion.Cleaner - Completed data cleaning.
31372 - 16-Feb-26 14:39:51 - DBlogger - An error has occurred during connection: Missing SQL DB connection configuration. Did you forget to set this in `secrets.toml` or as kwargs to `st.connection`?
31372 - 16-Feb-26 14:39:51 - DBlogger - Error occurred during data insertion: 'NoneType' object has no attribute 'session'
31372 - 16-Feb-26 14:39:51 - DBlogger - Error occurred during data insertion: 'NoneType' object has no attribute 'session'
31372 - 16-Feb-26 14:39:51 - DBlogger - Error occurred when closing the connection: 'NoneType' object has no attribute 'close'
31372 - 16-Feb-26 14:39:58 - git.cmd - Popen(['git', 'version'], cwd=C:\DataTrainingProjects\Project1\DataIngestionProject, stdin=None, shell=False, universal_newlines=False)
31372 - 16-Feb-26 14:39:58 - git.cmd - Popen(['git', 'version'], cwd=C:\DataTrainingProjects\Project1\DataIngestionProject, stdin=None, shell=False, universal_newlines=False)
31372 - 16-Feb-26 14:39:58 - git.util - sys.platform='win32', git_executable='git'
31372 - 16-Feb-26 14:39:58 - git.cmd - Popen(['git', 'version'], cwd=C:\DataTrainingProjects\Project1\DataIngestionProject, stdin=None, shell=False, universal_newlines=False)
31372 - 16-Feb-26 14:39:58 - git.cmd - Popen(['git', 'rev-parse', '--show-toplevel'], cwd=C:\DataTrainingProjects\Project1\DataIngestionProject, stdin=None, shell=False, universal_newlines=False)
31372 - 16-Feb-26 14:39:58 - git.cmd - Popen(['git', 'remote', 'get-url', '--all', 'origin'], cwd=C:\DataTrainingProjects\Project1\DataIngestionProject, stdin=None, shell=False, universal_newlines=False)
31372 - 16-Feb-26 14:39:58 - git.cmd - Popen(['git', 'status', '--porcelain', '--untracked-files'], cwd=C:\DataTrainingProjects\Project1\DataIngestionProject, stdin=None, shell=False, universal_newlines=False)
31372 - 16-Feb-26 14:39:58 - git.cmd - Popen(['git', 'diff', '--abbrev=40', '--full-index', '-M', '--raw', '-z', '--no-color'], cwd=C:\DataTrainingProjects\Project1\DataIngestionProject, stdin=None, shell=False, universal_newlines=False)
31372 - 16-Feb-26 14:39:59 - git.cmd - Popen(['git', 'cat-file', '--batch-check'], cwd=C:\DataTrainingProjects\Project1\DataIngestionProject, stdin=<valid stream>, shell=False, universal_newlines=False)
31372 - 16-Feb-26 14:39:59 - git.cmd - Popen(['git', 'rev-list', 'origin/Day-1..Day-1', '--'], cwd=C:\DataTrainingProjects\Project1\DataIngestionProject, stdin=None, shell=False, universal_newlines=False)
34016 - 16-Feb-26 14:40:45 - main - Ingestion pipeline starting
34016 - 16-Feb-26 14:40:45 - ingestion.Reader - Attempting to read CSV at C:\DataTrainingProjects\Project1\DataIngestionProject\data\Mental_Health_DB.csv
34016 - 16-Feb-26 14:40:46 - ingestion.Reader - Read 10404 rows from C:\DataTrainingProjects\Project1\DataIngestionProject\data\Mental_Health_DB.csv
34016 - 16-Feb-26 14:40:46 - ingestion.Validator - Normalized columns: ['indicator', 'group', 'state', 'subgroup', 'phase', 'time_period', 'time_period_label', 'time_period_start_date', 'time_period_end_date', 'value', 'lowci', 'highci', 'confidence_interval', 'quartile_range', 'suppression_flag']
34016 - 16-Feb-26 14:40:46 - ingestion.Validator - Successfully validated 9914 rows
34016 - 16-Feb-26 14:40:46 - ingestion.Validator - Rejected 490 rows
34016 - 16-Feb-26 14:40:46 - ingestion.Cleaner - Starting data cleaning step
34016 - 16-Feb-26 14:40:46 - ingestion.Cleaner - Removed 0 duplicate rows
34016 - 16-Feb-26 14:40:46 - ingestion.Cleaner - Converted column 'phase' to numeric
34016 - 16-Feb-26 14:40:46 - ingestion.Cleaner - Converted column 'value' to numeric
34016 - 16-Feb-26 14:40:46 - ingestion.Cleaner - Converted column 'lowci' to numeric
34016 - 16-Feb-26 14:40:46 - ingestion.Cleaner - Converted column 'highci' to numeric
34016 - 16-Feb-26 14:40:46 - ingestion.Cleaner - Converted 'time_period' to nullable Int64
34016 - 16-Feb-26 14:40:46 - ingestion.Cleaner - Converted 'time_period_start_date' to datetime
34016 - 16-Feb-26 14:40:46 - ingestion.Cleaner - Converted 'time_period_end_date' to datetime
34016 - 16-Feb-26 14:40:46 - ingestion.Cleaner - Converted 'indicator' to string
34016 - 16-Feb-26 14:40:46 - ingestion.Cleaner - Converted 'group' to string
34016 - 16-Feb-26 14:40:46 - ingestion.Cleaner - Converted 'state' to string
34016 - 16-Feb-26 14:40:46 - ingestion.Cleaner - Converted 'subgroup' to string
34016 - 16-Feb-26 14:40:46 - ingestion.Cleaner - Converted 'time_period_label' to string
34016 - 16-Feb-26 14:40:46 - ingestion.Cleaner - Converted 'confidence_interval' to string
34016 - 16-Feb-26 14:40:46 - ingestion.Cleaner - Converted 'quartile_range' to string
34016 - 16-Feb-26 14:40:46 - ingestion.Cleaner - Completed data cleaning.
34016 - 16-Feb-26 14:40:46 - ingestion.Cleaner - Starting data cleaning step
34016 - 16-Feb-26 14:40:46 - ingestion.Cleaner - Removed 0 duplicate rows
34016 - 16-Feb-26 14:40:46 - ingestion.Cleaner - Converted column 'phase' to numeric
34016 - 16-Feb-26 14:40:46 - ingestion.Cleaner - Converted column 'value' to numeric
34016 - 16-Feb-26 14:40:46 - ingestion.Cleaner - Converted column 'lowci' to numeric
34016 - 16-Feb-26 14:40:46 - ingestion.Cleaner - Converted column 'highci' to numeric
34016 - 16-Feb-26 14:40:46 - ingestion.Cleaner - Converted 'time_period' to nullable Int64
34016 - 16-Feb-26 14:40:46 - ingestion.Cleaner - Converted 'time_period_start_date' to datetime
34016 - 16-Feb-26 14:40:46 - ingestion.Cleaner - Converted 'time_period_end_date' to datetime
34016 - 16-Feb-26 14:40:46 - ingestion.Cleaner - Converted 'indicator' to string
34016 - 16-Feb-26 14:40:46 - ingestion.Cleaner - Converted 'group' to string
34016 - 16-Feb-26 14:40:46 - ingestion.Cleaner - Converted 'state' to string
34016 - 16-Feb-26 14:40:46 - ingestion.Cleaner - Converted 'subgroup' to string
34016 - 16-Feb-26 14:40:46 - ingestion.Cleaner - Converted 'time_period_label' to string
34016 - 16-Feb-26 14:40:46 - ingestion.Cleaner - Converted 'confidence_interval' to string
34016 - 16-Feb-26 14:40:46 - ingestion.Cleaner - Converted 'quartile_range' to string
34016 - 16-Feb-26 14:40:46 - ingestion.Cleaner - Converted suppression_flag to numeric
34016 - 16-Feb-26 14:40:46 - ingestion.Cleaner - Converted rejection_reason to string
34016 - 16-Feb-26 14:40:46 - ingestion.Cleaner - Completed data cleaning.
34016 - 16-Feb-26 14:40:46 - DBlogger - An error has occurred during connection: Missing SQL DB connection configuration. Did you forget to set this in `secrets.toml` or as kwargs to `st.connection`?
34016 - 16-Feb-26 14:40:46 - DBlogger - Error occurred during data insertion: 'NoneType' object has no attribute 'session'
34016 - 16-Feb-26 14:40:46 - DBlogger - Error occurred during data insertion: 'NoneType' object has no attribute 'session'
34016 - 16-Feb-26 14:40:46 - DBlogger - Error occurred when closing the connection: 'NoneType' object has no attribute 'close'
8328 - 16-Feb-26 14:43:41 - main - Ingestion pipeline starting
8328 - 16-Feb-26 14:43:41 - ingestion.Reader - Attempting to read CSV at C:\DataTrainingProjects\Project1\DataIngestionProject\data\Mental_Health_DB.csv
8328 - 16-Feb-26 14:43:41 - ingestion.Reader - Read 10404 rows from C:\DataTrainingProjects\Project1\DataIngestionProject\data\Mental_Health_DB.csv
8328 - 16-Feb-26 14:43:41 - ingestion.Validator - Normalized columns: ['indicator', 'group', 'state', 'subgroup', 'phase', 'time_period', 'time_period_label', 'time_period_start_date', 'time_period_end_date', 'value', 'lowci', 'highci', 'confidence_interval', 'quartile_range', 'suppression_flag']
8328 - 16-Feb-26 14:43:42 - ingestion.Validator - Successfully validated 9914 rows
8328 - 16-Feb-26 14:43:42 - ingestion.Validator - Rejected 490 rows
8328 - 16-Feb-26 14:43:42 - ingestion.Cleaner - Starting data cleaning step
8328 - 16-Feb-26 14:43:42 - ingestion.Cleaner - Removed 0 duplicate rows
8328 - 16-Feb-26 14:43:42 - ingestion.Cleaner - Converted column 'phase' to numeric
8328 - 16-Feb-26 14:43:42 - ingestion.Cleaner - Converted column 'value' to numeric
8328 - 16-Feb-26 14:43:42 - ingestion.Cleaner - Converted column 'lowci' to numeric
8328 - 16-Feb-26 14:43:42 - ingestion.Cleaner - Converted column 'highci' to numeric
8328 - 16-Feb-26 14:43:42 - ingestion.Cleaner - Converted 'time_period' to nullable Int64
8328 - 16-Feb-26 14:43:42 - ingestion.Cleaner - Converted 'time_period_start_date' to datetime
8328 - 16-Feb-26 14:43:42 - ingestion.Cleaner - Converted 'time_period_end_date' to datetime
8328 - 16-Feb-26 14:43:42 - ingestion.Cleaner - Converted 'indicator' to string
8328 - 16-Feb-26 14:43:42 - ingestion.Cleaner - Converted 'group' to string
8328 - 16-Feb-26 14:43:42 - ingestion.Cleaner - Converted 'state' to string
8328 - 16-Feb-26 14:43:42 - ingestion.Cleaner - Converted 'subgroup' to string
8328 - 16-Feb-26 14:43:42 - ingestion.Cleaner - Converted 'time_period_label' to string
8328 - 16-Feb-26 14:43:42 - ingestion.Cleaner - Converted 'confidence_interval' to string
8328 - 16-Feb-26 14:43:42 - ingestion.Cleaner - Converted 'quartile_range' to string
8328 - 16-Feb-26 14:43:42 - ingestion.Cleaner - Completed data cleaning.
8328 - 16-Feb-26 14:43:42 - ingestion.Cleaner - Starting data cleaning step
8328 - 16-Feb-26 14:43:42 - ingestion.Cleaner - Removed 0 duplicate rows
8328 - 16-Feb-26 14:43:42 - ingestion.Cleaner - Converted column 'phase' to numeric
8328 - 16-Feb-26 14:43:42 - ingestion.Cleaner - Converted column 'value' to numeric
8328 - 16-Feb-26 14:43:42 - ingestion.Cleaner - Converted column 'lowci' to numeric
8328 - 16-Feb-26 14:43:42 - ingestion.Cleaner - Converted column 'highci' to numeric
8328 - 16-Feb-26 14:43:42 - ingestion.Cleaner - Converted 'time_period' to nullable Int64
8328 - 16-Feb-26 14:43:42 - ingestion.Cleaner - Converted 'time_period_start_date' to datetime
8328 - 16-Feb-26 14:43:42 - ingestion.Cleaner - Converted 'time_period_end_date' to datetime
8328 - 16-Feb-26 14:43:42 - ingestion.Cleaner - Converted 'indicator' to string
8328 - 16-Feb-26 14:43:42 - ingestion.Cleaner - Converted 'group' to string
8328 - 16-Feb-26 14:43:42 - ingestion.Cleaner - Converted 'state' to string
8328 - 16-Feb-26 14:43:42 - ingestion.Cleaner - Converted 'subgroup' to string
8328 - 16-Feb-26 14:43:42 - ingestion.Cleaner - Converted 'time_period_label' to string
8328 - 16-Feb-26 14:43:42 - ingestion.Cleaner - Converted 'confidence_interval' to string
8328 - 16-Feb-26 14:43:42 - ingestion.Cleaner - Converted 'quartile_range' to string
8328 - 16-Feb-26 14:43:42 - ingestion.Cleaner - Converted suppression_flag to numeric
8328 - 16-Feb-26 14:43:42 - ingestion.Cleaner - Converted rejection_reason to string
8328 - 16-Feb-26 14:43:42 - ingestion.Cleaner - Completed data cleaning.
8328 - 16-Feb-26 14:43:42 - DBlogger - An error has occurred during connection: Missing SQL DB connection configuration. Did you forget to set this in `secrets.toml` or as kwargs to `st.connection`?
8328 - 16-Feb-26 14:43:42 - DBlogger - Error occurred during data insertion: 'NoneType' object has no attribute 'session'
8328 - 16-Feb-26 14:43:42 - DBlogger - Error occurred during data insertion: 'NoneType' object has no attribute 'session'
8328 - 16-Feb-26 14:43:42 - DBlogger - Error occurred when closing the connection: 'NoneType' object has no attribute 'close'
35060 - 16-Feb-26 15:07:43 - main - Ingestion pipeline starting
35060 - 16-Feb-26 15:07:43 - ingestion.Reader - Attempting to read CSV at C:\DataTrainingProjects\Project1\DataIngestionProject\data\Mental_Health_DB.csv
35060 - 16-Feb-26 15:07:43 - ingestion.Reader - Read 10404 rows from C:\DataTrainingProjects\Project1\DataIngestionProject\data\Mental_Health_DB.csv
35060 - 16-Feb-26 15:07:43 - ingestion.Validator - Normalized columns: ['indicator', 'group', 'state', 'subgroup', 'phase', 'time_period', 'time_period_label', 'time_period_start_date', 'time_period_end_date', 'value', 'lowci', 'highci', 'confidence_interval', 'quartile_range', 'suppression_flag']
35060 - 16-Feb-26 15:07:44 - ingestion.Validator - Successfully validated 9914 rows
35060 - 16-Feb-26 15:07:44 - ingestion.Validator - Rejected 490 rows
35060 - 16-Feb-26 15:07:44 - ingestion.Cleaner - Starting data cleaning step
35060 - 16-Feb-26 15:07:44 - ingestion.Cleaner - Removed 0 duplicate rows
35060 - 16-Feb-26 15:07:44 - ingestion.Cleaner - Converted column 'phase' to numeric
35060 - 16-Feb-26 15:07:44 - ingestion.Cleaner - Converted column 'value' to numeric
35060 - 16-Feb-26 15:07:44 - ingestion.Cleaner - Converted column 'lowci' to numeric
35060 - 16-Feb-26 15:07:44 - ingestion.Cleaner - Converted column 'highci' to numeric
35060 - 16-Feb-26 15:07:44 - ingestion.Cleaner - Converted 'time_period' to nullable Int64
35060 - 16-Feb-26 15:07:44 - ingestion.Cleaner - Converted 'time_period_start_date' to datetime
35060 - 16-Feb-26 15:07:44 - ingestion.Cleaner - Converted 'time_period_end_date' to datetime
35060 - 16-Feb-26 15:07:44 - ingestion.Cleaner - Converted 'indicator' to string
35060 - 16-Feb-26 15:07:44 - ingestion.Cleaner - Converted 'group' to string
35060 - 16-Feb-26 15:07:44 - ingestion.Cleaner - Converted 'state' to string
35060 - 16-Feb-26 15:07:44 - ingestion.Cleaner - Converted 'subgroup' to string
35060 - 16-Feb-26 15:07:44 - ingestion.Cleaner - Converted 'time_period_label' to string
35060 - 16-Feb-26 15:07:44 - ingestion.Cleaner - Converted 'confidence_interval' to string
35060 - 16-Feb-26 15:07:44 - ingestion.Cleaner - Converted 'quartile_range' to string
35060 - 16-Feb-26 15:07:44 - ingestion.Cleaner - Completed data cleaning.
35060 - 16-Feb-26 15:07:44 - ingestion.Cleaner - Starting data cleaning step
35060 - 16-Feb-26 15:07:44 - ingestion.Cleaner - Removed 0 duplicate rows
35060 - 16-Feb-26 15:07:44 - ingestion.Cleaner - Converted column 'phase' to numeric
35060 - 16-Feb-26 15:07:44 - ingestion.Cleaner - Converted column 'value' to numeric
35060 - 16-Feb-26 15:07:44 - ingestion.Cleaner - Converted column 'lowci' to numeric
35060 - 16-Feb-26 15:07:44 - ingestion.Cleaner - Converted column 'highci' to numeric
35060 - 16-Feb-26 15:07:44 - ingestion.Cleaner - Converted 'time_period' to nullable Int64
35060 - 16-Feb-26 15:07:44 - ingestion.Cleaner - Converted 'time_period_start_date' to datetime
35060 - 16-Feb-26 15:07:44 - ingestion.Cleaner - Converted 'time_period_end_date' to datetime
35060 - 16-Feb-26 15:07:44 - ingestion.Cleaner - Converted 'indicator' to string
35060 - 16-Feb-26 15:07:44 - ingestion.Cleaner - Converted 'group' to string
35060 - 16-Feb-26 15:07:44 - ingestion.Cleaner - Converted 'state' to string
35060 - 16-Feb-26 15:07:44 - ingestion.Cleaner - Converted 'subgroup' to string
35060 - 16-Feb-26 15:07:44 - ingestion.Cleaner - Converted 'time_period_label' to string
35060 - 16-Feb-26 15:07:44 - ingestion.Cleaner - Converted 'confidence_interval' to string
35060 - 16-Feb-26 15:07:44 - ingestion.Cleaner - Converted 'quartile_range' to string
35060 - 16-Feb-26 15:07:44 - ingestion.Cleaner - Converted suppression_flag to numeric
35060 - 16-Feb-26 15:07:44 - ingestion.Cleaner - Converted rejection_reason to string
35060 - 16-Feb-26 15:07:44 - ingestion.Cleaner - Completed data cleaning.
35060 - 16-Feb-26 15:07:44 - DBlogger - An error has occurred during connection: Missing SQL DB connection configuration. Did you forget to set this in `secrets.toml` or as kwargs to `st.connection`?
35060 - 16-Feb-26 15:07:44 - DBlogger - Error occurred during data insertion: 'NoneType' object has no attribute 'session'
35060 - 16-Feb-26 15:07:44 - DBlogger - Error occurred during data insertion: 'NoneType' object has no attribute 'session'
35060 - 16-Feb-26 15:07:44 - DBlogger - Error occurred when closing the connection: 'NoneType' object has no attribute 'close'
17288 - 16-Feb-26 15:08:13 - main - Ingestion pipeline starting
17288 - 16-Feb-26 15:08:13 - ingestion.Reader - Attempting to read CSV at C:\DataTrainingProjects\Project1\DataIngestionProject\data\Mental_Health_DB.csv
17288 - 16-Feb-26 15:08:13 - ingestion.Reader - Read 10404 rows from C:\DataTrainingProjects\Project1\DataIngestionProject\data\Mental_Health_DB.csv
17288 - 16-Feb-26 15:08:13 - ingestion.Validator - Normalized columns: ['indicator', 'group', 'state', 'subgroup', 'phase', 'time_period', 'time_period_label', 'time_period_start_date', 'time_period_end_date', 'value', 'lowci', 'highci', 'confidence_interval', 'quartile_range', 'suppression_flag']
17288 - 16-Feb-26 15:08:13 - ingestion.Validator - Successfully validated 9914 rows
17288 - 16-Feb-26 15:08:13 - ingestion.Validator - Rejected 490 rows
17288 - 16-Feb-26 15:08:13 - ingestion.Cleaner - Starting data cleaning step
17288 - 16-Feb-26 15:08:13 - ingestion.Cleaner - Removed 0 duplicate rows
17288 - 16-Feb-26 15:08:13 - ingestion.Cleaner - Converted column 'phase' to numeric
17288 - 16-Feb-26 15:08:13 - ingestion.Cleaner - Converted column 'value' to numeric
17288 - 16-Feb-26 15:08:13 - ingestion.Cleaner - Converted column 'lowci' to numeric
17288 - 16-Feb-26 15:08:13 - ingestion.Cleaner - Converted column 'highci' to numeric
17288 - 16-Feb-26 15:08:13 - ingestion.Cleaner - Converted 'time_period' to nullable Int64
17288 - 16-Feb-26 15:08:13 - ingestion.Cleaner - Converted 'time_period_start_date' to datetime
17288 - 16-Feb-26 15:08:13 - ingestion.Cleaner - Converted 'time_period_end_date' to datetime
17288 - 16-Feb-26 15:08:13 - ingestion.Cleaner - Converted 'indicator' to string
17288 - 16-Feb-26 15:08:13 - ingestion.Cleaner - Converted 'group' to string
17288 - 16-Feb-26 15:08:13 - ingestion.Cleaner - Converted 'state' to string
17288 - 16-Feb-26 15:08:13 - ingestion.Cleaner - Converted 'subgroup' to string
17288 - 16-Feb-26 15:08:13 - ingestion.Cleaner - Converted 'time_period_label' to string
17288 - 16-Feb-26 15:08:13 - ingestion.Cleaner - Converted 'confidence_interval' to string
17288 - 16-Feb-26 15:08:13 - ingestion.Cleaner - Converted 'quartile_range' to string
17288 - 16-Feb-26 15:08:13 - ingestion.Cleaner - Completed data cleaning.
17288 - 16-Feb-26 15:08:13 - ingestion.Cleaner - Starting data cleaning step
17288 - 16-Feb-26 15:08:13 - ingestion.Cleaner - Removed 0 duplicate rows
17288 - 16-Feb-26 15:08:13 - ingestion.Cleaner - Converted column 'phase' to numeric
17288 - 16-Feb-26 15:08:13 - ingestion.Cleaner - Converted column 'value' to numeric
17288 - 16-Feb-26 15:08:13 - ingestion.Cleaner - Converted column 'lowci' to numeric
17288 - 16-Feb-26 15:08:13 - ingestion.Cleaner - Converted column 'highci' to numeric
17288 - 16-Feb-26 15:08:13 - ingestion.Cleaner - Converted 'time_period' to nullable Int64
17288 - 16-Feb-26 15:08:13 - ingestion.Cleaner - Converted 'time_period_start_date' to datetime
17288 - 16-Feb-26 15:08:13 - ingestion.Cleaner - Converted 'time_period_end_date' to datetime
17288 - 16-Feb-26 15:08:13 - ingestion.Cleaner - Converted 'indicator' to string
17288 - 16-Feb-26 15:08:13 - ingestion.Cleaner - Converted 'group' to string
17288 - 16-Feb-26 15:08:13 - ingestion.Cleaner - Converted 'state' to string
17288 - 16-Feb-26 15:08:13 - ingestion.Cleaner - Converted 'subgroup' to string
17288 - 16-Feb-26 15:08:13 - ingestion.Cleaner - Converted 'time_period_label' to string
17288 - 16-Feb-26 15:08:13 - ingestion.Cleaner - Converted 'confidence_interval' to string
17288 - 16-Feb-26 15:08:13 - ingestion.Cleaner - Converted 'quartile_range' to string
17288 - 16-Feb-26 15:08:13 - ingestion.Cleaner - Converted suppression_flag to numeric
17288 - 16-Feb-26 15:08:13 - ingestion.Cleaner - Converted rejection_reason to string
17288 - 16-Feb-26 15:08:13 - ingestion.Cleaner - Completed data cleaning.
17288 - 16-Feb-26 15:08:13 - DBlogger - An error has occurred during connection: Missing SQL DB connection configuration. Did you forget to set this in `secrets.toml` or as kwargs to `st.connection`?
17288 - 16-Feb-26 15:08:13 - DBlogger - Error occurred during data insertion: 'NoneType' object has no attribute 'session'
17288 - 16-Feb-26 15:08:13 - DBlogger - Error occurred during data insertion: 'NoneType' object has no attribute 'session'
17288 - 16-Feb-26 15:08:13 - DBlogger - Error occurred when closing the connection: 'NoneType' object has no attribute 'close'
19772 - 16-Feb-26 15:09:42 - main - Ingestion pipeline starting
19772 - 16-Feb-26 15:09:42 - ingestion.Reader - Attempting to read CSV at C:\DataTrainingProjects\Project1\DataIngestionProject\data\Mental_Health_DB.csv
19772 - 16-Feb-26 15:09:42 - ingestion.Reader - Read 10404 rows from C:\DataTrainingProjects\Project1\DataIngestionProject\data\Mental_Health_DB.csv
19772 - 16-Feb-26 15:09:42 - ingestion.Validator - Normalized columns: ['indicator', 'group', 'state', 'subgroup', 'phase', 'time_period', 'time_period_label', 'time_period_start_date', 'time_period_end_date', 'value', 'lowci', 'highci', 'confidence_interval', 'quartile_range', 'suppression_flag']
19772 - 16-Feb-26 15:09:42 - ingestion.Validator - Successfully validated 9914 rows
19772 - 16-Feb-26 15:09:42 - ingestion.Validator - Rejected 490 rows
19772 - 16-Feb-26 15:09:42 - ingestion.Cleaner - Starting data cleaning step
19772 - 16-Feb-26 15:09:42 - ingestion.Cleaner - Removed 0 duplicate rows
19772 - 16-Feb-26 15:09:42 - ingestion.Cleaner - Converted column 'phase' to numeric
19772 - 16-Feb-26 15:09:42 - ingestion.Cleaner - Converted column 'value' to numeric
19772 - 16-Feb-26 15:09:42 - ingestion.Cleaner - Converted column 'lowci' to numeric
19772 - 16-Feb-26 15:09:42 - ingestion.Cleaner - Converted column 'highci' to numeric
19772 - 16-Feb-26 15:09:42 - ingestion.Cleaner - Converted 'time_period' to nullable Int64
19772 - 16-Feb-26 15:09:42 - ingestion.Cleaner - Converted 'time_period_start_date' to datetime
19772 - 16-Feb-26 15:09:42 - ingestion.Cleaner - Converted 'time_period_end_date' to datetime
19772 - 16-Feb-26 15:09:42 - ingestion.Cleaner - Converted 'indicator' to string
19772 - 16-Feb-26 15:09:42 - ingestion.Cleaner - Converted 'group' to string
19772 - 16-Feb-26 15:09:42 - ingestion.Cleaner - Converted 'state' to string
19772 - 16-Feb-26 15:09:42 - ingestion.Cleaner - Converted 'subgroup' to string
19772 - 16-Feb-26 15:09:42 - ingestion.Cleaner - Converted 'time_period_label' to string
19772 - 16-Feb-26 15:09:42 - ingestion.Cleaner - Converted 'confidence_interval' to string
19772 - 16-Feb-26 15:09:42 - ingestion.Cleaner - Converted 'quartile_range' to string
19772 - 16-Feb-26 15:09:42 - ingestion.Cleaner - Completed data cleaning.
19772 - 16-Feb-26 15:09:42 - ingestion.Cleaner - Starting data cleaning step
19772 - 16-Feb-26 15:09:42 - ingestion.Cleaner - Removed 0 duplicate rows
19772 - 16-Feb-26 15:09:42 - ingestion.Cleaner - Converted column 'phase' to numeric
19772 - 16-Feb-26 15:09:42 - ingestion.Cleaner - Converted column 'value' to numeric
19772 - 16-Feb-26 15:09:42 - ingestion.Cleaner - Converted column 'lowci' to numeric
19772 - 16-Feb-26 15:09:42 - ingestion.Cleaner - Converted column 'highci' to numeric
19772 - 16-Feb-26 15:09:42 - ingestion.Cleaner - Converted 'time_period' to nullable Int64
19772 - 16-Feb-26 15:09:42 - ingestion.Cleaner - Converted 'time_period_start_date' to datetime
19772 - 16-Feb-26 15:09:42 - ingestion.Cleaner - Converted 'time_period_end_date' to datetime
19772 - 16-Feb-26 15:09:42 - ingestion.Cleaner - Converted 'indicator' to string
19772 - 16-Feb-26 15:09:42 - ingestion.Cleaner - Converted 'group' to string
19772 - 16-Feb-26 15:09:42 - ingestion.Cleaner - Converted 'state' to string
19772 - 16-Feb-26 15:09:42 - ingestion.Cleaner - Converted 'subgroup' to string
19772 - 16-Feb-26 15:09:42 - ingestion.Cleaner - Converted 'time_period_label' to string
19772 - 16-Feb-26 15:09:42 - ingestion.Cleaner - Converted 'confidence_interval' to string
19772 - 16-Feb-26 15:09:42 - ingestion.Cleaner - Converted 'quartile_range' to string
19772 - 16-Feb-26 15:09:42 - ingestion.Cleaner - Converted suppression_flag to numeric
19772 - 16-Feb-26 15:09:42 - ingestion.Cleaner - Converted rejection_reason to string
19772 - 16-Feb-26 15:09:42 - ingestion.Cleaner - Completed data cleaning.
19772 - 16-Feb-26 15:09:42 - DBlogger - An error has occurred during connection: Missing SQL DB connection configuration. Did you forget to set this in `secrets.toml` or as kwargs to `st.connection`?
19772 - 16-Feb-26 15:09:42 - DBlogger - Error occurred during data insertion: 'NoneType' object has no attribute 'session'
19772 - 16-Feb-26 15:09:42 - DBlogger - Error occurred during data insertion: 'NoneType' object has no attribute 'session'
19772 - 16-Feb-26 15:09:42 - DBlogger - Error occurred when closing the connection: 'NoneType' object has no attribute 'close'
39556 - 16-Feb-26 15:11:36 - main - Ingestion pipeline starting
39556 - 16-Feb-26 15:11:36 - ingestion.Reader - Attempting to read CSV at C:\DataTrainingProjects\Project1\DataIngestionProject\data\Mental_Health_DB.csv
39556 - 16-Feb-26 15:11:36 - ingestion.Reader - Read 10404 rows from C:\DataTrainingProjects\Project1\DataIngestionProject\data\Mental_Health_DB.csv
39556 - 16-Feb-26 15:11:36 - ingestion.Validator - Normalized columns: ['indicator', 'group', 'state', 'subgroup', 'phase', 'time_period', 'time_period_label', 'time_period_start_date', 'time_period_end_date', 'value', 'lowci', 'highci', 'confidence_interval', 'quartile_range', 'suppression_flag']
39556 - 16-Feb-26 15:11:36 - ingestion.Validator - Successfully validated 9914 rows
39556 - 16-Feb-26 15:11:36 - ingestion.Validator - Rejected 490 rows
39556 - 16-Feb-26 15:11:36 - ingestion.Cleaner - Starting data cleaning step
39556 - 16-Feb-26 15:11:36 - ingestion.Cleaner - Removed 0 duplicate rows
39556 - 16-Feb-26 15:11:36 - ingestion.Cleaner - Converted column 'phase' to numeric
39556 - 16-Feb-26 15:11:36 - ingestion.Cleaner - Converted column 'value' to numeric
39556 - 16-Feb-26 15:11:36 - ingestion.Cleaner - Converted column 'lowci' to numeric
39556 - 16-Feb-26 15:11:36 - ingestion.Cleaner - Converted column 'highci' to numeric
39556 - 16-Feb-26 15:11:36 - ingestion.Cleaner - Converted 'time_period' to nullable Int64
39556 - 16-Feb-26 15:11:36 - ingestion.Cleaner - Converted 'time_period_start_date' to datetime
39556 - 16-Feb-26 15:11:36 - ingestion.Cleaner - Converted 'time_period_end_date' to datetime
39556 - 16-Feb-26 15:11:36 - ingestion.Cleaner - Converted 'indicator' to string
39556 - 16-Feb-26 15:11:36 - ingestion.Cleaner - Converted 'group' to string
39556 - 16-Feb-26 15:11:36 - ingestion.Cleaner - Converted 'state' to string
39556 - 16-Feb-26 15:11:36 - ingestion.Cleaner - Converted 'subgroup' to string
39556 - 16-Feb-26 15:11:36 - ingestion.Cleaner - Converted 'time_period_label' to string
39556 - 16-Feb-26 15:11:36 - ingestion.Cleaner - Converted 'confidence_interval' to string
39556 - 16-Feb-26 15:11:36 - ingestion.Cleaner - Converted 'quartile_range' to string
39556 - 16-Feb-26 15:11:36 - ingestion.Cleaner - Completed data cleaning.
39556 - 16-Feb-26 15:11:36 - ingestion.Cleaner - Starting data cleaning step
39556 - 16-Feb-26 15:11:36 - ingestion.Cleaner - Removed 0 duplicate rows
39556 - 16-Feb-26 15:11:36 - ingestion.Cleaner - Converted column 'phase' to numeric
39556 - 16-Feb-26 15:11:36 - ingestion.Cleaner - Converted column 'value' to numeric
39556 - 16-Feb-26 15:11:36 - ingestion.Cleaner - Converted column 'lowci' to numeric
39556 - 16-Feb-26 15:11:36 - ingestion.Cleaner - Converted column 'highci' to numeric
39556 - 16-Feb-26 15:11:36 - ingestion.Cleaner - Converted 'time_period' to nullable Int64
39556 - 16-Feb-26 15:11:36 - ingestion.Cleaner - Converted 'time_period_start_date' to datetime
39556 - 16-Feb-26 15:11:36 - ingestion.Cleaner - Converted 'time_period_end_date' to datetime
39556 - 16-Feb-26 15:11:36 - ingestion.Cleaner - Converted 'indicator' to string
39556 - 16-Feb-26 15:11:36 - ingestion.Cleaner - Converted 'group' to string
39556 - 16-Feb-26 15:11:36 - ingestion.Cleaner - Converted 'state' to string
39556 - 16-Feb-26 15:11:36 - ingestion.Cleaner - Converted 'subgroup' to string
39556 - 16-Feb-26 15:11:36 - ingestion.Cleaner - Converted 'time_period_label' to string
39556 - 16-Feb-26 15:11:36 - ingestion.Cleaner - Converted 'confidence_interval' to string
39556 - 16-Feb-26 15:11:36 - ingestion.Cleaner - Converted 'quartile_range' to string
39556 - 16-Feb-26 15:11:36 - ingestion.Cleaner - Converted suppression_flag to numeric
39556 - 16-Feb-26 15:11:36 - ingestion.Cleaner - Converted rejection_reason to string
39556 - 16-Feb-26 15:11:36 - ingestion.Cleaner - Completed data cleaning.
39556 - 16-Feb-26 15:11:37 - DBlogger - Successfully connected to database
39556 - 16-Feb-26 15:11:39 - DBlogger - Succesfully inserted 9914 rows into database
39556 - 16-Feb-26 15:11:39 - DBlogger - Succesfully inserted 490 rows into rejected database
39556 - 16-Feb-26 15:11:39 - DBlogger - Successfully closed DB connection
25176 - 16-Feb-26 15:50:36 - main - Ingestion pipeline starting
25176 - 16-Feb-26 15:50:36 - ingestion.Reader - Attempting to read CSV at C:\Users\armin\OneDrive\Desktop\Developer\MHIngestion\data\Mental_Health_DB.csv
25176 - 16-Feb-26 15:50:36 - ingestion.Reader - Read 10404 rows from C:\Users\armin\OneDrive\Desktop\Developer\MHIngestion\data\Mental_Health_DB.csv
25176 - 16-Feb-26 15:50:36 - ingestion.Validator - Normalized columns: ['indicator', 'group', 'state', 'subgroup', 'phase', 'time_period', 'time_period_label', 'time_period_start_date', 'time_period_end_date', 'value', 'lowci', 'highci', 'confidence_interval', 'quartile_range', 'suppression_flag']
25176 - 16-Feb-26 15:50:36 - ingestion.Validator - Successfully validated 9914 rows
25176 - 16-Feb-26 15:50:36 - ingestion.Validator - Rejected 490 rows
25176 - 16-Feb-26 15:50:36 - ingestion.Cleaner - Starting data cleaning step
25176 - 16-Feb-26 15:50:36 - ingestion.Cleaner - Removed 0 duplicate rows
25176 - 16-Feb-26 15:50:36 - ingestion.Cleaner - Converted column 'phase' to numeric
25176 - 16-Feb-26 15:50:36 - ingestion.Cleaner - Converted column 'value' to numeric
25176 - 16-Feb-26 15:50:36 - ingestion.Cleaner - Converted column 'lowci' to numeric
25176 - 16-Feb-26 15:50:36 - ingestion.Cleaner - Converted column 'highci' to numeric
25176 - 16-Feb-26 15:50:36 - ingestion.Cleaner - Converted 'time_period' to nullable Int64
25176 - 16-Feb-26 15:50:36 - ingestion.Cleaner - Converted 'time_period_start_date' to datetime
25176 - 16-Feb-26 15:50:36 - ingestion.Cleaner - Converted 'time_period_end_date' to datetime
25176 - 16-Feb-26 15:50:36 - ingestion.Cleaner - Converted 'indicator' to string
25176 - 16-Feb-26 15:50:36 - ingestion.Cleaner - Converted 'group' to string
25176 - 16-Feb-26 15:50:36 - ingestion.Cleaner - Converted 'state' to string
25176 - 16-Feb-26 15:50:36 - ingestion.Cleaner - Converted 'subgroup' to string
25176 - 16-Feb-26 15:50:36 - ingestion.Cleaner - Converted 'time_period_label' to string
25176 - 16-Feb-26 15:50:36 - ingestion.Cleaner - Converted 'confidence_interval' to string
25176 - 16-Feb-26 15:50:36 - ingestion.Cleaner - Converted 'quartile_range' to string
25176 - 16-Feb-26 15:50:36 - ingestion.Cleaner - Completed data cleaning.
25176 - 16-Feb-26 15:50:36 - ingestion.Cleaner - Starting data cleaning step
25176 - 16-Feb-26 15:50:36 - ingestion.Cleaner - Removed 0 duplicate rows
25176 - 16-Feb-26 15:50:36 - ingestion.Cleaner - Converted column 'phase' to numeric
25176 - 16-Feb-26 15:50:36 - ingestion.Cleaner - Converted column 'value' to numeric
25176 - 16-Feb-26 15:50:36 - ingestion.Cleaner - Converted column 'lowci' to numeric
25176 - 16-Feb-26 15:50:36 - ingestion.Cleaner - Converted column 'highci' to numeric
25176 - 16-Feb-26 15:50:36 - ingestion.Cleaner - Converted 'time_period' to nullable Int64
25176 - 16-Feb-26 15:50:36 - ingestion.Cleaner - Converted 'time_period_start_date' to datetime
25176 - 16-Feb-26 15:50:36 - ingestion.Cleaner - Converted 'time_period_end_date' to datetime
25176 - 16-Feb-26 15:50:36 - ingestion.Cleaner - Converted 'indicator' to string
25176 - 16-Feb-26 15:50:36 - ingestion.Cleaner - Converted 'group' to string
25176 - 16-Feb-26 15:50:36 - ingestion.Cleaner - Converted 'state' to string
25176 - 16-Feb-26 15:50:36 - ingestion.Cleaner - Converted 'subgroup' to string
25176 - 16-Feb-26 15:50:36 - ingestion.Cleaner - Converted 'time_period_label' to string
25176 - 16-Feb-26 15:50:36 - ingestion.Cleaner - Converted 'confidence_interval' to string
25176 - 16-Feb-26 15:50:36 - ingestion.Cleaner - Converted 'quartile_range' to string
25176 - 16-Feb-26 15:50:36 - ingestion.Cleaner - Converted suppression_flag to numeric
25176 - 16-Feb-26 15:50:36 - ingestion.Cleaner - Converted rejection_reason to string
25176 - 16-Feb-26 15:50:36 - ingestion.Cleaner - Completed data cleaning.
25176 - 16-Feb-26 15:50:37 - DBlogger - Successfully connected to database
25176 - 16-Feb-26 15:50:38 - DBlogger - Succesfully inserted 9914 rows into database
25176 - 16-Feb-26 15:50:38 - DBlogger - Succesfully inserted 490 rows into rejected database
25176 - 16-Feb-26 15:50:38 - DBlogger - Successfully closed DB connection
15132 - 16-Feb-26 16:02:43 - main - Ingestion pipeline starting
15132 - 16-Feb-26 16:02:43 - ingestion.Reader - Attempting to read CSV at C:\Users\armin\OneDrive\Desktop\Developer\MHIngestion\data\Mental_Health_DB.csv
15132 - 16-Feb-26 16:02:43 - ingestion.Reader - Read 10404 rows from C:\Users\armin\OneDrive\Desktop\Developer\MHIngestion\data\Mental_Health_DB.csv
15132 - 16-Feb-26 16:02:43 - ingestion.Validator - Normalized columns: ['indicator', 'group', 'state', 'subgroup', 'phase', 'time_period', 'time_period_label', 'time_period_start_date', 'time_period_end_date', 'value', 'lowci', 'highci', 'confidence_interval', 'quartile_range', 'suppression_flag']
15132 - 16-Feb-26 16:02:43 - ingestion.Validator - Successfully validated 9914 rows
15132 - 16-Feb-26 16:02:43 - ingestion.Validator - Rejected 490 rows
15132 - 16-Feb-26 16:02:43 - ingestion.Cleaner - Starting data cleaning step
15132 - 16-Feb-26 16:02:43 - ingestion.Cleaner - Removed 0 duplicate rows
15132 - 16-Feb-26 16:02:43 - ingestion.Cleaner - Converted column 'phase' to numeric
15132 - 16-Feb-26 16:02:43 - ingestion.Cleaner - Converted column 'value' to numeric
15132 - 16-Feb-26 16:02:43 - ingestion.Cleaner - Converted column 'lowci' to numeric
15132 - 16-Feb-26 16:02:43 - ingestion.Cleaner - Converted column 'highci' to numeric
15132 - 16-Feb-26 16:02:43 - ingestion.Cleaner - Converted 'time_period' to nullable Int64
15132 - 16-Feb-26 16:02:43 - ingestion.Cleaner - Converted 'time_period_start_date' to datetime
15132 - 16-Feb-26 16:02:43 - ingestion.Cleaner - Converted 'time_period_end_date' to datetime
15132 - 16-Feb-26 16:02:43 - ingestion.Cleaner - Converted 'indicator' to string
15132 - 16-Feb-26 16:02:43 - ingestion.Cleaner - Converted 'group' to string
15132 - 16-Feb-26 16:02:43 - ingestion.Cleaner - Converted 'state' to string
15132 - 16-Feb-26 16:02:43 - ingestion.Cleaner - Converted 'subgroup' to string
15132 - 16-Feb-26 16:02:43 - ingestion.Cleaner - Converted 'time_period_label' to string
15132 - 16-Feb-26 16:02:43 - ingestion.Cleaner - Converted 'confidence_interval' to string
15132 - 16-Feb-26 16:02:43 - ingestion.Cleaner - Converted 'quartile_range' to string
15132 - 16-Feb-26 16:02:43 - ingestion.Cleaner - Completed data cleaning.
15132 - 16-Feb-26 16:02:43 - ingestion.Cleaner - Starting data cleaning step
15132 - 16-Feb-26 16:02:43 - ingestion.Cleaner - Removed 0 duplicate rows
15132 - 16-Feb-26 16:02:43 - ingestion.Cleaner - Converted column 'phase' to numeric
15132 - 16-Feb-26 16:02:43 - ingestion.Cleaner - Converted column 'value' to numeric
15132 - 16-Feb-26 16:02:43 - ingestion.Cleaner - Converted column 'lowci' to numeric
15132 - 16-Feb-26 16:02:43 - ingestion.Cleaner - Converted column 'highci' to numeric
15132 - 16-Feb-26 16:02:43 - ingestion.Cleaner - Converted 'time_period' to nullable Int64
15132 - 16-Feb-26 16:02:43 - ingestion.Cleaner - Converted 'time_period_start_date' to datetime
15132 - 16-Feb-26 16:02:43 - ingestion.Cleaner - Converted 'time_period_end_date' to datetime
15132 - 16-Feb-26 16:02:43 - ingestion.Cleaner - Converted 'indicator' to string
15132 - 16-Feb-26 16:02:43 - ingestion.Cleaner - Converted 'group' to string
15132 - 16-Feb-26 16:02:43 - ingestion.Cleaner - Converted 'state' to string
15132 - 16-Feb-26 16:02:43 - ingestion.Cleaner - Converted 'subgroup' to string
15132 - 16-Feb-26 16:02:43 - ingestion.Cleaner - Converted 'time_period_label' to string
15132 - 16-Feb-26 16:02:43 - ingestion.Cleaner - Converted 'confidence_interval' to string
15132 - 16-Feb-26 16:02:43 - ingestion.Cleaner - Converted 'quartile_range' to string
15132 - 16-Feb-26 16:02:43 - ingestion.Cleaner - Converted suppression_flag to numeric
15132 - 16-Feb-26 16:02:43 - ingestion.Cleaner - Converted rejection_reason to string
15132 - 16-Feb-26 16:02:43 - ingestion.Cleaner - Completed data cleaning.
15132 - 16-Feb-26 16:02:44 - DBlogger - Successfully connected to database
15132 - 16-Feb-26 16:02:45 - DBlogger - Succesfully inserted 9914 rows into database
15132 - 16-Feb-26 16:02:45 - DBlogger - Succesfully inserted 490 rows into rejected database
14452 - 16-Feb-26 16:03:32 - main - Ingestion pipeline starting
14452 - 16-Feb-26 16:03:32 - ingestion.Reader - Attempting to read CSV at C:\Users\armin\OneDrive\Desktop\Developer\MHIngestion\data\Mental_Health_DB.csv
14452 - 16-Feb-26 16:03:32 - ingestion.Reader - Read 10404 rows from C:\Users\armin\OneDrive\Desktop\Developer\MHIngestion\data\Mental_Health_DB.csv
14452 - 16-Feb-26 16:03:32 - ingestion.Validator - Normalized columns: ['indicator', 'group', 'state', 'subgroup', 'phase', 'time_period', 'time_period_label', 'time_period_start_date', 'time_period_end_date', 'value', 'lowci', 'highci', 'confidence_interval', 'quartile_range', 'suppression_flag']
14452 - 16-Feb-26 16:03:32 - ingestion.Validator - Successfully validated 9914 rows
14452 - 16-Feb-26 16:03:32 - ingestion.Validator - Rejected 490 rows
14452 - 16-Feb-26 16:03:32 - ingestion.Cleaner - Starting data cleaning step
14452 - 16-Feb-26 16:03:32 - ingestion.Cleaner - Removed 0 duplicate rows
14452 - 16-Feb-26 16:03:32 - ingestion.Cleaner - Converted column 'phase' to numeric
14452 - 16-Feb-26 16:03:32 - ingestion.Cleaner - Converted column 'value' to numeric
14452 - 16-Feb-26 16:03:32 - ingestion.Cleaner - Converted column 'lowci' to numeric
14452 - 16-Feb-26 16:03:32 - ingestion.Cleaner - Converted column 'highci' to numeric
14452 - 16-Feb-26 16:03:32 - ingestion.Cleaner - Converted 'time_period' to nullable Int64
14452 - 16-Feb-26 16:03:32 - ingestion.Cleaner - Converted 'time_period_start_date' to datetime
14452 - 16-Feb-26 16:03:32 - ingestion.Cleaner - Converted 'time_period_end_date' to datetime
14452 - 16-Feb-26 16:03:32 - ingestion.Cleaner - Converted 'indicator' to string
14452 - 16-Feb-26 16:03:32 - ingestion.Cleaner - Converted 'group' to string
14452 - 16-Feb-26 16:03:32 - ingestion.Cleaner - Converted 'state' to string
14452 - 16-Feb-26 16:03:32 - ingestion.Cleaner - Converted 'subgroup' to string
14452 - 16-Feb-26 16:03:32 - ingestion.Cleaner - Converted 'time_period_label' to string
14452 - 16-Feb-26 16:03:32 - ingestion.Cleaner - Converted 'confidence_interval' to string
14452 - 16-Feb-26 16:03:32 - ingestion.Cleaner - Converted 'quartile_range' to string
14452 - 16-Feb-26 16:03:32 - ingestion.Cleaner - Completed data cleaning.
14452 - 16-Feb-26 16:03:32 - ingestion.Cleaner - Starting data cleaning step
14452 - 16-Feb-26 16:03:32 - ingestion.Cleaner - Removed 0 duplicate rows
14452 - 16-Feb-26 16:03:32 - ingestion.Cleaner - Converted column 'phase' to numeric
14452 - 16-Feb-26 16:03:32 - ingestion.Cleaner - Converted column 'value' to numeric
14452 - 16-Feb-26 16:03:32 - ingestion.Cleaner - Converted column 'lowci' to numeric
14452 - 16-Feb-26 16:03:32 - ingestion.Cleaner - Converted column 'highci' to numeric
14452 - 16-Feb-26 16:03:32 - ingestion.Cleaner - Converted 'time_period' to nullable Int64
14452 - 16-Feb-26 16:03:32 - ingestion.Cleaner - Converted 'time_period_start_date' to datetime
14452 - 16-Feb-26 16:03:32 - ingestion.Cleaner - Converted 'time_period_end_date' to datetime
14452 - 16-Feb-26 16:03:32 - ingestion.Cleaner - Converted 'indicator' to string
14452 - 16-Feb-26 16:03:32 - ingestion.Cleaner - Converted 'group' to string
14452 - 16-Feb-26 16:03:32 - ingestion.Cleaner - Converted 'state' to string
14452 - 16-Feb-26 16:03:32 - ingestion.Cleaner - Converted 'subgroup' to string
14452 - 16-Feb-26 16:03:32 - ingestion.Cleaner - Converted 'time_period_label' to string
14452 - 16-Feb-26 16:03:32 - ingestion.Cleaner - Converted 'confidence_interval' to string
14452 - 16-Feb-26 16:03:32 - ingestion.Cleaner - Converted 'quartile_range' to string
14452 - 16-Feb-26 16:03:32 - ingestion.Cleaner - Converted suppression_flag to numeric
14452 - 16-Feb-26 16:03:32 - ingestion.Cleaner - Converted rejection_reason to string
14452 - 16-Feb-26 16:03:32 - ingestion.Cleaner - Completed data cleaning.
14452 - 16-Feb-26 16:03:33 - DBlogger - Successfully connected to database
14452 - 16-Feb-26 16:03:34 - DBlogger - Succesfully inserted 9914 rows into database
14452 - 16-Feb-26 16:03:34 - DBlogger - Succesfully inserted 490 rows into rejected database
14452 - 16-Feb-26 16:03:34 - DBlogger - Successfully closed DB connection
11600 - 16-Feb-26 16:05:17 - main - Ingestion pipeline starting
11600 - 16-Feb-26 16:05:17 - ingestion.Reader - Attempting to read CSV at C:\Users\armin\OneDrive\Desktop\Developer\MHIngestion\data\Mental_Health_DB.csv
11600 - 16-Feb-26 16:05:17 - ingestion.Reader - Read 10404 rows from C:\Users\armin\OneDrive\Desktop\Developer\MHIngestion\data\Mental_Health_DB.csv
11600 - 16-Feb-26 16:05:17 - ingestion.Validator - Normalized columns: ['indicator', 'group', 'state', 'subgroup', 'phase', 'time_period', 'time_period_label', 'time_period_start_date', 'time_period_end_date', 'value', 'lowci', 'highci', 'confidence_interval', 'quartile_range', 'suppression_flag']
11600 - 16-Feb-26 16:05:17 - ingestion.Validator - Successfully validated 9914 rows
11600 - 16-Feb-26 16:05:17 - ingestion.Validator - Rejected 490 rows
11600 - 16-Feb-26 16:05:17 - ingestion.Cleaner - Starting data cleaning step
11600 - 16-Feb-26 16:05:17 - ingestion.Cleaner - Removed 0 duplicate rows
11600 - 16-Feb-26 16:05:17 - ingestion.Cleaner - Converted column 'phase' to numeric
11600 - 16-Feb-26 16:05:17 - ingestion.Cleaner - Converted column 'value' to numeric
11600 - 16-Feb-26 16:05:17 - ingestion.Cleaner - Converted column 'lowci' to numeric
11600 - 16-Feb-26 16:05:17 - ingestion.Cleaner - Converted column 'highci' to numeric
11600 - 16-Feb-26 16:05:17 - ingestion.Cleaner - Converted 'time_period' to nullable Int64
11600 - 16-Feb-26 16:05:17 - ingestion.Cleaner - Converted 'time_period_start_date' to datetime
11600 - 16-Feb-26 16:05:17 - ingestion.Cleaner - Converted 'time_period_end_date' to datetime
11600 - 16-Feb-26 16:05:17 - ingestion.Cleaner - Converted 'indicator' to string
11600 - 16-Feb-26 16:05:17 - ingestion.Cleaner - Converted 'group' to string
11600 - 16-Feb-26 16:05:17 - ingestion.Cleaner - Converted 'state' to string
11600 - 16-Feb-26 16:05:17 - ingestion.Cleaner - Converted 'subgroup' to string
11600 - 16-Feb-26 16:05:17 - ingestion.Cleaner - Converted 'time_period_label' to string
11600 - 16-Feb-26 16:05:17 - ingestion.Cleaner - Converted 'confidence_interval' to string
11600 - 16-Feb-26 16:05:17 - ingestion.Cleaner - Converted 'quartile_range' to string
11600 - 16-Feb-26 16:05:17 - ingestion.Cleaner - Completed data cleaning.
11600 - 16-Feb-26 16:05:17 - ingestion.Cleaner - Starting data cleaning step
11600 - 16-Feb-26 16:05:17 - ingestion.Cleaner - Removed 0 duplicate rows
11600 - 16-Feb-26 16:05:17 - ingestion.Cleaner - Converted column 'phase' to numeric
11600 - 16-Feb-26 16:05:17 - ingestion.Cleaner - Converted column 'value' to numeric
11600 - 16-Feb-26 16:05:17 - ingestion.Cleaner - Converted column 'lowci' to numeric
11600 - 16-Feb-26 16:05:17 - ingestion.Cleaner - Converted column 'highci' to numeric
11600 - 16-Feb-26 16:05:17 - ingestion.Cleaner - Converted 'time_period' to nullable Int64
11600 - 16-Feb-26 16:05:17 - ingestion.Cleaner - Converted 'time_period_start_date' to datetime
11600 - 16-Feb-26 16:05:17 - ingestion.Cleaner - Converted 'time_period_end_date' to datetime
11600 - 16-Feb-26 16:05:17 - ingestion.Cleaner - Converted 'indicator' to string
11600 - 16-Feb-26 16:05:17 - ingestion.Cleaner - Converted 'group' to string
11600 - 16-Feb-26 16:05:17 - ingestion.Cleaner - Converted 'state' to string
11600 - 16-Feb-26 16:05:17 - ingestion.Cleaner - Converted 'subgroup' to string
11600 - 16-Feb-26 16:05:17 - ingestion.Cleaner - Converted 'time_period_label' to string
11600 - 16-Feb-26 16:05:17 - ingestion.Cleaner - Converted 'confidence_interval' to string
11600 - 16-Feb-26 16:05:17 - ingestion.Cleaner - Converted 'quartile_range' to string
11600 - 16-Feb-26 16:05:17 - ingestion.Cleaner - Converted suppression_flag to numeric
11600 - 16-Feb-26 16:05:17 - ingestion.Cleaner - Converted rejection_reason to string
11600 - 16-Feb-26 16:05:17 - ingestion.Cleaner - Completed data cleaning.
11600 - 16-Feb-26 16:05:18 - DBlogger - Successfully connected to database
11600 - 16-Feb-26 16:05:18 - DBlogger - Succesfully inserted 9914 rows into database
11600 - 16-Feb-26 16:05:18 - DBlogger - Succesfully inserted 490 rows into rejected database
11600 - 16-Feb-26 16:05:18 - DBlogger - Successfully closed DB connection
27352 - 16-Feb-26 16:05:22 - main - Ingestion pipeline starting
27352 - 16-Feb-26 16:05:22 - ingestion.Reader - Attempting to read CSV at C:\Users\armin\OneDrive\Desktop\Developer\MHIngestion\data\Mental_Health_DB.csv
27352 - 16-Feb-26 16:05:22 - ingestion.Reader - Read 10404 rows from C:\Users\armin\OneDrive\Desktop\Developer\MHIngestion\data\Mental_Health_DB.csv
27352 - 16-Feb-26 16:05:22 - ingestion.Validator - Normalized columns: ['indicator', 'group', 'state', 'subgroup', 'phase', 'time_period', 'time_period_label', 'time_period_start_date', 'time_period_end_date', 'value', 'lowci', 'highci', 'confidence_interval', 'quartile_range', 'suppression_flag']
27352 - 16-Feb-26 16:05:23 - ingestion.Validator - Successfully validated 9914 rows
27352 - 16-Feb-26 16:05:23 - ingestion.Validator - Rejected 490 rows
27352 - 16-Feb-26 16:05:23 - ingestion.Cleaner - Starting data cleaning step
27352 - 16-Feb-26 16:05:23 - ingestion.Cleaner - Removed 0 duplicate rows
27352 - 16-Feb-26 16:05:23 - ingestion.Cleaner - Converted column 'phase' to numeric
27352 - 16-Feb-26 16:05:23 - ingestion.Cleaner - Converted column 'value' to numeric
27352 - 16-Feb-26 16:05:23 - ingestion.Cleaner - Converted column 'lowci' to numeric
27352 - 16-Feb-26 16:05:23 - ingestion.Cleaner - Converted column 'highci' to numeric
27352 - 16-Feb-26 16:05:23 - ingestion.Cleaner - Converted 'time_period' to nullable Int64
27352 - 16-Feb-26 16:05:23 - ingestion.Cleaner - Converted 'time_period_start_date' to datetime
27352 - 16-Feb-26 16:05:23 - ingestion.Cleaner - Converted 'time_period_end_date' to datetime
27352 - 16-Feb-26 16:05:23 - ingestion.Cleaner - Converted 'indicator' to string
27352 - 16-Feb-26 16:05:23 - ingestion.Cleaner - Converted 'group' to string
27352 - 16-Feb-26 16:05:23 - ingestion.Cleaner - Converted 'state' to string
27352 - 16-Feb-26 16:05:23 - ingestion.Cleaner - Converted 'subgroup' to string
27352 - 16-Feb-26 16:05:23 - ingestion.Cleaner - Converted 'time_period_label' to string
27352 - 16-Feb-26 16:05:23 - ingestion.Cleaner - Converted 'confidence_interval' to string
27352 - 16-Feb-26 16:05:23 - ingestion.Cleaner - Converted 'quartile_range' to string
27352 - 16-Feb-26 16:05:23 - ingestion.Cleaner - Completed data cleaning.
27352 - 16-Feb-26 16:05:23 - ingestion.Cleaner - Starting data cleaning step
27352 - 16-Feb-26 16:05:23 - ingestion.Cleaner - Removed 0 duplicate rows
27352 - 16-Feb-26 16:05:23 - ingestion.Cleaner - Converted column 'phase' to numeric
27352 - 16-Feb-26 16:05:23 - ingestion.Cleaner - Converted column 'value' to numeric
27352 - 16-Feb-26 16:05:23 - ingestion.Cleaner - Converted column 'lowci' to numeric
27352 - 16-Feb-26 16:05:23 - ingestion.Cleaner - Converted column 'highci' to numeric
27352 - 16-Feb-26 16:05:23 - ingestion.Cleaner - Converted 'time_period' to nullable Int64
27352 - 16-Feb-26 16:05:23 - ingestion.Cleaner - Converted 'time_period_start_date' to datetime
27352 - 16-Feb-26 16:05:23 - ingestion.Cleaner - Converted 'time_period_end_date' to datetime
27352 - 16-Feb-26 16:05:23 - ingestion.Cleaner - Converted 'indicator' to string
27352 - 16-Feb-26 16:05:23 - ingestion.Cleaner - Converted 'group' to string
27352 - 16-Feb-26 16:05:23 - ingestion.Cleaner - Converted 'state' to string
27352 - 16-Feb-26 16:05:23 - ingestion.Cleaner - Converted 'subgroup' to string
27352 - 16-Feb-26 16:05:23 - ingestion.Cleaner - Converted 'time_period_label' to string
27352 - 16-Feb-26 16:05:23 - ingestion.Cleaner - Converted 'confidence_interval' to string
27352 - 16-Feb-26 16:05:23 - ingestion.Cleaner - Converted 'quartile_range' to string
27352 - 16-Feb-26 16:05:23 - ingestion.Cleaner - Converted suppression_flag to numeric
27352 - 16-Feb-26 16:05:23 - ingestion.Cleaner - Converted rejection_reason to string
27352 - 16-Feb-26 16:05:23 - ingestion.Cleaner - Completed data cleaning.
27352 - 16-Feb-26 16:05:23 - DBlogger - Successfully connected to database
27352 - 16-Feb-26 16:05:24 - DBlogger - Succesfully inserted 9914 rows into database
27352 - 16-Feb-26 16:05:24 - DBlogger - Succesfully inserted 490 rows into rejected database
27352 - 16-Feb-26 16:05:24 - DBlogger - Successfully closed DB connection
14288 - 16-Feb-26 16:07:00 - main - Ingestion pipeline starting
14288 - 16-Feb-26 16:07:00 - ingestion.Reader - Attempting to read CSV at C:\Users\armin\OneDrive\Desktop\Developer\MHIngestion\data\Mental_Health_DB.csv
14288 - 16-Feb-26 16:07:00 - ingestion.Reader - Read 10404 rows from C:\Users\armin\OneDrive\Desktop\Developer\MHIngestion\data\Mental_Health_DB.csv
14288 - 16-Feb-26 16:07:00 - ingestion.Validator - Normalized columns: ['indicator', 'group', 'state', 'subgroup', 'phase', 'time_period', 'time_period_label', 'time_period_start_date', 'time_period_end_date', 'value', 'lowci', 'highci', 'confidence_interval', 'quartile_range', 'suppression_flag']
14288 - 16-Feb-26 16:07:01 - ingestion.Validator - Successfully validated 9914 rows
14288 - 16-Feb-26 16:07:01 - ingestion.Validator - Rejected 490 rows
14288 - 16-Feb-26 16:07:01 - ingestion.Cleaner - Starting data cleaning step
14288 - 16-Feb-26 16:07:01 - ingestion.Cleaner - Removed 0 duplicate rows
14288 - 16-Feb-26 16:07:01 - ingestion.Cleaner - Converted column 'phase' to numeric
14288 - 16-Feb-26 16:07:01 - ingestion.Cleaner - Converted column 'value' to numeric
14288 - 16-Feb-26 16:07:01 - ingestion.Cleaner - Converted column 'lowci' to numeric
14288 - 16-Feb-26 16:07:01 - ingestion.Cleaner - Converted column 'highci' to numeric
14288 - 16-Feb-26 16:07:01 - ingestion.Cleaner - Converted 'time_period' to nullable Int64
14288 - 16-Feb-26 16:07:01 - ingestion.Cleaner - Converted 'time_period_start_date' to datetime
14288 - 16-Feb-26 16:07:01 - ingestion.Cleaner - Converted 'time_period_end_date' to datetime
14288 - 16-Feb-26 16:07:01 - ingestion.Cleaner - Converted 'indicator' to string
14288 - 16-Feb-26 16:07:01 - ingestion.Cleaner - Converted 'group' to string
14288 - 16-Feb-26 16:07:01 - ingestion.Cleaner - Converted 'state' to string
14288 - 16-Feb-26 16:07:01 - ingestion.Cleaner - Converted 'subgroup' to string
14288 - 16-Feb-26 16:07:01 - ingestion.Cleaner - Converted 'time_period_label' to string
14288 - 16-Feb-26 16:07:01 - ingestion.Cleaner - Converted 'confidence_interval' to string
14288 - 16-Feb-26 16:07:01 - ingestion.Cleaner - Converted 'quartile_range' to string
14288 - 16-Feb-26 16:07:01 - ingestion.Cleaner - Completed data cleaning.
14288 - 16-Feb-26 16:07:01 - ingestion.Cleaner - Starting data cleaning step
14288 - 16-Feb-26 16:07:01 - ingestion.Cleaner - Removed 0 duplicate rows
14288 - 16-Feb-26 16:07:01 - ingestion.Cleaner - Converted column 'phase' to numeric
14288 - 16-Feb-26 16:07:01 - ingestion.Cleaner - Converted column 'value' to numeric
14288 - 16-Feb-26 16:07:01 - ingestion.Cleaner - Converted column 'lowci' to numeric
14288 - 16-Feb-26 16:07:01 - ingestion.Cleaner - Converted column 'highci' to numeric
14288 - 16-Feb-26 16:07:01 - ingestion.Cleaner - Converted 'time_period' to nullable Int64
14288 - 16-Feb-26 16:07:01 - ingestion.Cleaner - Converted 'time_period_start_date' to datetime
14288 - 16-Feb-26 16:07:01 - ingestion.Cleaner - Converted 'time_period_end_date' to datetime
14288 - 16-Feb-26 16:07:01 - ingestion.Cleaner - Converted 'indicator' to string
14288 - 16-Feb-26 16:07:01 - ingestion.Cleaner - Converted 'group' to string
14288 - 16-Feb-26 16:07:01 - ingestion.Cleaner - Converted 'state' to string
14288 - 16-Feb-26 16:07:01 - ingestion.Cleaner - Converted 'subgroup' to string
14288 - 16-Feb-26 16:07:01 - ingestion.Cleaner - Converted 'time_period_label' to string
14288 - 16-Feb-26 16:07:01 - ingestion.Cleaner - Converted 'confidence_interval' to string
14288 - 16-Feb-26 16:07:01 - ingestion.Cleaner - Converted 'quartile_range' to string
14288 - 16-Feb-26 16:07:01 - ingestion.Cleaner - Converted suppression_flag to numeric
14288 - 16-Feb-26 16:07:01 - ingestion.Cleaner - Converted rejection_reason to string
14288 - 16-Feb-26 16:07:01 - ingestion.Cleaner - Completed data cleaning.
14288 - 16-Feb-26 16:07:01 - DBlogger - Successfully connected to database
14288 - 16-Feb-26 16:07:02 - DBlogger - Succesfully inserted 9914 rows into database
14288 - 16-Feb-26 16:07:02 - DBlogger - Succesfully inserted 490 rows into rejected database
3820 - 16-Feb-26 16:09:42 - main - Ingestion pipeline starting
3820 - 16-Feb-26 16:09:42 - ingestion.Reader - Attempting to read CSV at C:\Users\armin\OneDrive\Desktop\Developer\MHIngestion\data\Mental_Health_DB.csv
3820 - 16-Feb-26 16:09:42 - ingestion.Reader - Read 10404 rows from C:\Users\armin\OneDrive\Desktop\Developer\MHIngestion\data\Mental_Health_DB.csv
3820 - 16-Feb-26 16:09:42 - ingestion.Validator - Normalized columns: ['indicator', 'group', 'state', 'subgroup', 'phase', 'time_period', 'time_period_label', 'time_period_start_date', 'time_period_end_date', 'value', 'lowci', 'highci', 'confidence_interval', 'quartile_range', 'suppression_flag']
3820 - 16-Feb-26 16:09:42 - ingestion.Validator - Successfully validated 9914 rows
3820 - 16-Feb-26 16:09:42 - ingestion.Validator - Rejected 490 rows
3820 - 16-Feb-26 16:09:42 - ingestion.Cleaner - Starting data cleaning step
3820 - 16-Feb-26 16:09:42 - ingestion.Cleaner - Removed 0 duplicate rows
3820 - 16-Feb-26 16:09:42 - ingestion.Cleaner - Converted column 'phase' to numeric
3820 - 16-Feb-26 16:09:42 - ingestion.Cleaner - Converted column 'value' to numeric
3820 - 16-Feb-26 16:09:42 - ingestion.Cleaner - Converted column 'lowci' to numeric
3820 - 16-Feb-26 16:09:42 - ingestion.Cleaner - Converted column 'highci' to numeric
3820 - 16-Feb-26 16:09:42 - ingestion.Cleaner - Converted 'time_period' to nullable Int64
3820 - 16-Feb-26 16:09:42 - ingestion.Cleaner - Converted 'time_period_start_date' to datetime
3820 - 16-Feb-26 16:09:42 - ingestion.Cleaner - Converted 'time_period_end_date' to datetime
3820 - 16-Feb-26 16:09:42 - ingestion.Cleaner - Converted 'indicator' to string
3820 - 16-Feb-26 16:09:42 - ingestion.Cleaner - Converted 'group' to string
3820 - 16-Feb-26 16:09:42 - ingestion.Cleaner - Converted 'state' to string
3820 - 16-Feb-26 16:09:42 - ingestion.Cleaner - Converted 'subgroup' to string
3820 - 16-Feb-26 16:09:42 - ingestion.Cleaner - Converted 'time_period_label' to string
3820 - 16-Feb-26 16:09:42 - ingestion.Cleaner - Converted 'confidence_interval' to string
3820 - 16-Feb-26 16:09:42 - ingestion.Cleaner - Converted 'quartile_range' to string
3820 - 16-Feb-26 16:09:42 - ingestion.Cleaner - Completed data cleaning.
3820 - 16-Feb-26 16:09:42 - ingestion.Cleaner - Starting data cleaning step
3820 - 16-Feb-26 16:09:42 - ingestion.Cleaner - Removed 0 duplicate rows
3820 - 16-Feb-26 16:09:42 - ingestion.Cleaner - Converted column 'phase' to numeric
3820 - 16-Feb-26 16:09:42 - ingestion.Cleaner - Converted column 'value' to numeric
3820 - 16-Feb-26 16:09:42 - ingestion.Cleaner - Converted column 'lowci' to numeric
3820 - 16-Feb-26 16:09:42 - ingestion.Cleaner - Converted column 'highci' to numeric
3820 - 16-Feb-26 16:09:42 - ingestion.Cleaner - Converted 'time_period' to nullable Int64
3820 - 16-Feb-26 16:09:42 - ingestion.Cleaner - Converted 'time_period_start_date' to datetime
3820 - 16-Feb-26 16:09:42 - ingestion.Cleaner - Converted 'time_period_end_date' to datetime
3820 - 16-Feb-26 16:09:42 - ingestion.Cleaner - Converted 'indicator' to string
3820 - 16-Feb-26 16:09:42 - ingestion.Cleaner - Converted 'group' to string
3820 - 16-Feb-26 16:09:42 - ingestion.Cleaner - Converted 'state' to string
3820 - 16-Feb-26 16:09:42 - ingestion.Cleaner - Converted 'subgroup' to string
3820 - 16-Feb-26 16:09:42 - ingestion.Cleaner - Converted 'time_period_label' to string
3820 - 16-Feb-26 16:09:42 - ingestion.Cleaner - Converted 'confidence_interval' to string
3820 - 16-Feb-26 16:09:42 - ingestion.Cleaner - Converted 'quartile_range' to string
3820 - 16-Feb-26 16:09:42 - ingestion.Cleaner - Converted suppression_flag to numeric
3820 - 16-Feb-26 16:09:42 - ingestion.Cleaner - Converted rejection_reason to string
3820 - 16-Feb-26 16:09:42 - ingestion.Cleaner - Completed data cleaning.
3820 - 16-Feb-26 16:09:43 - DBlogger - Successfully connected to database
3820 - 16-Feb-26 16:09:43 - DBlogger - Succesfully inserted 9914 rows into database
3820 - 16-Feb-26 16:09:43 - DBlogger - Succesfully inserted 490 rows into rejected database
18688 - 16-Feb-26 16:10:12 - main - Ingestion pipeline starting
18688 - 16-Feb-26 16:10:12 - ingestion.Reader - Attempting to read CSV at C:\Users\armin\OneDrive\Desktop\Developer\MHIngestion\data\Mental_Health_DB.csv
18688 - 16-Feb-26 16:10:12 - ingestion.Reader - Read 10404 rows from C:\Users\armin\OneDrive\Desktop\Developer\MHIngestion\data\Mental_Health_DB.csv
18688 - 16-Feb-26 16:10:12 - ingestion.Validator - Normalized columns: ['indicator', 'group', 'state', 'subgroup', 'phase', 'time_period', 'time_period_label', 'time_period_start_date', 'time_period_end_date', 'value', 'lowci', 'highci', 'confidence_interval', 'quartile_range', 'suppression_flag']
18688 - 16-Feb-26 16:10:12 - ingestion.Validator - Successfully validated 9914 rows
18688 - 16-Feb-26 16:10:12 - ingestion.Validator - Rejected 490 rows
18688 - 16-Feb-26 16:10:12 - ingestion.Cleaner - Starting data cleaning step
18688 - 16-Feb-26 16:10:12 - ingestion.Cleaner - Removed 0 duplicate rows
18688 - 16-Feb-26 16:10:12 - ingestion.Cleaner - Converted column 'phase' to numeric
18688 - 16-Feb-26 16:10:12 - ingestion.Cleaner - Converted column 'value' to numeric
18688 - 16-Feb-26 16:10:12 - ingestion.Cleaner - Converted column 'lowci' to numeric
18688 - 16-Feb-26 16:10:12 - ingestion.Cleaner - Converted column 'highci' to numeric
18688 - 16-Feb-26 16:10:12 - ingestion.Cleaner - Converted 'time_period' to nullable Int64
18688 - 16-Feb-26 16:10:12 - ingestion.Cleaner - Converted 'time_period_start_date' to datetime
18688 - 16-Feb-26 16:10:12 - ingestion.Cleaner - Converted 'time_period_end_date' to datetime
18688 - 16-Feb-26 16:10:12 - ingestion.Cleaner - Converted 'indicator' to string
18688 - 16-Feb-26 16:10:12 - ingestion.Cleaner - Converted 'group' to string
18688 - 16-Feb-26 16:10:12 - ingestion.Cleaner - Converted 'state' to string
18688 - 16-Feb-26 16:10:12 - ingestion.Cleaner - Converted 'subgroup' to string
18688 - 16-Feb-26 16:10:12 - ingestion.Cleaner - Converted 'time_period_label' to string
18688 - 16-Feb-26 16:10:12 - ingestion.Cleaner - Converted 'confidence_interval' to string
18688 - 16-Feb-26 16:10:12 - ingestion.Cleaner - Converted 'quartile_range' to string
18688 - 16-Feb-26 16:10:12 - ingestion.Cleaner - Completed data cleaning.
18688 - 16-Feb-26 16:10:12 - ingestion.Cleaner - Starting data cleaning step
18688 - 16-Feb-26 16:10:12 - ingestion.Cleaner - Removed 0 duplicate rows
18688 - 16-Feb-26 16:10:12 - ingestion.Cleaner - Converted column 'phase' to numeric
18688 - 16-Feb-26 16:10:12 - ingestion.Cleaner - Converted column 'value' to numeric
18688 - 16-Feb-26 16:10:12 - ingestion.Cleaner - Converted column 'lowci' to numeric
18688 - 16-Feb-26 16:10:12 - ingestion.Cleaner - Converted column 'highci' to numeric
18688 - 16-Feb-26 16:10:12 - ingestion.Cleaner - Converted 'time_period' to nullable Int64
18688 - 16-Feb-26 16:10:12 - ingestion.Cleaner - Converted 'time_period_start_date' to datetime
18688 - 16-Feb-26 16:10:12 - ingestion.Cleaner - Converted 'time_period_end_date' to datetime
18688 - 16-Feb-26 16:10:12 - ingestion.Cleaner - Converted 'indicator' to string
18688 - 16-Feb-26 16:10:12 - ingestion.Cleaner - Converted 'group' to string
18688 - 16-Feb-26 16:10:12 - ingestion.Cleaner - Converted 'state' to string
18688 - 16-Feb-26 16:10:12 - ingestion.Cleaner - Converted 'subgroup' to string
18688 - 16-Feb-26 16:10:12 - ingestion.Cleaner - Converted 'time_period_label' to string
18688 - 16-Feb-26 16:10:12 - ingestion.Cleaner - Converted 'confidence_interval' to string
18688 - 16-Feb-26 16:10:12 - ingestion.Cleaner - Converted 'quartile_range' to string
18688 - 16-Feb-26 16:10:12 - ingestion.Cleaner - Converted suppression_flag to numeric
18688 - 16-Feb-26 16:10:12 - ingestion.Cleaner - Converted rejection_reason to string
18688 - 16-Feb-26 16:10:12 - ingestion.Cleaner - Completed data cleaning.
18688 - 16-Feb-26 16:10:13 - DBlogger - Successfully connected to database
18688 - 16-Feb-26 16:10:14 - DBlogger - Succesfully inserted 9914 rows into database
18688 - 16-Feb-26 16:10:14 - DBlogger - Succesfully inserted 490 rows into rejected database
23896 - 18-Feb-26 14:29:49 - main - Ingestion pipeline starting
23896 - 18-Feb-26 14:29:49 - ingestion.Reader - Attempting to read CSV at C:\Users\armin\OneDrive\Desktop\Developer\MHIngestion\data\Mental_Health_DB.csv
23896 - 18-Feb-26 14:29:49 - ingestion.Reader - Read 10404 rows from C:\Users\armin\OneDrive\Desktop\Developer\MHIngestion\data\Mental_Health_DB.csv
23896 - 18-Feb-26 14:29:49 - ingestion.Validator - Normalized columns: ['indicator', 'group', 'state', 'subgroup', 'phase', 'time_period', 'time_period_label', 'time_period_start_date', 'time_period_end_date', 'value', 'lowci', 'highci', 'confidence_interval', 'quartile_range', 'suppression_flag']
23896 - 18-Feb-26 14:29:49 - ingestion.Validator - Successfully validated 9914 rows
23896 - 18-Feb-26 14:29:49 - ingestion.Validator - Rejected 490 rows
23896 - 18-Feb-26 14:29:49 - ingestion.Cleaner - Starting data cleaning step
23896 - 18-Feb-26 14:29:49 - ingestion.Cleaner - Removed 0 duplicate rows
23896 - 18-Feb-26 14:29:49 - ingestion.Cleaner - Converted column 'phase' to numeric
23896 - 18-Feb-26 14:29:49 - ingestion.Cleaner - Converted column 'value' to numeric
23896 - 18-Feb-26 14:29:49 - ingestion.Cleaner - Converted column 'lowci' to numeric
23896 - 18-Feb-26 14:29:49 - ingestion.Cleaner - Converted column 'highci' to numeric
23896 - 18-Feb-26 14:29:49 - ingestion.Cleaner - Converted 'time_period' to nullable Int64
23896 - 18-Feb-26 14:29:49 - ingestion.Cleaner - Converted 'time_period_start_date' to datetime
23896 - 18-Feb-26 14:29:49 - ingestion.Cleaner - Converted 'time_period_end_date' to datetime
23896 - 18-Feb-26 14:29:49 - ingestion.Cleaner - Converted 'indicator' to string
23896 - 18-Feb-26 14:29:49 - ingestion.Cleaner - Converted 'group' to string
23896 - 18-Feb-26 14:29:49 - ingestion.Cleaner - Converted 'state' to string
23896 - 18-Feb-26 14:29:49 - ingestion.Cleaner - Converted 'subgroup' to string
23896 - 18-Feb-26 14:29:49 - ingestion.Cleaner - Converted 'time_period_label' to string
23896 - 18-Feb-26 14:29:49 - ingestion.Cleaner - Converted 'confidence_interval' to string
23896 - 18-Feb-26 14:29:49 - ingestion.Cleaner - Converted 'quartile_range' to string
23896 - 18-Feb-26 14:29:49 - ingestion.Cleaner - Completed data cleaning.
23896 - 18-Feb-26 14:29:49 - ingestion.Cleaner - Starting data cleaning step
23896 - 18-Feb-26 14:29:49 - ingestion.Cleaner - Removed 0 duplicate rows
23896 - 18-Feb-26 14:29:49 - ingestion.Cleaner - Converted column 'phase' to numeric
23896 - 18-Feb-26 14:29:49 - ingestion.Cleaner - Converted column 'value' to numeric
23896 - 18-Feb-26 14:29:49 - ingestion.Cleaner - Converted column 'lowci' to numeric
23896 - 18-Feb-26 14:29:49 - ingestion.Cleaner - Converted column 'highci' to numeric
23896 - 18-Feb-26 14:29:49 - ingestion.Cleaner - Converted 'time_period' to nullable Int64
23896 - 18-Feb-26 14:29:49 - ingestion.Cleaner - Converted 'time_period_start_date' to datetime
23896 - 18-Feb-26 14:29:49 - ingestion.Cleaner - Converted 'time_period_end_date' to datetime
23896 - 18-Feb-26 14:29:49 - ingestion.Cleaner - Converted 'indicator' to string
23896 - 18-Feb-26 14:29:49 - ingestion.Cleaner - Converted 'group' to string
23896 - 18-Feb-26 14:29:49 - ingestion.Cleaner - Converted 'state' to string
23896 - 18-Feb-26 14:29:49 - ingestion.Cleaner - Converted 'subgroup' to string
23896 - 18-Feb-26 14:29:49 - ingestion.Cleaner - Converted 'time_period_label' to string
23896 - 18-Feb-26 14:29:49 - ingestion.Cleaner - Converted 'confidence_interval' to string
23896 - 18-Feb-26 14:29:49 - ingestion.Cleaner - Converted 'quartile_range' to string
23896 - 18-Feb-26 14:29:49 - ingestion.Cleaner - Converted suppression_flag to numeric
23896 - 18-Feb-26 14:29:49 - ingestion.Cleaner - Converted rejection_reason to string
23896 - 18-Feb-26 14:29:49 - ingestion.Cleaner - Completed data cleaning.
23896 - 18-Feb-26 14:29:52 - DBlogger - Successfully connected to database
23896 - 18-Feb-26 14:29:53 - DBlogger - Succesfully inserted 9914 rows into database
23896 - 18-Feb-26 14:29:53 - DBlogger - Succesfully inserted 490 rows into rejected database
22892 - 18-Feb-26 14:33:38 - main - Ingestion pipeline starting
22892 - 18-Feb-26 14:33:38 - ingestion.Reader - Attempting to read CSV at C:\Users\armin\OneDrive\Desktop\Developer\MHIngestion\data\Mental_Health_DB.csv
22892 - 18-Feb-26 14:33:38 - ingestion.Reader - Read 10404 rows from C:\Users\armin\OneDrive\Desktop\Developer\MHIngestion\data\Mental_Health_DB.csv
22892 - 18-Feb-26 14:33:38 - ingestion.Validator - Normalized columns: ['indicator', 'group', 'state', 'subgroup', 'phase', 'time_period', 'time_period_label', 'time_period_start_date', 'time_period_end_date', 'value', 'lowci', 'highci', 'confidence_interval', 'quartile_range', 'suppression_flag']
22892 - 18-Feb-26 14:33:39 - ingestion.Validator - Successfully validated 9914 rows
22892 - 18-Feb-26 14:33:39 - ingestion.Validator - Rejected 490 rows
22892 - 18-Feb-26 14:33:39 - ingestion.Cleaner - Starting data cleaning step
22892 - 18-Feb-26 14:33:39 - ingestion.Cleaner - Removed 0 duplicate rows
22892 - 18-Feb-26 14:33:39 - ingestion.Cleaner - Converted column 'phase' to numeric
22892 - 18-Feb-26 14:33:39 - ingestion.Cleaner - Converted column 'value' to numeric
22892 - 18-Feb-26 14:33:39 - ingestion.Cleaner - Converted column 'lowci' to numeric
22892 - 18-Feb-26 14:33:39 - ingestion.Cleaner - Converted column 'highci' to numeric
22892 - 18-Feb-26 14:33:39 - ingestion.Cleaner - Converted 'time_period' to nullable Int64
22892 - 18-Feb-26 14:33:39 - ingestion.Cleaner - Converted 'time_period_start_date' to datetime
22892 - 18-Feb-26 14:33:39 - ingestion.Cleaner - Converted 'time_period_end_date' to datetime
22892 - 18-Feb-26 14:33:39 - ingestion.Cleaner - Converted 'indicator' to string
22892 - 18-Feb-26 14:33:39 - ingestion.Cleaner - Converted 'group' to string
22892 - 18-Feb-26 14:33:39 - ingestion.Cleaner - Converted 'state' to string
22892 - 18-Feb-26 14:33:39 - ingestion.Cleaner - Converted 'subgroup' to string
22892 - 18-Feb-26 14:33:39 - ingestion.Cleaner - Converted 'time_period_label' to string
22892 - 18-Feb-26 14:33:39 - ingestion.Cleaner - Converted 'confidence_interval' to string
22892 - 18-Feb-26 14:33:39 - ingestion.Cleaner - Converted 'quartile_range' to string
22892 - 18-Feb-26 14:33:39 - ingestion.Cleaner - Completed data cleaning.
22892 - 18-Feb-26 14:33:39 - ingestion.Cleaner - Starting data cleaning step
22892 - 18-Feb-26 14:33:39 - ingestion.Cleaner - Removed 0 duplicate rows
22892 - 18-Feb-26 14:33:39 - ingestion.Cleaner - Converted column 'phase' to numeric
22892 - 18-Feb-26 14:33:39 - ingestion.Cleaner - Converted column 'value' to numeric
22892 - 18-Feb-26 14:33:39 - ingestion.Cleaner - Converted column 'lowci' to numeric
22892 - 18-Feb-26 14:33:39 - ingestion.Cleaner - Converted column 'highci' to numeric
22892 - 18-Feb-26 14:33:39 - ingestion.Cleaner - Converted 'time_period' to nullable Int64
22892 - 18-Feb-26 14:33:39 - ingestion.Cleaner - Converted 'time_period_start_date' to datetime
22892 - 18-Feb-26 14:33:39 - ingestion.Cleaner - Converted 'time_period_end_date' to datetime
22892 - 18-Feb-26 14:33:39 - ingestion.Cleaner - Converted 'indicator' to string
22892 - 18-Feb-26 14:33:39 - ingestion.Cleaner - Converted 'group' to string
22892 - 18-Feb-26 14:33:39 - ingestion.Cleaner - Converted 'state' to string
22892 - 18-Feb-26 14:33:39 - ingestion.Cleaner - Converted 'subgroup' to string
22892 - 18-Feb-26 14:33:39 - ingestion.Cleaner - Converted 'time_period_label' to string
22892 - 18-Feb-26 14:33:39 - ingestion.Cleaner - Converted 'confidence_interval' to string
22892 - 18-Feb-26 14:33:39 - ingestion.Cleaner - Converted 'quartile_range' to string
22892 - 18-Feb-26 14:33:39 - ingestion.Cleaner - Converted suppression_flag to numeric
22892 - 18-Feb-26 14:33:39 - ingestion.Cleaner - Converted rejection_reason to string
22892 - 18-Feb-26 14:33:39 - ingestion.Cleaner - Completed data cleaning.
22892 - 18-Feb-26 14:33:39 - DBlogger - Successfully connected to database
22892 - 18-Feb-26 14:33:40 - DBlogger - Succesfully inserted 9914 rows into database
22892 - 18-Feb-26 14:33:40 - DBlogger - Succesfully inserted 490 rows into rejected database
22892 - 18-Feb-26 14:33:41 - DBlogger - Successfully closed DB connection
24760 - 18-Feb-26 14:36:02 - main - Ingestion pipeline starting
24760 - 18-Feb-26 14:36:02 - ingestion.Reader - Attempting to read CSV at C:\Users\armin\OneDrive\Desktop\Developer\MHIngestion\data\Mental_Health_DB.csv
24760 - 18-Feb-26 14:36:02 - ingestion.Reader - Read 10404 rows from C:\Users\armin\OneDrive\Desktop\Developer\MHIngestion\data\Mental_Health_DB.csv
24760 - 18-Feb-26 14:36:02 - ingestion.Validator - Normalized columns: ['indicator', 'group', 'state', 'subgroup', 'phase', 'time_period', 'time_period_label', 'time_period_start_date', 'time_period_end_date', 'value', 'lowci', 'highci', 'confidence_interval', 'quartile_range', 'suppression_flag']
24760 - 18-Feb-26 14:36:02 - ingestion.Validator - Successfully validated 9914 rows
24760 - 18-Feb-26 14:36:02 - ingestion.Validator - Rejected 490 rows
24760 - 18-Feb-26 14:36:02 - ingestion.Cleaner - Starting data cleaning step
24760 - 18-Feb-26 14:36:02 - ingestion.Cleaner - Removed 0 duplicate rows
24760 - 18-Feb-26 14:36:02 - ingestion.Cleaner - Converted column 'phase' to numeric
24760 - 18-Feb-26 14:36:02 - ingestion.Cleaner - Converted column 'value' to numeric
24760 - 18-Feb-26 14:36:02 - ingestion.Cleaner - Converted column 'lowci' to numeric
24760 - 18-Feb-26 14:36:02 - ingestion.Cleaner - Converted column 'highci' to numeric
24760 - 18-Feb-26 14:36:02 - ingestion.Cleaner - Converted 'time_period' to nullable Int64
24760 - 18-Feb-26 14:36:02 - ingestion.Cleaner - Converted 'time_period_start_date' to datetime
24760 - 18-Feb-26 14:36:02 - ingestion.Cleaner - Converted 'time_period_end_date' to datetime
24760 - 18-Feb-26 14:36:02 - ingestion.Cleaner - Converted 'indicator' to string
24760 - 18-Feb-26 14:36:02 - ingestion.Cleaner - Converted 'group' to string
24760 - 18-Feb-26 14:36:02 - ingestion.Cleaner - Converted 'state' to string
24760 - 18-Feb-26 14:36:02 - ingestion.Cleaner - Converted 'subgroup' to string
24760 - 18-Feb-26 14:36:02 - ingestion.Cleaner - Converted 'time_period_label' to string
24760 - 18-Feb-26 14:36:02 - ingestion.Cleaner - Converted 'confidence_interval' to string
24760 - 18-Feb-26 14:36:02 - ingestion.Cleaner - Converted 'quartile_range' to string
24760 - 18-Feb-26 14:36:02 - ingestion.Cleaner - Completed data cleaning.
24760 - 18-Feb-26 14:36:02 - ingestion.Cleaner - Starting data cleaning step
24760 - 18-Feb-26 14:36:02 - ingestion.Cleaner - Removed 0 duplicate rows
24760 - 18-Feb-26 14:36:02 - ingestion.Cleaner - Converted column 'phase' to numeric
24760 - 18-Feb-26 14:36:02 - ingestion.Cleaner - Converted column 'value' to numeric
24760 - 18-Feb-26 14:36:02 - ingestion.Cleaner - Converted column 'lowci' to numeric
24760 - 18-Feb-26 14:36:02 - ingestion.Cleaner - Converted column 'highci' to numeric
24760 - 18-Feb-26 14:36:02 - ingestion.Cleaner - Converted 'time_period' to nullable Int64
24760 - 18-Feb-26 14:36:02 - ingestion.Cleaner - Converted 'time_period_start_date' to datetime
24760 - 18-Feb-26 14:36:02 - ingestion.Cleaner - Converted 'time_period_end_date' to datetime
24760 - 18-Feb-26 14:36:02 - ingestion.Cleaner - Converted 'indicator' to string
24760 - 18-Feb-26 14:36:02 - ingestion.Cleaner - Converted 'group' to string
24760 - 18-Feb-26 14:36:02 - ingestion.Cleaner - Converted 'state' to string
24760 - 18-Feb-26 14:36:02 - ingestion.Cleaner - Converted 'subgroup' to string
24760 - 18-Feb-26 14:36:02 - ingestion.Cleaner - Converted 'time_period_label' to string
24760 - 18-Feb-26 14:36:02 - ingestion.Cleaner - Converted 'confidence_interval' to string
24760 - 18-Feb-26 14:36:02 - ingestion.Cleaner - Converted 'quartile_range' to string
24760 - 18-Feb-26 14:36:02 - ingestion.Cleaner - Converted suppression_flag to numeric
24760 - 18-Feb-26 14:36:02 - ingestion.Cleaner - Converted rejection_reason to string
24760 - 18-Feb-26 14:36:02 - ingestion.Cleaner - Completed data cleaning.
24760 - 18-Feb-26 14:36:03 - DBlogger - Successfully connected to database
24760 - 18-Feb-26 14:36:04 - DBlogger - Succesfully inserted 9914 rows into database
24760 - 18-Feb-26 14:36:04 - DBlogger - Succesfully inserted 490 rows into rejected database
24760 - 18-Feb-26 14:36:05 - DBlogger - Successfully closed DB connection
7852 - 18-Feb-26 15:04:22 - main - Ingestion pipeline starting
7852 - 18-Feb-26 15:04:22 - ingestion.Reader - Attempting to read CSV at C:\Users\armin\OneDrive\Desktop\Developer\MHIngestion\data\Mental_Health_DB.csv
7852 - 18-Feb-26 15:04:22 - ingestion.Reader - Read 10404 rows from C:\Users\armin\OneDrive\Desktop\Developer\MHIngestion\data\Mental_Health_DB.csv
7852 - 18-Feb-26 15:04:22 - ingestion.Validator - Normalized columns: ['indicator', 'group', 'state', 'subgroup', 'phase', 'time_period', 'time_period_label', 'time_period_start_date', 'time_period_end_date', 'value', 'lowci', 'highci', 'confidence_interval', 'quartile_range', 'suppression_flag']
7852 - 18-Feb-26 15:04:22 - ingestion.Validator - Successfully validated 9914 rows
7852 - 18-Feb-26 15:04:22 - ingestion.Validator - Rejected 490 rows
7852 - 18-Feb-26 15:04:22 - ingestion.Cleaner - Starting data cleaning step
7852 - 18-Feb-26 15:04:22 - ingestion.Cleaner - Removed 0 duplicate rows
7852 - 18-Feb-26 15:04:22 - ingestion.Cleaner - Converted column 'phase' to numeric
7852 - 18-Feb-26 15:04:22 - ingestion.Cleaner - Converted column 'value' to numeric
7852 - 18-Feb-26 15:04:22 - ingestion.Cleaner - Converted column 'lowci' to numeric
7852 - 18-Feb-26 15:04:22 - ingestion.Cleaner - Converted column 'highci' to numeric
7852 - 18-Feb-26 15:04:22 - ingestion.Cleaner - Converted 'time_period' to nullable Int64
7852 - 18-Feb-26 15:04:22 - ingestion.Cleaner - Converted 'time_period_start_date' to datetime
7852 - 18-Feb-26 15:04:22 - ingestion.Cleaner - Converted 'time_period_end_date' to datetime
7852 - 18-Feb-26 15:04:22 - ingestion.Cleaner - Converted 'indicator' to string
7852 - 18-Feb-26 15:04:22 - ingestion.Cleaner - Converted 'group' to string
7852 - 18-Feb-26 15:04:22 - ingestion.Cleaner - Converted 'state' to string
7852 - 18-Feb-26 15:04:22 - ingestion.Cleaner - Converted 'subgroup' to string
7852 - 18-Feb-26 15:04:22 - ingestion.Cleaner - Converted 'time_period_label' to string
7852 - 18-Feb-26 15:04:22 - ingestion.Cleaner - Converted 'confidence_interval' to string
7852 - 18-Feb-26 15:04:22 - ingestion.Cleaner - Converted 'quartile_range' to string
7852 - 18-Feb-26 15:04:22 - ingestion.Cleaner - Completed data cleaning.
7852 - 18-Feb-26 15:04:22 - ingestion.Cleaner - Starting data cleaning step
7852 - 18-Feb-26 15:04:22 - ingestion.Cleaner - Removed 0 duplicate rows
7852 - 18-Feb-26 15:04:22 - ingestion.Cleaner - Converted column 'phase' to numeric
7852 - 18-Feb-26 15:04:22 - ingestion.Cleaner - Converted column 'value' to numeric
7852 - 18-Feb-26 15:04:22 - ingestion.Cleaner - Converted column 'lowci' to numeric
7852 - 18-Feb-26 15:04:22 - ingestion.Cleaner - Converted column 'highci' to numeric
7852 - 18-Feb-26 15:04:22 - ingestion.Cleaner - Converted 'time_period' to nullable Int64
7852 - 18-Feb-26 15:04:22 - ingestion.Cleaner - Converted 'time_period_start_date' to datetime
7852 - 18-Feb-26 15:04:22 - ingestion.Cleaner - Converted 'time_period_end_date' to datetime
7852 - 18-Feb-26 15:04:22 - ingestion.Cleaner - Converted 'indicator' to string
7852 - 18-Feb-26 15:04:22 - ingestion.Cleaner - Converted 'group' to string
7852 - 18-Feb-26 15:04:22 - ingestion.Cleaner - Converted 'state' to string
7852 - 18-Feb-26 15:04:22 - ingestion.Cleaner - Converted 'subgroup' to string
7852 - 18-Feb-26 15:04:22 - ingestion.Cleaner - Converted 'time_period_label' to string
7852 - 18-Feb-26 15:04:22 - ingestion.Cleaner - Converted 'confidence_interval' to string
7852 - 18-Feb-26 15:04:22 - ingestion.Cleaner - Converted 'quartile_range' to string
7852 - 18-Feb-26 15:04:22 - ingestion.Cleaner - Converted suppression_flag to numeric
7852 - 18-Feb-26 15:04:22 - ingestion.Cleaner - Converted rejection_reason to string
7852 - 18-Feb-26 15:04:22 - ingestion.Cleaner - Completed data cleaning.
7852 - 18-Feb-26 15:04:24 - DBlogger - Successfully connected to database
7852 - 18-Feb-26 15:04:25 - DBlogger - Succesfully inserted 9914 rows into database
7852 - 18-Feb-26 15:04:25 - DBlogger - Succesfully inserted 490 rows into rejected database
7852 - 18-Feb-26 15:04:25 - DBlogger - Successfully closed DB connection
24016 - 19-Feb-26 14:12:20 - main - Ingestion pipeline starting
24016 - 19-Feb-26 14:12:20 - ingestion.Reader - Attempting to read CSV at C:\Users\armin\OneDrive\Desktop\Developer\MHIngestion\data\Mental_Health_DB.csv
24016 - 19-Feb-26 14:12:20 - ingestion.Reader - Read 10404 rows from C:\Users\armin\OneDrive\Desktop\Developer\MHIngestion\data\Mental_Health_DB.csv
24016 - 19-Feb-26 14:12:20 - ingestion.Validator - Normalized columns: ['indicator', 'group', 'state', 'subgroup', 'phase', 'time_period', 'time_period_label', 'time_period_start_date', 'time_period_end_date', 'value', 'lowci', 'highci', 'confidence_interval', 'quartile_range', 'suppression_flag']
24016 - 19-Feb-26 14:12:21 - ingestion.Validator - Successfully validated 9914 rows
24016 - 19-Feb-26 14:12:21 - ingestion.Validator - Rejected 490 rows
24016 - 19-Feb-26 14:12:21 - ingestion.Cleaner - Starting data cleaning step
24016 - 19-Feb-26 14:12:21 - ingestion.Cleaner - Removed 0 duplicate rows
24016 - 19-Feb-26 14:12:21 - ingestion.Cleaner - Converted column 'phase' to numeric
24016 - 19-Feb-26 14:12:21 - ingestion.Cleaner - Converted column 'value' to numeric
24016 - 19-Feb-26 14:12:21 - ingestion.Cleaner - Converted column 'lowci' to numeric
24016 - 19-Feb-26 14:12:21 - ingestion.Cleaner - Converted column 'highci' to numeric
24016 - 19-Feb-26 14:12:21 - ingestion.Cleaner - Converted 'time_period' to nullable Int64
24016 - 19-Feb-26 14:12:21 - ingestion.Cleaner - Converted 'time_period_start_date' to datetime
24016 - 19-Feb-26 14:12:21 - ingestion.Cleaner - Converted 'time_period_end_date' to datetime
24016 - 19-Feb-26 14:12:21 - ingestion.Cleaner - Converted 'indicator' to string
24016 - 19-Feb-26 14:12:21 - ingestion.Cleaner - Converted 'group' to string
24016 - 19-Feb-26 14:12:21 - ingestion.Cleaner - Converted 'state' to string
24016 - 19-Feb-26 14:12:21 - ingestion.Cleaner - Converted 'subgroup' to string
24016 - 19-Feb-26 14:12:21 - ingestion.Cleaner - Converted 'time_period_label' to string
24016 - 19-Feb-26 14:12:21 - ingestion.Cleaner - Converted 'confidence_interval' to string
24016 - 19-Feb-26 14:12:21 - ingestion.Cleaner - Converted 'quartile_range' to string
24016 - 19-Feb-26 14:12:21 - ingestion.Cleaner - Completed data cleaning.
24016 - 19-Feb-26 14:12:21 - ingestion.Cleaner - Starting data cleaning step
24016 - 19-Feb-26 14:12:21 - ingestion.Cleaner - Removed 0 duplicate rows
24016 - 19-Feb-26 14:12:21 - ingestion.Cleaner - Converted column 'phase' to numeric
24016 - 19-Feb-26 14:12:21 - ingestion.Cleaner - Converted column 'value' to numeric
24016 - 19-Feb-26 14:12:21 - ingestion.Cleaner - Converted column 'lowci' to numeric
24016 - 19-Feb-26 14:12:21 - ingestion.Cleaner - Converted column 'highci' to numeric
24016 - 19-Feb-26 14:12:21 - ingestion.Cleaner - Converted 'time_period' to nullable Int64
24016 - 19-Feb-26 14:12:21 - ingestion.Cleaner - Converted 'time_period_start_date' to datetime
24016 - 19-Feb-26 14:12:21 - ingestion.Cleaner - Converted 'time_period_end_date' to datetime
24016 - 19-Feb-26 14:12:21 - ingestion.Cleaner - Converted 'indicator' to string
24016 - 19-Feb-26 14:12:21 - ingestion.Cleaner - Converted 'group' to string
24016 - 19-Feb-26 14:12:21 - ingestion.Cleaner - Converted 'state' to string
24016 - 19-Feb-26 14:12:21 - ingestion.Cleaner - Converted 'subgroup' to string
24016 - 19-Feb-26 14:12:21 - ingestion.Cleaner - Converted 'time_period_label' to string
24016 - 19-Feb-26 14:12:21 - ingestion.Cleaner - Converted 'confidence_interval' to string
24016 - 19-Feb-26 14:12:21 - ingestion.Cleaner - Converted 'quartile_range' to string
24016 - 19-Feb-26 14:12:21 - ingestion.Cleaner - Converted suppression_flag to numeric
24016 - 19-Feb-26 14:12:21 - ingestion.Cleaner - Converted rejection_reason to string
24016 - 19-Feb-26 14:12:21 - ingestion.Cleaner - Completed data cleaning.
24016 - 19-Feb-26 14:12:22 - DBlogger - Successfully connected to database
24016 - 19-Feb-26 14:12:22 - DBlogger - Succesfully inserted 9914 rows into database
24016 - 19-Feb-26 14:12:22 - DBlogger - Succesfully inserted 490 rows into rejected database
24016 - 19-Feb-26 14:12:47 - DBlogger - Successfully closed DB connection
21924 - 19-Feb-26 14:15:37 - main - Ingestion pipeline starting
21924 - 19-Feb-26 14:15:37 - ingestion.Reader - Attempting to read CSV at C:\Users\armin\OneDrive\Desktop\Developer\MHIngestion\data\Mental_Health_DB.csv
21924 - 19-Feb-26 14:15:37 - ingestion.Reader - Read 10404 rows from C:\Users\armin\OneDrive\Desktop\Developer\MHIngestion\data\Mental_Health_DB.csv
21924 - 19-Feb-26 14:15:37 - ingestion.Validator - Normalized columns: ['indicator', 'group', 'state', 'subgroup', 'phase', 'time_period', 'time_period_label', 'time_period_start_date', 'time_period_end_date', 'value', 'lowci', 'highci', 'confidence_interval', 'quartile_range', 'suppression_flag']
21924 - 19-Feb-26 14:15:38 - ingestion.Validator - Successfully validated 9914 rows
21924 - 19-Feb-26 14:15:38 - ingestion.Validator - Rejected 490 rows
21924 - 19-Feb-26 14:15:38 - ingestion.Cleaner - Starting data cleaning step
21924 - 19-Feb-26 14:15:38 - ingestion.Cleaner - Removed 0 duplicate rows
21924 - 19-Feb-26 14:15:38 - ingestion.Cleaner - Converted column 'phase' to numeric
21924 - 19-Feb-26 14:15:38 - ingestion.Cleaner - Converted column 'value' to numeric
21924 - 19-Feb-26 14:15:38 - ingestion.Cleaner - Converted column 'lowci' to numeric
21924 - 19-Feb-26 14:15:38 - ingestion.Cleaner - Converted column 'highci' to numeric
21924 - 19-Feb-26 14:15:38 - ingestion.Cleaner - Converted 'time_period' to nullable Int64
21924 - 19-Feb-26 14:15:38 - ingestion.Cleaner - Converted 'time_period_start_date' to datetime
21924 - 19-Feb-26 14:15:38 - ingestion.Cleaner - Converted 'time_period_end_date' to datetime
21924 - 19-Feb-26 14:15:38 - ingestion.Cleaner - Converted 'indicator' to string
21924 - 19-Feb-26 14:15:38 - ingestion.Cleaner - Converted 'group' to string
21924 - 19-Feb-26 14:15:38 - ingestion.Cleaner - Converted 'state' to string
21924 - 19-Feb-26 14:15:38 - ingestion.Cleaner - Converted 'subgroup' to string
21924 - 19-Feb-26 14:15:38 - ingestion.Cleaner - Converted 'time_period_label' to string
21924 - 19-Feb-26 14:15:38 - ingestion.Cleaner - Converted 'confidence_interval' to string
21924 - 19-Feb-26 14:15:38 - ingestion.Cleaner - Converted 'quartile_range' to string
21924 - 19-Feb-26 14:15:38 - ingestion.Cleaner - Completed data cleaning.
21924 - 19-Feb-26 14:15:38 - ingestion.Cleaner - Starting data cleaning step
21924 - 19-Feb-26 14:15:38 - ingestion.Cleaner - Removed 0 duplicate rows
21924 - 19-Feb-26 14:15:38 - ingestion.Cleaner - Converted column 'phase' to numeric
21924 - 19-Feb-26 14:15:38 - ingestion.Cleaner - Converted column 'value' to numeric
21924 - 19-Feb-26 14:15:38 - ingestion.Cleaner - Converted column 'lowci' to numeric
21924 - 19-Feb-26 14:15:38 - ingestion.Cleaner - Converted column 'highci' to numeric
21924 - 19-Feb-26 14:15:38 - ingestion.Cleaner - Converted 'time_period' to nullable Int64
21924 - 19-Feb-26 14:15:38 - ingestion.Cleaner - Converted 'time_period_start_date' to datetime
21924 - 19-Feb-26 14:15:38 - ingestion.Cleaner - Converted 'time_period_end_date' to datetime
21924 - 19-Feb-26 14:15:38 - ingestion.Cleaner - Converted 'indicator' to string
21924 - 19-Feb-26 14:15:38 - ingestion.Cleaner - Converted 'group' to string
21924 - 19-Feb-26 14:15:38 - ingestion.Cleaner - Converted 'state' to string
21924 - 19-Feb-26 14:15:38 - ingestion.Cleaner - Converted 'subgroup' to string
21924 - 19-Feb-26 14:15:38 - ingestion.Cleaner - Converted 'time_period_label' to string
21924 - 19-Feb-26 14:15:38 - ingestion.Cleaner - Converted 'confidence_interval' to string
21924 - 19-Feb-26 14:15:38 - ingestion.Cleaner - Converted 'quartile_range' to string
21924 - 19-Feb-26 14:15:38 - ingestion.Cleaner - Converted suppression_flag to numeric
21924 - 19-Feb-26 14:15:38 - ingestion.Cleaner - Converted rejection_reason to string
21924 - 19-Feb-26 14:15:38 - ingestion.Cleaner - Completed data cleaning.
21924 - 19-Feb-26 14:15:38 - DBlogger - Successfully connected to database
21924 - 19-Feb-26 14:15:39 - DBlogger - Succesfully inserted 9914 rows into database
21924 - 19-Feb-26 14:15:39 - DBlogger - Succesfully inserted 490 rows into rejected database
17300 - 19-Feb-26 14:20:46 - main - Ingestion pipeline starting
17300 - 19-Feb-26 14:20:46 - ingestion.Reader - Attempting to read CSV at C:\Users\armin\OneDrive\Desktop\Developer\MHIngestion\data\Mental_Health_DB.csv
17300 - 19-Feb-26 14:20:46 - ingestion.Reader - Read 10404 rows from C:\Users\armin\OneDrive\Desktop\Developer\MHIngestion\data\Mental_Health_DB.csv
17300 - 19-Feb-26 14:20:46 - ingestion.Validator - Normalized columns: ['indicator', 'group', 'state', 'subgroup', 'phase', 'time_period', 'time_period_label', 'time_period_start_date', 'time_period_end_date', 'value', 'lowci', 'highci', 'confidence_interval', 'quartile_range', 'suppression_flag']
17300 - 19-Feb-26 14:20:46 - ingestion.Validator - Successfully validated 9914 rows
17300 - 19-Feb-26 14:20:46 - ingestion.Validator - Rejected 490 rows
17300 - 19-Feb-26 14:20:46 - ingestion.Cleaner - Starting data cleaning step
17300 - 19-Feb-26 14:20:46 - ingestion.Cleaner - Removed 0 duplicate rows
17300 - 19-Feb-26 14:20:46 - ingestion.Cleaner - Converted column 'phase' to numeric
17300 - 19-Feb-26 14:20:46 - ingestion.Cleaner - Converted column 'value' to numeric
17300 - 19-Feb-26 14:20:46 - ingestion.Cleaner - Converted column 'lowci' to numeric
17300 - 19-Feb-26 14:20:46 - ingestion.Cleaner - Converted column 'highci' to numeric
17300 - 19-Feb-26 14:20:46 - ingestion.Cleaner - Converted 'time_period' to nullable Int64
17300 - 19-Feb-26 14:20:46 - ingestion.Cleaner - Converted 'time_period_start_date' to datetime
17300 - 19-Feb-26 14:20:46 - ingestion.Cleaner - Converted 'time_period_end_date' to datetime
17300 - 19-Feb-26 14:20:46 - ingestion.Cleaner - Converted 'indicator' to string
17300 - 19-Feb-26 14:20:46 - ingestion.Cleaner - Converted 'group' to string
17300 - 19-Feb-26 14:20:46 - ingestion.Cleaner - Converted 'state' to string
17300 - 19-Feb-26 14:20:46 - ingestion.Cleaner - Converted 'subgroup' to string
17300 - 19-Feb-26 14:20:46 - ingestion.Cleaner - Converted 'time_period_label' to string
17300 - 19-Feb-26 14:20:46 - ingestion.Cleaner - Converted 'confidence_interval' to string
17300 - 19-Feb-26 14:20:46 - ingestion.Cleaner - Converted 'quartile_range' to string
17300 - 19-Feb-26 14:20:46 - ingestion.Cleaner - Completed data cleaning.
17300 - 19-Feb-26 14:20:46 - ingestion.Cleaner - Starting data cleaning step
17300 - 19-Feb-26 14:20:46 - ingestion.Cleaner - Removed 0 duplicate rows
17300 - 19-Feb-26 14:20:46 - ingestion.Cleaner - Converted column 'phase' to numeric
17300 - 19-Feb-26 14:20:46 - ingestion.Cleaner - Converted column 'value' to numeric
17300 - 19-Feb-26 14:20:46 - ingestion.Cleaner - Converted column 'lowci' to numeric
17300 - 19-Feb-26 14:20:46 - ingestion.Cleaner - Converted column 'highci' to numeric
17300 - 19-Feb-26 14:20:46 - ingestion.Cleaner - Converted 'time_period' to nullable Int64
17300 - 19-Feb-26 14:20:46 - ingestion.Cleaner - Converted 'time_period_start_date' to datetime
17300 - 19-Feb-26 14:20:46 - ingestion.Cleaner - Converted 'time_period_end_date' to datetime
17300 - 19-Feb-26 14:20:46 - ingestion.Cleaner - Converted 'indicator' to string
17300 - 19-Feb-26 14:20:46 - ingestion.Cleaner - Converted 'group' to string
17300 - 19-Feb-26 14:20:46 - ingestion.Cleaner - Converted 'state' to string
17300 - 19-Feb-26 14:20:46 - ingestion.Cleaner - Converted 'subgroup' to string
17300 - 19-Feb-26 14:20:46 - ingestion.Cleaner - Converted 'time_period_label' to string
17300 - 19-Feb-26 14:20:46 - ingestion.Cleaner - Converted 'confidence_interval' to string
17300 - 19-Feb-26 14:20:46 - ingestion.Cleaner - Converted 'quartile_range' to string
17300 - 19-Feb-26 14:20:46 - ingestion.Cleaner - Converted suppression_flag to numeric
17300 - 19-Feb-26 14:20:46 - ingestion.Cleaner - Converted rejection_reason to string
17300 - 19-Feb-26 14:20:46 - ingestion.Cleaner - Completed data cleaning.
17300 - 19-Feb-26 14:20:47 - DBlogger - Successfully connected to database
17300 - 19-Feb-26 14:20:48 - DBlogger - Succesfully inserted 9914 rows into database
17300 - 19-Feb-26 14:20:48 - DBlogger - Succesfully inserted 490 rows into rejected database
17300 - 19-Feb-26 14:21:01 - DBlogger - Successfully closed DB connection
25256 - 20-Feb-26 11:19:33 - main - Ingestion pipeline starting
25256 - 20-Feb-26 11:19:33 - ingestion.Reader - Attempting to read CSV at C:\Users\armin\OneDrive\Desktop\Developer\MHIngestion\data\Mental_Health_DB.csv
25256 - 20-Feb-26 11:19:33 - ingestion.Reader - Read 10404 rows from C:\Users\armin\OneDrive\Desktop\Developer\MHIngestion\data\Mental_Health_DB.csv
25256 - 20-Feb-26 11:19:33 - ingestion.Validator - Normalized columns: ['indicator', 'group', 'state', 'subgroup', 'phase', 'time_period', 'time_period_label', 'time_period_start_date', 'time_period_end_date', 'value', 'lowci', 'highci', 'confidence_interval', 'quartile_range', 'suppression_flag']
25256 - 20-Feb-26 11:19:34 - ingestion.Validator - Successfully validated 9914 rows
25256 - 20-Feb-26 11:19:34 - ingestion.Validator - Rejected 490 rows
25256 - 20-Feb-26 11:19:34 - ingestion.Cleaner - Starting data cleaning step
25256 - 20-Feb-26 11:19:34 - ingestion.Cleaner - Removed 0 duplicate rows
25256 - 20-Feb-26 11:19:34 - ingestion.Cleaner - Converted column 'phase' to numeric
25256 - 20-Feb-26 11:19:34 - ingestion.Cleaner - Converted column 'value' to numeric
25256 - 20-Feb-26 11:19:34 - ingestion.Cleaner - Converted column 'lowci' to numeric
25256 - 20-Feb-26 11:19:34 - ingestion.Cleaner - Converted column 'highci' to numeric
25256 - 20-Feb-26 11:19:34 - ingestion.Cleaner - Converted 'time_period' to nullable Int64
25256 - 20-Feb-26 11:19:34 - ingestion.Cleaner - Converted 'time_period_start_date' to datetime
25256 - 20-Feb-26 11:19:34 - ingestion.Cleaner - Converted 'time_period_end_date' to datetime
25256 - 20-Feb-26 11:19:34 - ingestion.Cleaner - Converted 'indicator' to string
25256 - 20-Feb-26 11:19:34 - ingestion.Cleaner - Converted 'group' to string
25256 - 20-Feb-26 11:19:34 - ingestion.Cleaner - Converted 'state' to string
25256 - 20-Feb-26 11:19:34 - ingestion.Cleaner - Converted 'subgroup' to string
25256 - 20-Feb-26 11:19:34 - ingestion.Cleaner - Converted 'time_period_label' to string
25256 - 20-Feb-26 11:19:34 - ingestion.Cleaner - Converted 'confidence_interval' to string
25256 - 20-Feb-26 11:19:34 - ingestion.Cleaner - Converted 'quartile_range' to string
25256 - 20-Feb-26 11:19:34 - ingestion.Cleaner - Completed data cleaning.
25256 - 20-Feb-26 11:19:34 - ingestion.Cleaner - Starting data cleaning step
25256 - 20-Feb-26 11:19:34 - ingestion.Cleaner - Removed 0 duplicate rows
25256 - 20-Feb-26 11:19:34 - ingestion.Cleaner - Converted column 'phase' to numeric
25256 - 20-Feb-26 11:19:34 - ingestion.Cleaner - Converted column 'value' to numeric
25256 - 20-Feb-26 11:19:34 - ingestion.Cleaner - Converted column 'lowci' to numeric
25256 - 20-Feb-26 11:19:34 - ingestion.Cleaner - Converted column 'highci' to numeric
25256 - 20-Feb-26 11:19:34 - ingestion.Cleaner - Converted 'time_period' to nullable Int64
25256 - 20-Feb-26 11:19:34 - ingestion.Cleaner - Converted 'time_period_start_date' to datetime
25256 - 20-Feb-26 11:19:34 - ingestion.Cleaner - Converted 'time_period_end_date' to datetime
25256 - 20-Feb-26 11:19:34 - ingestion.Cleaner - Converted 'indicator' to string
25256 - 20-Feb-26 11:19:34 - ingestion.Cleaner - Converted 'group' to string
25256 - 20-Feb-26 11:19:34 - ingestion.Cleaner - Converted 'state' to string
25256 - 20-Feb-26 11:19:34 - ingestion.Cleaner - Converted 'subgroup' to string
25256 - 20-Feb-26 11:19:34 - ingestion.Cleaner - Converted 'time_period_label' to string
25256 - 20-Feb-26 11:19:34 - ingestion.Cleaner - Converted 'confidence_interval' to string
25256 - 20-Feb-26 11:19:34 - ingestion.Cleaner - Converted 'quartile_range' to string
25256 - 20-Feb-26 11:19:34 - ingestion.Cleaner - Converted suppression_flag to numeric
25256 - 20-Feb-26 11:19:34 - ingestion.Cleaner - Converted rejection_reason to string
25256 - 20-Feb-26 11:19:34 - ingestion.Cleaner - Completed data cleaning.
25256 - 20-Feb-26 11:19:35 - DBlogger - Successfully connected to database
25256 - 20-Feb-26 11:19:36 - DBlogger - Succesfully inserted 9914 rows into database
25256 - 20-Feb-26 11:19:36 - DBlogger - Succesfully inserted 490 rows into rejected database
25256 - 20-Feb-26 11:19:50 - DBlogger - Successfully closed DB connection
31264 - 23-Feb-26 10:04:51 - main - Ingestion pipeline starting
31264 - 23-Feb-26 10:04:51 - api_ingestion.Validator - Normalized columns: ['series_id', 'year', 'period', 'period_name', 'value']
31264 - 23-Feb-26 10:04:51 - api_ingestion.Validator - Successfully validated 1800 rows
31264 - 23-Feb-26 10:04:51 - api_ingestion.Validator - Rejected 0 rows
31264 - 23-Feb-26 10:04:51 - api_ingestion.Cleaner - Starting data cleaning step
31264 - 23-Feb-26 10:04:51 - api_ingestion.Cleaner - Removed 0 duplicate rows
31264 - 23-Feb-26 10:04:51 - api_ingestion.Cleaner - Converted column value to numeric
31264 - 23-Feb-26 10:04:51 - api_ingestion.Cleaner - Converted column year to numeric
31264 - 23-Feb-26 10:04:51 - api_ingestion.Cleaner - Created temporary column month and converted it to numeric
31264 - 23-Feb-26 10:04:51 - api_ingestion.Cleaner - Created column date and converted it to datetime
31264 - 23-Feb-26 10:04:51 - api_ingestion.Cleaner - Converted series_id to string
31264 - 23-Feb-26 10:04:51 - api_ingestion.Cleaner - Created column state_fips 
31264 - 23-Feb-26 10:04:51 - api_ingestion.Cleaner - Created column state and converted it to string
31264 - 23-Feb-26 10:04:51 - api_ingestion.Cleaner - dropped columns series_id, year, month, and period_name
31264 - 23-Feb-26 10:04:51 - api_ingestion.Cleaner - Completed data cleaning.
31264 - 23-Feb-26 10:04:53 - DBlogger - Succesfully inserted 1800 rows into database
31264 - 23-Feb-26 10:04:53 - DBlogger - Successfully closed DB connection
9932 - 23-Feb-26 10:25:01 - main - Ingestion pipeline starting
9932 - 23-Feb-26 10:25:01 - ingestion.Reader - Attempting to read CSV at C:\Users\armin\OneDrive\Desktop\Developer\MHIngestion\data\Mental_Health_DB.csv
9932 - 23-Feb-26 10:25:01 - ingestion.Reader - Read 10404 rows from C:\Users\armin\OneDrive\Desktop\Developer\MHIngestion\data\Mental_Health_DB.csv
9932 - 23-Feb-26 10:25:01 - ingestion.Validator - Normalized columns: ['indicator', 'group', 'state', 'subgroup', 'phase', 'time_period', 'time_period_label', 'time_period_start_date', 'time_period_end_date', 'value', 'lowci', 'highci', 'confidence_interval', 'quartile_range', 'suppression_flag']
9932 - 23-Feb-26 10:25:01 - ingestion.Validator - Successfully validated 9914 rows
9932 - 23-Feb-26 10:25:01 - ingestion.Validator - Rejected 490 rows
9932 - 23-Feb-26 10:25:01 - ingestion.Cleaner - Starting data cleaning step
9932 - 23-Feb-26 10:25:01 - ingestion.Cleaner - Removed 0 duplicate rows
9932 - 23-Feb-26 10:25:02 - ingestion.Cleaner - Converted column 'phase' to numeric
9932 - 23-Feb-26 10:25:02 - ingestion.Cleaner - Converted column 'value' to numeric
9932 - 23-Feb-26 10:25:02 - ingestion.Cleaner - Converted column 'lowci' to numeric
9932 - 23-Feb-26 10:25:02 - ingestion.Cleaner - Converted column 'highci' to numeric
9932 - 23-Feb-26 10:25:02 - ingestion.Cleaner - Converted 'time_period' to nullable Int64
9932 - 23-Feb-26 10:25:02 - ingestion.Cleaner - Converted 'time_period_start_date' to datetime
9932 - 23-Feb-26 10:25:02 - ingestion.Cleaner - Converted 'time_period_end_date' to datetime
9932 - 23-Feb-26 10:25:02 - ingestion.Cleaner - Converted 'indicator' to string
9932 - 23-Feb-26 10:25:02 - ingestion.Cleaner - Converted 'group' to string
9932 - 23-Feb-26 10:25:02 - ingestion.Cleaner - Converted 'state' to string
9932 - 23-Feb-26 10:25:02 - ingestion.Cleaner - Converted 'subgroup' to string
9932 - 23-Feb-26 10:25:02 - ingestion.Cleaner - Converted 'time_period_label' to string
9932 - 23-Feb-26 10:25:02 - ingestion.Cleaner - Converted 'confidence_interval' to string
9932 - 23-Feb-26 10:25:02 - ingestion.Cleaner - Converted 'quartile_range' to string
9932 - 23-Feb-26 10:25:02 - ingestion.Cleaner - Completed data cleaning.
9932 - 23-Feb-26 10:25:02 - ingestion.Cleaner - Starting data cleaning step
9932 - 23-Feb-26 10:25:02 - ingestion.Cleaner - Removed 0 duplicate rows
9932 - 23-Feb-26 10:25:02 - ingestion.Cleaner - Converted column 'phase' to numeric
9932 - 23-Feb-26 10:25:02 - ingestion.Cleaner - Converted column 'value' to numeric
9932 - 23-Feb-26 10:25:02 - ingestion.Cleaner - Converted column 'lowci' to numeric
9932 - 23-Feb-26 10:25:02 - ingestion.Cleaner - Converted column 'highci' to numeric
9932 - 23-Feb-26 10:25:02 - ingestion.Cleaner - Converted 'time_period' to nullable Int64
9932 - 23-Feb-26 10:25:02 - ingestion.Cleaner - Converted 'time_period_start_date' to datetime
9932 - 23-Feb-26 10:25:02 - ingestion.Cleaner - Converted 'time_period_end_date' to datetime
9932 - 23-Feb-26 10:25:02 - ingestion.Cleaner - Converted 'indicator' to string
9932 - 23-Feb-26 10:25:02 - ingestion.Cleaner - Converted 'group' to string
9932 - 23-Feb-26 10:25:02 - ingestion.Cleaner - Converted 'state' to string
9932 - 23-Feb-26 10:25:02 - ingestion.Cleaner - Converted 'subgroup' to string
9932 - 23-Feb-26 10:25:02 - ingestion.Cleaner - Converted 'time_period_label' to string
9932 - 23-Feb-26 10:25:02 - ingestion.Cleaner - Converted 'confidence_interval' to string
9932 - 23-Feb-26 10:25:02 - ingestion.Cleaner - Converted 'quartile_range' to string
9932 - 23-Feb-26 10:25:02 - ingestion.Cleaner - Converted suppression_flag to numeric
9932 - 23-Feb-26 10:25:02 - ingestion.Cleaner - Converted rejection_reason to string
9932 - 23-Feb-26 10:25:02 - ingestion.Cleaner - Completed data cleaning.
9932 - 23-Feb-26 10:25:03 - DBlogger - Successfully connected to database
9932 - 23-Feb-26 10:25:04 - DBlogger - Succesfully inserted 9914 rows into database
9932 - 23-Feb-26 10:25:04 - DBlogger - Error occurred during data insertion: 'NoneType' object has no attribute 'session'
9932 - 23-Feb-26 10:25:19 - main - Ingestion pipeline starting
9932 - 23-Feb-26 10:25:19 - api_ingestion.Validator - Normalized columns: ['series_id', 'year', 'period', 'period_name', 'value']
9932 - 23-Feb-26 10:25:19 - api_ingestion.Validator - Successfully validated 1800 rows
9932 - 23-Feb-26 10:25:19 - api_ingestion.Validator - Rejected 0 rows
9932 - 23-Feb-26 10:25:19 - api_ingestion.Cleaner - Starting data cleaning step
9932 - 23-Feb-26 10:25:19 - api_ingestion.Cleaner - Removed 0 duplicate rows
9932 - 23-Feb-26 10:25:19 - api_ingestion.Cleaner - Converted column value to numeric
9932 - 23-Feb-26 10:25:19 - api_ingestion.Cleaner - Converted column year to numeric
9932 - 23-Feb-26 10:25:19 - api_ingestion.Cleaner - Created temporary column month and converted it to numeric
9932 - 23-Feb-26 10:25:19 - api_ingestion.Cleaner - Created column date and converted it to datetime
9932 - 23-Feb-26 10:25:19 - api_ingestion.Cleaner - Converted series_id to string
9932 - 23-Feb-26 10:25:19 - api_ingestion.Cleaner - Created column state_fips 
9932 - 23-Feb-26 10:25:19 - api_ingestion.Cleaner - Created column state and converted it to string
9932 - 23-Feb-26 10:25:19 - api_ingestion.Cleaner - dropped columns series_id, year, month, and period_name
9932 - 23-Feb-26 10:25:19 - api_ingestion.Cleaner - Completed data cleaning.
9932 - 23-Feb-26 10:25:19 - DBlogger - Error occurred during data insertion: (mysql.connector.errors.IntegrityError) 1062 (23000): Duplicate entry '01-2022-12-01' for key 'unemployment.uq_state_date'
[SQL: INSERT INTO unemployment (state_fips, state, date, unemployment_rate)                         VALUES (%(state_fips)s, %(state)s, %(date)s, %(value)s)]
[parameters: [{'state_fips': '01', 'state': 'Alabama', 'date': Timestamp('2022-12-01 00:00:00'), 'value': 2.0}, {'state_fips': '01', 'state': 'Alabama', 'date': Timestamp('2022-11-01 00:00:00'), 'value': 2.2}, {'state_fips': '01', 'state': 'Alabama', 'date': Timestamp('2022-10-01 00:00:00'), 'value': 2.4}, {'state_fips': '01', 'state': 'Alabama', 'date': Timestamp('2022-09-01 00:00:00'), 'value': 2.4}, {'state_fips': '01', 'state': 'Alabama', 'date': Timestamp('2022-08-01 00:00:00'), 'value': 2.9}, {'state_fips': '01', 'state': 'Alabama', 'date': Timestamp('2022-07-01 00:00:00'), 'value': 2.9}, {'state_fips': '01', 'state': 'Alabama', 'date': Timestamp('2022-06-01 00:00:00'), 'value': 3.0}, {'state_fips': '01', 'state': 'Alabama', 'date': Timestamp('2022-05-01 00:00:00'), 'value': 2.2}  ... displaying 10 of 1800 total bound parameter sets ...  {'state_fips': '56', 'state': 'Wyoming', 'date': Timestamp('2020-02-01 00:00:00'), 'value': 5.0}, {'state_fips': '56', 'state': 'Wyoming', 'date': Timestamp('2020-01-01 00:00:00'), 'value': 5.1}]]
(Background on this error at: https://sqlalche.me/e/20/gkpj)
14340 - 23-Feb-26 10:28:30 - main - Ingestion pipeline starting
14340 - 23-Feb-26 10:28:30 - ingestion.Reader - Attempting to read CSV at C:\Users\armin\OneDrive\Desktop\Developer\MHIngestion\data\Mental_Health_DB.csv
14340 - 23-Feb-26 10:28:30 - ingestion.Reader - Read 10404 rows from C:\Users\armin\OneDrive\Desktop\Developer\MHIngestion\data\Mental_Health_DB.csv
14340 - 23-Feb-26 10:28:30 - ingestion.Validator - Normalized columns: ['indicator', 'group', 'state', 'subgroup', 'phase', 'time_period', 'time_period_label', 'time_period_start_date', 'time_period_end_date', 'value', 'lowci', 'highci', 'confidence_interval', 'quartile_range', 'suppression_flag']
14340 - 23-Feb-26 10:28:30 - ingestion.Validator - Successfully validated 9914 rows
14340 - 23-Feb-26 10:28:30 - ingestion.Validator - Rejected 490 rows
14340 - 23-Feb-26 10:28:30 - ingestion.Cleaner - Starting data cleaning step
14340 - 23-Feb-26 10:28:30 - ingestion.Cleaner - Removed 0 duplicate rows
14340 - 23-Feb-26 10:28:30 - ingestion.Cleaner - Converted column 'phase' to numeric
14340 - 23-Feb-26 10:28:30 - ingestion.Cleaner - Converted column 'value' to numeric
14340 - 23-Feb-26 10:28:30 - ingestion.Cleaner - Converted column 'lowci' to numeric
14340 - 23-Feb-26 10:28:30 - ingestion.Cleaner - Converted column 'highci' to numeric
14340 - 23-Feb-26 10:28:30 - ingestion.Cleaner - Converted 'time_period' to nullable Int64
14340 - 23-Feb-26 10:28:30 - ingestion.Cleaner - Converted 'time_period_start_date' to datetime
14340 - 23-Feb-26 10:28:30 - ingestion.Cleaner - Converted 'time_period_end_date' to datetime
14340 - 23-Feb-26 10:28:30 - ingestion.Cleaner - Converted 'indicator' to string
14340 - 23-Feb-26 10:28:30 - ingestion.Cleaner - Converted 'group' to string
14340 - 23-Feb-26 10:28:30 - ingestion.Cleaner - Converted 'state' to string
14340 - 23-Feb-26 10:28:30 - ingestion.Cleaner - Converted 'subgroup' to string
14340 - 23-Feb-26 10:28:30 - ingestion.Cleaner - Converted 'time_period_label' to string
14340 - 23-Feb-26 10:28:30 - ingestion.Cleaner - Converted 'confidence_interval' to string
14340 - 23-Feb-26 10:28:30 - ingestion.Cleaner - Converted 'quartile_range' to string
14340 - 23-Feb-26 10:28:30 - ingestion.Cleaner - Completed data cleaning.
14340 - 23-Feb-26 10:28:30 - ingestion.Cleaner - Starting data cleaning step
14340 - 23-Feb-26 10:28:30 - ingestion.Cleaner - Removed 0 duplicate rows
14340 - 23-Feb-26 10:28:30 - ingestion.Cleaner - Converted column 'phase' to numeric
14340 - 23-Feb-26 10:28:30 - ingestion.Cleaner - Converted column 'value' to numeric
14340 - 23-Feb-26 10:28:30 - ingestion.Cleaner - Converted column 'lowci' to numeric
14340 - 23-Feb-26 10:28:30 - ingestion.Cleaner - Converted column 'highci' to numeric
14340 - 23-Feb-26 10:28:30 - ingestion.Cleaner - Converted 'time_period' to nullable Int64
14340 - 23-Feb-26 10:28:30 - ingestion.Cleaner - Converted 'time_period_start_date' to datetime
14340 - 23-Feb-26 10:28:30 - ingestion.Cleaner - Converted 'time_period_end_date' to datetime
14340 - 23-Feb-26 10:28:30 - ingestion.Cleaner - Converted 'indicator' to string
14340 - 23-Feb-26 10:28:30 - ingestion.Cleaner - Converted 'group' to string
14340 - 23-Feb-26 10:28:30 - ingestion.Cleaner - Converted 'state' to string
14340 - 23-Feb-26 10:28:30 - ingestion.Cleaner - Converted 'subgroup' to string
14340 - 23-Feb-26 10:28:30 - ingestion.Cleaner - Converted 'time_period_label' to string
14340 - 23-Feb-26 10:28:30 - ingestion.Cleaner - Converted 'confidence_interval' to string
14340 - 23-Feb-26 10:28:30 - ingestion.Cleaner - Converted 'quartile_range' to string
14340 - 23-Feb-26 10:28:30 - ingestion.Cleaner - Converted suppression_flag to numeric
14340 - 23-Feb-26 10:28:30 - ingestion.Cleaner - Converted rejection_reason to string
14340 - 23-Feb-26 10:28:30 - ingestion.Cleaner - Completed data cleaning.
14340 - 23-Feb-26 10:28:31 - DBlogger - Successfully connected to database
14340 - 23-Feb-26 10:28:33 - DBlogger - Succesfully inserted 9914 rows into database
14340 - 23-Feb-26 10:28:33 - DBlogger - Error occurred during data insertion: 'NoneType' object has no attribute 'session'
14340 - 23-Feb-26 10:28:48 - main - Ingestion pipeline starting
14340 - 23-Feb-26 10:28:48 - api_ingestion.Validator - Normalized columns: ['series_id', 'year', 'period', 'period_name', 'value']
14340 - 23-Feb-26 10:28:48 - api_ingestion.Validator - Successfully validated 1800 rows
14340 - 23-Feb-26 10:28:48 - api_ingestion.Validator - Rejected 0 rows
14340 - 23-Feb-26 10:28:48 - api_ingestion.Cleaner - Starting data cleaning step
14340 - 23-Feb-26 10:28:48 - api_ingestion.Cleaner - Removed 0 duplicate rows
14340 - 23-Feb-26 10:28:48 - api_ingestion.Cleaner - Converted column value to numeric
14340 - 23-Feb-26 10:28:48 - api_ingestion.Cleaner - Converted column year to numeric
14340 - 23-Feb-26 10:28:48 - api_ingestion.Cleaner - Created temporary column month and converted it to numeric
14340 - 23-Feb-26 10:28:48 - api_ingestion.Cleaner - Created column date and converted it to datetime
14340 - 23-Feb-26 10:28:48 - api_ingestion.Cleaner - Converted series_id to string
14340 - 23-Feb-26 10:28:48 - api_ingestion.Cleaner - Created column state_fips 
14340 - 23-Feb-26 10:28:48 - api_ingestion.Cleaner - Created column state and converted it to string
14340 - 23-Feb-26 10:28:48 - api_ingestion.Cleaner - dropped columns series_id, year, month, and period_name
14340 - 23-Feb-26 10:28:48 - api_ingestion.Cleaner - Completed data cleaning.
14340 - 23-Feb-26 10:28:48 - DBlogger - Error occurred during data insertion: (mysql.connector.errors.IntegrityError) 1062 (23000): Duplicate entry '01-2022-12-01' for key 'unemployment.uq_state_date'
[SQL: INSERT INTO unemployment (state_fips, state, date, unemployment_rate)                         VALUES (%(state_fips)s, %(state)s, %(date)s, %(value)s)]
[parameters: [{'state_fips': '01', 'state': 'Alabama', 'date': Timestamp('2022-12-01 00:00:00'), 'value': 2.0}, {'state_fips': '01', 'state': 'Alabama', 'date': Timestamp('2022-11-01 00:00:00'), 'value': 2.2}, {'state_fips': '01', 'state': 'Alabama', 'date': Timestamp('2022-10-01 00:00:00'), 'value': 2.4}, {'state_fips': '01', 'state': 'Alabama', 'date': Timestamp('2022-09-01 00:00:00'), 'value': 2.4}, {'state_fips': '01', 'state': 'Alabama', 'date': Timestamp('2022-08-01 00:00:00'), 'value': 2.9}, {'state_fips': '01', 'state': 'Alabama', 'date': Timestamp('2022-07-01 00:00:00'), 'value': 2.9}, {'state_fips': '01', 'state': 'Alabama', 'date': Timestamp('2022-06-01 00:00:00'), 'value': 3.0}, {'state_fips': '01', 'state': 'Alabama', 'date': Timestamp('2022-05-01 00:00:00'), 'value': 2.2}  ... displaying 10 of 1800 total bound parameter sets ...  {'state_fips': '56', 'state': 'Wyoming', 'date': Timestamp('2020-02-01 00:00:00'), 'value': 5.0}, {'state_fips': '56', 'state': 'Wyoming', 'date': Timestamp('2020-01-01 00:00:00'), 'value': 5.1}]]
(Background on this error at: https://sqlalche.me/e/20/gkpj)
14340 - 23-Feb-26 10:32:27 - DBlogger - Successfully closed DB connection
14340 - 23-Feb-26 10:32:27 - DBlogger - Successfully closed DB connection
8696 - 23-Feb-26 10:39:38 - main - Ingestion pipeline starting
8696 - 23-Feb-26 10:39:38 - ingestion.Reader - Attempting to read CSV at C:\Users\armin\OneDrive\Desktop\Developer\MHIngestion\data\Mental_Health_DB.csv
8696 - 23-Feb-26 10:39:38 - ingestion.Reader - Read 10404 rows from C:\Users\armin\OneDrive\Desktop\Developer\MHIngestion\data\Mental_Health_DB.csv
8696 - 23-Feb-26 10:39:38 - ingestion.Validator - Normalized columns: ['indicator', 'group', 'state', 'subgroup', 'phase', 'time_period', 'time_period_label', 'time_period_start_date', 'time_period_end_date', 'value', 'lowci', 'highci', 'confidence_interval', 'quartile_range', 'suppression_flag']
8696 - 23-Feb-26 10:39:38 - ingestion.Validator - Successfully validated 9914 rows
8696 - 23-Feb-26 10:39:38 - ingestion.Validator - Rejected 490 rows
8696 - 23-Feb-26 10:39:38 - ingestion.Cleaner - Starting data cleaning step
8696 - 23-Feb-26 10:39:38 - ingestion.Cleaner - Removed 0 duplicate rows
8696 - 23-Feb-26 10:39:39 - ingestion.Cleaner - Converted column 'phase' to numeric
8696 - 23-Feb-26 10:39:39 - ingestion.Cleaner - Converted column 'value' to numeric
8696 - 23-Feb-26 10:39:39 - ingestion.Cleaner - Converted column 'lowci' to numeric
8696 - 23-Feb-26 10:39:39 - ingestion.Cleaner - Converted column 'highci' to numeric
8696 - 23-Feb-26 10:39:39 - ingestion.Cleaner - Converted 'time_period' to nullable Int64
8696 - 23-Feb-26 10:39:39 - ingestion.Cleaner - Converted 'time_period_start_date' to datetime
8696 - 23-Feb-26 10:39:39 - ingestion.Cleaner - Converted 'time_period_end_date' to datetime
8696 - 23-Feb-26 10:39:39 - ingestion.Cleaner - Converted 'indicator' to string
8696 - 23-Feb-26 10:39:39 - ingestion.Cleaner - Converted 'group' to string
8696 - 23-Feb-26 10:39:39 - ingestion.Cleaner - Converted 'state' to string
8696 - 23-Feb-26 10:39:39 - ingestion.Cleaner - Converted 'subgroup' to string
8696 - 23-Feb-26 10:39:39 - ingestion.Cleaner - Converted 'time_period_label' to string
8696 - 23-Feb-26 10:39:39 - ingestion.Cleaner - Converted 'confidence_interval' to string
8696 - 23-Feb-26 10:39:39 - ingestion.Cleaner - Converted 'quartile_range' to string
8696 - 23-Feb-26 10:39:39 - ingestion.Cleaner - Completed data cleaning.
8696 - 23-Feb-26 10:39:39 - ingestion.Cleaner - Starting data cleaning step
8696 - 23-Feb-26 10:39:39 - ingestion.Cleaner - Removed 0 duplicate rows
8696 - 23-Feb-26 10:39:39 - ingestion.Cleaner - Converted column 'phase' to numeric
8696 - 23-Feb-26 10:39:39 - ingestion.Cleaner - Converted column 'value' to numeric
8696 - 23-Feb-26 10:39:39 - ingestion.Cleaner - Converted column 'lowci' to numeric
8696 - 23-Feb-26 10:39:39 - ingestion.Cleaner - Converted column 'highci' to numeric
8696 - 23-Feb-26 10:39:39 - ingestion.Cleaner - Converted 'time_period' to nullable Int64
8696 - 23-Feb-26 10:39:39 - ingestion.Cleaner - Converted 'time_period_start_date' to datetime
8696 - 23-Feb-26 10:39:39 - ingestion.Cleaner - Converted 'time_period_end_date' to datetime
8696 - 23-Feb-26 10:39:39 - ingestion.Cleaner - Converted 'indicator' to string
8696 - 23-Feb-26 10:39:39 - ingestion.Cleaner - Converted 'group' to string
8696 - 23-Feb-26 10:39:39 - ingestion.Cleaner - Converted 'state' to string
8696 - 23-Feb-26 10:39:39 - ingestion.Cleaner - Converted 'subgroup' to string
8696 - 23-Feb-26 10:39:39 - ingestion.Cleaner - Converted 'time_period_label' to string
8696 - 23-Feb-26 10:39:39 - ingestion.Cleaner - Converted 'confidence_interval' to string
8696 - 23-Feb-26 10:39:39 - ingestion.Cleaner - Converted 'quartile_range' to string
8696 - 23-Feb-26 10:39:39 - ingestion.Cleaner - Converted suppression_flag to numeric
8696 - 23-Feb-26 10:39:39 - ingestion.Cleaner - Converted rejection_reason to string
8696 - 23-Feb-26 10:39:39 - ingestion.Cleaner - Completed data cleaning.
8696 - 23-Feb-26 10:39:40 - DBlogger - Successfully connected to database
8696 - 23-Feb-26 10:39:41 - DBlogger - Succesfully inserted 9914 rows into database
8696 - 23-Feb-26 10:39:41 - DBlogger - Error occurred during data insertion: 'NoneType' object has no attribute 'session'
8696 - 23-Feb-26 10:39:55 - main - Ingestion pipeline starting
8696 - 23-Feb-26 10:39:55 - api_ingestion.Validator - Normalized columns: ['series_id', 'year', 'period', 'period_name', 'value']
8696 - 23-Feb-26 10:39:55 - api_ingestion.Validator - Successfully validated 1800 rows
8696 - 23-Feb-26 10:39:55 - api_ingestion.Validator - Rejected 0 rows
8696 - 23-Feb-26 10:39:55 - api_ingestion.Cleaner - Starting data cleaning step
8696 - 23-Feb-26 10:39:55 - api_ingestion.Cleaner - Removed 0 duplicate rows
8696 - 23-Feb-26 10:39:55 - api_ingestion.Cleaner - Converted column value to numeric
8696 - 23-Feb-26 10:39:55 - api_ingestion.Cleaner - Converted column year to numeric
8696 - 23-Feb-26 10:39:55 - api_ingestion.Cleaner - Created temporary column month and converted it to numeric
8696 - 23-Feb-26 10:39:55 - api_ingestion.Cleaner - Created column date and converted it to datetime
8696 - 23-Feb-26 10:39:55 - api_ingestion.Cleaner - Converted series_id to string
8696 - 23-Feb-26 10:39:55 - api_ingestion.Cleaner - Created column state_fips 
8696 - 23-Feb-26 10:39:55 - api_ingestion.Cleaner - Created column state and converted it to string
8696 - 23-Feb-26 10:39:55 - api_ingestion.Cleaner - dropped columns series_id, year, month, and period_name
8696 - 23-Feb-26 10:39:55 - api_ingestion.Cleaner - Completed data cleaning.
8696 - 23-Feb-26 10:39:55 - DBlogger - Error occurred during data insertion: (mysql.connector.errors.IntegrityError) 1062 (23000): Duplicate entry '01-2022-12-01' for key 'unemployment.uq_state_date'
[SQL: INSERT INTO unemployment (state_fips, state, date, unemployment_rate)                         VALUES (%(state_fips)s, %(state)s, %(date)s, %(value)s)]
[parameters: [{'state_fips': '01', 'state': 'Alabama', 'date': Timestamp('2022-12-01 00:00:00'), 'value': 2.0}, {'state_fips': '01', 'state': 'Alabama', 'date': Timestamp('2022-11-01 00:00:00'), 'value': 2.2}, {'state_fips': '01', 'state': 'Alabama', 'date': Timestamp('2022-10-01 00:00:00'), 'value': 2.4}, {'state_fips': '01', 'state': 'Alabama', 'date': Timestamp('2022-09-01 00:00:00'), 'value': 2.4}, {'state_fips': '01', 'state': 'Alabama', 'date': Timestamp('2022-08-01 00:00:00'), 'value': 2.9}, {'state_fips': '01', 'state': 'Alabama', 'date': Timestamp('2022-07-01 00:00:00'), 'value': 2.9}, {'state_fips': '01', 'state': 'Alabama', 'date': Timestamp('2022-06-01 00:00:00'), 'value': 3.0}, {'state_fips': '01', 'state': 'Alabama', 'date': Timestamp('2022-05-01 00:00:00'), 'value': 2.2}  ... displaying 10 of 1800 total bound parameter sets ...  {'state_fips': '56', 'state': 'Wyoming', 'date': Timestamp('2020-02-01 00:00:00'), 'value': 5.0}, {'state_fips': '56', 'state': 'Wyoming', 'date': Timestamp('2020-01-01 00:00:00'), 'value': 5.1}]]
(Background on this error at: https://sqlalche.me/e/20/gkpj)
32160 - 23-Feb-26 10:41:20 - main - Ingestion pipeline starting
32160 - 23-Feb-26 10:41:20 - ingestion.Reader - Attempting to read CSV at C:\Users\armin\OneDrive\Desktop\Developer\MHIngestion\data\Mental_Health_DB.csv
32160 - 23-Feb-26 10:41:20 - ingestion.Reader - Read 10404 rows from C:\Users\armin\OneDrive\Desktop\Developer\MHIngestion\data\Mental_Health_DB.csv
32160 - 23-Feb-26 10:41:20 - ingestion.Validator - Normalized columns: ['indicator', 'group', 'state', 'subgroup', 'phase', 'time_period', 'time_period_label', 'time_period_start_date', 'time_period_end_date', 'value', 'lowci', 'highci', 'confidence_interval', 'quartile_range', 'suppression_flag']
32160 - 23-Feb-26 10:41:21 - ingestion.Validator - Successfully validated 9914 rows
32160 - 23-Feb-26 10:41:21 - ingestion.Validator - Rejected 490 rows
32160 - 23-Feb-26 10:41:21 - ingestion.Cleaner - Starting data cleaning step
32160 - 23-Feb-26 10:41:21 - ingestion.Cleaner - Removed 0 duplicate rows
32160 - 23-Feb-26 10:41:21 - ingestion.Cleaner - Converted column 'phase' to numeric
32160 - 23-Feb-26 10:41:21 - ingestion.Cleaner - Converted column 'value' to numeric
32160 - 23-Feb-26 10:41:21 - ingestion.Cleaner - Converted column 'lowci' to numeric
32160 - 23-Feb-26 10:41:21 - ingestion.Cleaner - Converted column 'highci' to numeric
32160 - 23-Feb-26 10:41:21 - ingestion.Cleaner - Converted 'time_period' to nullable Int64
32160 - 23-Feb-26 10:41:21 - ingestion.Cleaner - Converted 'time_period_start_date' to datetime
32160 - 23-Feb-26 10:41:21 - ingestion.Cleaner - Converted 'time_period_end_date' to datetime
32160 - 23-Feb-26 10:41:21 - ingestion.Cleaner - Converted 'indicator' to string
32160 - 23-Feb-26 10:41:21 - ingestion.Cleaner - Converted 'group' to string
32160 - 23-Feb-26 10:41:21 - ingestion.Cleaner - Converted 'state' to string
32160 - 23-Feb-26 10:41:21 - ingestion.Cleaner - Converted 'subgroup' to string
32160 - 23-Feb-26 10:41:21 - ingestion.Cleaner - Converted 'time_period_label' to string
32160 - 23-Feb-26 10:41:21 - ingestion.Cleaner - Converted 'confidence_interval' to string
32160 - 23-Feb-26 10:41:21 - ingestion.Cleaner - Converted 'quartile_range' to string
32160 - 23-Feb-26 10:41:21 - ingestion.Cleaner - Completed data cleaning.
32160 - 23-Feb-26 10:41:21 - ingestion.Cleaner - Starting data cleaning step
32160 - 23-Feb-26 10:41:21 - ingestion.Cleaner - Removed 0 duplicate rows
32160 - 23-Feb-26 10:41:21 - ingestion.Cleaner - Converted column 'phase' to numeric
32160 - 23-Feb-26 10:41:21 - ingestion.Cleaner - Converted column 'value' to numeric
32160 - 23-Feb-26 10:41:21 - ingestion.Cleaner - Converted column 'lowci' to numeric
32160 - 23-Feb-26 10:41:21 - ingestion.Cleaner - Converted column 'highci' to numeric
32160 - 23-Feb-26 10:41:21 - ingestion.Cleaner - Converted 'time_period' to nullable Int64
32160 - 23-Feb-26 10:41:21 - ingestion.Cleaner - Converted 'time_period_start_date' to datetime
32160 - 23-Feb-26 10:41:21 - ingestion.Cleaner - Converted 'time_period_end_date' to datetime
32160 - 23-Feb-26 10:41:21 - ingestion.Cleaner - Converted 'indicator' to string
32160 - 23-Feb-26 10:41:21 - ingestion.Cleaner - Converted 'group' to string
32160 - 23-Feb-26 10:41:21 - ingestion.Cleaner - Converted 'state' to string
32160 - 23-Feb-26 10:41:21 - ingestion.Cleaner - Converted 'subgroup' to string
32160 - 23-Feb-26 10:41:21 - ingestion.Cleaner - Converted 'time_period_label' to string
32160 - 23-Feb-26 10:41:21 - ingestion.Cleaner - Converted 'confidence_interval' to string
32160 - 23-Feb-26 10:41:21 - ingestion.Cleaner - Converted 'quartile_range' to string
32160 - 23-Feb-26 10:41:21 - ingestion.Cleaner - Converted suppression_flag to numeric
32160 - 23-Feb-26 10:41:21 - ingestion.Cleaner - Converted rejection_reason to string
32160 - 23-Feb-26 10:41:21 - ingestion.Cleaner - Completed data cleaning.
32160 - 23-Feb-26 10:41:21 - DBlogger - Successfully connected to database
32160 - 23-Feb-26 10:41:22 - DBlogger - Succesfully inserted 9914 rows into database
32160 - 23-Feb-26 10:41:22 - DBlogger - Error occurred during data insertion: 'NoneType' object has no attribute 'session'
32160 - 23-Feb-26 10:41:35 - main - Ingestion pipeline starting
32160 - 23-Feb-26 10:41:35 - api_ingestion.Validator - Normalized columns: ['series_id', 'year', 'period', 'period_name', 'value']
32160 - 23-Feb-26 10:41:35 - api_ingestion.Validator - Successfully validated 1800 rows
32160 - 23-Feb-26 10:41:35 - api_ingestion.Validator - Rejected 0 rows
32160 - 23-Feb-26 10:41:35 - api_ingestion.Cleaner - Starting data cleaning step
32160 - 23-Feb-26 10:41:35 - api_ingestion.Cleaner - Removed 0 duplicate rows
32160 - 23-Feb-26 10:41:35 - api_ingestion.Cleaner - Converted column value to numeric
32160 - 23-Feb-26 10:41:35 - api_ingestion.Cleaner - Converted column year to numeric
32160 - 23-Feb-26 10:41:35 - api_ingestion.Cleaner - Created temporary column month and converted it to numeric
32160 - 23-Feb-26 10:41:35 - api_ingestion.Cleaner - Created column date and converted it to datetime
32160 - 23-Feb-26 10:41:35 - api_ingestion.Cleaner - Converted series_id to string
32160 - 23-Feb-26 10:41:35 - api_ingestion.Cleaner - Created column state_fips 
32160 - 23-Feb-26 10:41:35 - api_ingestion.Cleaner - Created column state and converted it to string
32160 - 23-Feb-26 10:41:35 - api_ingestion.Cleaner - dropped columns series_id, year, month, and period_name
32160 - 23-Feb-26 10:41:35 - api_ingestion.Cleaner - Completed data cleaning.
32160 - 23-Feb-26 10:41:35 - DBlogger - Error occurred during data insertion: (mysql.connector.errors.IntegrityError) 1062 (23000): Duplicate entry '01-2022-12-01' for key 'unemployment.uq_state_date'
[SQL: INSERT INTO unemployment (state_fips, state, date, unemployment_rate)                         VALUES (%(state_fips)s, %(state)s, %(date)s, %(value)s)]
[parameters: [{'state_fips': '01', 'state': 'Alabama', 'date': Timestamp('2022-12-01 00:00:00'), 'value': 2.0}, {'state_fips': '01', 'state': 'Alabama', 'date': Timestamp('2022-11-01 00:00:00'), 'value': 2.2}, {'state_fips': '01', 'state': 'Alabama', 'date': Timestamp('2022-10-01 00:00:00'), 'value': 2.4}, {'state_fips': '01', 'state': 'Alabama', 'date': Timestamp('2022-09-01 00:00:00'), 'value': 2.4}, {'state_fips': '01', 'state': 'Alabama', 'date': Timestamp('2022-08-01 00:00:00'), 'value': 2.9}, {'state_fips': '01', 'state': 'Alabama', 'date': Timestamp('2022-07-01 00:00:00'), 'value': 2.9}, {'state_fips': '01', 'state': 'Alabama', 'date': Timestamp('2022-06-01 00:00:00'), 'value': 3.0}, {'state_fips': '01', 'state': 'Alabama', 'date': Timestamp('2022-05-01 00:00:00'), 'value': 2.2}  ... displaying 10 of 1800 total bound parameter sets ...  {'state_fips': '56', 'state': 'Wyoming', 'date': Timestamp('2020-02-01 00:00:00'), 'value': 5.0}, {'state_fips': '56', 'state': 'Wyoming', 'date': Timestamp('2020-01-01 00:00:00'), 'value': 5.1}]]
(Background on this error at: https://sqlalche.me/e/20/gkpj)
18016 - 23-Feb-26 10:41:43 - main - Ingestion pipeline starting
18016 - 23-Feb-26 10:41:43 - ingestion.Reader - Attempting to read CSV at C:\Users\armin\OneDrive\Desktop\Developer\MHIngestion\data\Mental_Health_DB.csv
18016 - 23-Feb-26 10:41:43 - ingestion.Reader - Read 10404 rows from C:\Users\armin\OneDrive\Desktop\Developer\MHIngestion\data\Mental_Health_DB.csv
18016 - 23-Feb-26 10:41:43 - ingestion.Validator - Normalized columns: ['indicator', 'group', 'state', 'subgroup', 'phase', 'time_period', 'time_period_label', 'time_period_start_date', 'time_period_end_date', 'value', 'lowci', 'highci', 'confidence_interval', 'quartile_range', 'suppression_flag']
18016 - 23-Feb-26 10:41:43 - ingestion.Validator - Successfully validated 9914 rows
18016 - 23-Feb-26 10:41:43 - ingestion.Validator - Rejected 490 rows
18016 - 23-Feb-26 10:41:43 - ingestion.Cleaner - Starting data cleaning step
18016 - 23-Feb-26 10:41:43 - ingestion.Cleaner - Removed 0 duplicate rows
18016 - 23-Feb-26 10:41:43 - ingestion.Cleaner - Converted column 'phase' to numeric
18016 - 23-Feb-26 10:41:43 - ingestion.Cleaner - Converted column 'value' to numeric
18016 - 23-Feb-26 10:41:43 - ingestion.Cleaner - Converted column 'lowci' to numeric
18016 - 23-Feb-26 10:41:43 - ingestion.Cleaner - Converted column 'highci' to numeric
18016 - 23-Feb-26 10:41:43 - ingestion.Cleaner - Converted 'time_period' to nullable Int64
18016 - 23-Feb-26 10:41:43 - ingestion.Cleaner - Converted 'time_period_start_date' to datetime
18016 - 23-Feb-26 10:41:43 - ingestion.Cleaner - Converted 'time_period_end_date' to datetime
18016 - 23-Feb-26 10:41:43 - ingestion.Cleaner - Converted 'indicator' to string
18016 - 23-Feb-26 10:41:43 - ingestion.Cleaner - Converted 'group' to string
18016 - 23-Feb-26 10:41:43 - ingestion.Cleaner - Converted 'state' to string
18016 - 23-Feb-26 10:41:43 - ingestion.Cleaner - Converted 'subgroup' to string
18016 - 23-Feb-26 10:41:43 - ingestion.Cleaner - Converted 'time_period_label' to string
18016 - 23-Feb-26 10:41:43 - ingestion.Cleaner - Converted 'confidence_interval' to string
18016 - 23-Feb-26 10:41:43 - ingestion.Cleaner - Converted 'quartile_range' to string
18016 - 23-Feb-26 10:41:43 - ingestion.Cleaner - Completed data cleaning.
18016 - 23-Feb-26 10:41:43 - ingestion.Cleaner - Starting data cleaning step
18016 - 23-Feb-26 10:41:43 - ingestion.Cleaner - Removed 0 duplicate rows
18016 - 23-Feb-26 10:41:43 - ingestion.Cleaner - Converted column 'phase' to numeric
18016 - 23-Feb-26 10:41:43 - ingestion.Cleaner - Converted column 'value' to numeric
18016 - 23-Feb-26 10:41:43 - ingestion.Cleaner - Converted column 'lowci' to numeric
18016 - 23-Feb-26 10:41:43 - ingestion.Cleaner - Converted column 'highci' to numeric
18016 - 23-Feb-26 10:41:43 - ingestion.Cleaner - Converted 'time_period' to nullable Int64
18016 - 23-Feb-26 10:41:43 - ingestion.Cleaner - Converted 'time_period_start_date' to datetime
18016 - 23-Feb-26 10:41:43 - ingestion.Cleaner - Converted 'time_period_end_date' to datetime
18016 - 23-Feb-26 10:41:43 - ingestion.Cleaner - Converted 'indicator' to string
18016 - 23-Feb-26 10:41:43 - ingestion.Cleaner - Converted 'group' to string
18016 - 23-Feb-26 10:41:43 - ingestion.Cleaner - Converted 'state' to string
18016 - 23-Feb-26 10:41:43 - ingestion.Cleaner - Converted 'subgroup' to string
18016 - 23-Feb-26 10:41:43 - ingestion.Cleaner - Converted 'time_period_label' to string
18016 - 23-Feb-26 10:41:43 - ingestion.Cleaner - Converted 'confidence_interval' to string
18016 - 23-Feb-26 10:41:43 - ingestion.Cleaner - Converted 'quartile_range' to string
18016 - 23-Feb-26 10:41:43 - ingestion.Cleaner - Converted suppression_flag to numeric
18016 - 23-Feb-26 10:41:43 - ingestion.Cleaner - Converted rejection_reason to string
18016 - 23-Feb-26 10:41:43 - ingestion.Cleaner - Completed data cleaning.
18016 - 23-Feb-26 10:41:44 - DBlogger - Successfully connected to database
18016 - 23-Feb-26 10:41:45 - DBlogger - Succesfully inserted 9914 rows into database
18016 - 23-Feb-26 10:41:45 - DBlogger - Error occurred during data insertion: 'NoneType' object has no attribute 'session'
18016 - 23-Feb-26 10:41:58 - main - Ingestion pipeline starting
18016 - 23-Feb-26 10:41:58 - api_ingestion.Validator - Normalized columns: ['series_id', 'year', 'period', 'period_name', 'value']
18016 - 23-Feb-26 10:41:58 - api_ingestion.Validator - Successfully validated 1800 rows
18016 - 23-Feb-26 10:41:58 - api_ingestion.Validator - Rejected 0 rows
18016 - 23-Feb-26 10:41:58 - api_ingestion.Cleaner - Starting data cleaning step
18016 - 23-Feb-26 10:41:58 - api_ingestion.Cleaner - Removed 0 duplicate rows
18016 - 23-Feb-26 10:41:58 - api_ingestion.Cleaner - Converted column value to numeric
18016 - 23-Feb-26 10:41:58 - api_ingestion.Cleaner - Converted column year to numeric
18016 - 23-Feb-26 10:41:58 - api_ingestion.Cleaner - Created temporary column month and converted it to numeric
18016 - 23-Feb-26 10:41:58 - api_ingestion.Cleaner - Created column date and converted it to datetime
18016 - 23-Feb-26 10:41:58 - api_ingestion.Cleaner - Converted series_id to string
18016 - 23-Feb-26 10:41:58 - api_ingestion.Cleaner - Created column state_fips 
18016 - 23-Feb-26 10:41:58 - api_ingestion.Cleaner - Created column state and converted it to string
18016 - 23-Feb-26 10:41:58 - api_ingestion.Cleaner - dropped columns series_id, year, month, and period_name
18016 - 23-Feb-26 10:41:58 - api_ingestion.Cleaner - Completed data cleaning.
18016 - 23-Feb-26 10:41:58 - DBlogger - Error occurred during data insertion: (mysql.connector.errors.IntegrityError) 1062 (23000): Duplicate entry '01-2022-12-01' for key 'unemployment.uq_state_date'
[SQL: INSERT INTO unemployment (state_fips, state, date, unemployment_rate)                         VALUES (%(state_fips)s, %(state)s, %(date)s, %(value)s)]
[parameters: [{'state_fips': '01', 'state': 'Alabama', 'date': Timestamp('2022-12-01 00:00:00'), 'value': 2.0}, {'state_fips': '01', 'state': 'Alabama', 'date': Timestamp('2022-11-01 00:00:00'), 'value': 2.2}, {'state_fips': '01', 'state': 'Alabama', 'date': Timestamp('2022-10-01 00:00:00'), 'value': 2.4}, {'state_fips': '01', 'state': 'Alabama', 'date': Timestamp('2022-09-01 00:00:00'), 'value': 2.4}, {'state_fips': '01', 'state': 'Alabama', 'date': Timestamp('2022-08-01 00:00:00'), 'value': 2.9}, {'state_fips': '01', 'state': 'Alabama', 'date': Timestamp('2022-07-01 00:00:00'), 'value': 2.9}, {'state_fips': '01', 'state': 'Alabama', 'date': Timestamp('2022-06-01 00:00:00'), 'value': 3.0}, {'state_fips': '01', 'state': 'Alabama', 'date': Timestamp('2022-05-01 00:00:00'), 'value': 2.2}  ... displaying 10 of 1800 total bound parameter sets ...  {'state_fips': '56', 'state': 'Wyoming', 'date': Timestamp('2020-02-01 00:00:00'), 'value': 5.0}, {'state_fips': '56', 'state': 'Wyoming', 'date': Timestamp('2020-01-01 00:00:00'), 'value': 5.1}]]
(Background on this error at: https://sqlalche.me/e/20/gkpj)
29392 - 23-Feb-26 10:43:04 - main - Ingestion pipeline starting
29392 - 23-Feb-26 10:43:04 - ingestion.Reader - Attempting to read CSV at C:\Users\armin\OneDrive\Desktop\Developer\MHIngestion\data\Mental_Health_DB.csv
29392 - 23-Feb-26 10:43:05 - ingestion.Reader - Read 10404 rows from C:\Users\armin\OneDrive\Desktop\Developer\MHIngestion\data\Mental_Health_DB.csv
29392 - 23-Feb-26 10:43:05 - ingestion.Validator - Normalized columns: ['indicator', 'group', 'state', 'subgroup', 'phase', 'time_period', 'time_period_label', 'time_period_start_date', 'time_period_end_date', 'value', 'lowci', 'highci', 'confidence_interval', 'quartile_range', 'suppression_flag']
29392 - 23-Feb-26 10:43:05 - ingestion.Validator - Successfully validated 9914 rows
29392 - 23-Feb-26 10:43:05 - ingestion.Validator - Rejected 490 rows
29392 - 23-Feb-26 10:43:05 - ingestion.Cleaner - Starting data cleaning step
29392 - 23-Feb-26 10:43:05 - ingestion.Cleaner - Removed 0 duplicate rows
29392 - 23-Feb-26 10:43:05 - ingestion.Cleaner - Converted column 'phase' to numeric
29392 - 23-Feb-26 10:43:05 - ingestion.Cleaner - Converted column 'value' to numeric
29392 - 23-Feb-26 10:43:05 - ingestion.Cleaner - Converted column 'lowci' to numeric
29392 - 23-Feb-26 10:43:05 - ingestion.Cleaner - Converted column 'highci' to numeric
29392 - 23-Feb-26 10:43:05 - ingestion.Cleaner - Converted 'time_period' to nullable Int64
29392 - 23-Feb-26 10:43:05 - ingestion.Cleaner - Converted 'time_period_start_date' to datetime
29392 - 23-Feb-26 10:43:05 - ingestion.Cleaner - Converted 'time_period_end_date' to datetime
29392 - 23-Feb-26 10:43:05 - ingestion.Cleaner - Converted 'indicator' to string
29392 - 23-Feb-26 10:43:05 - ingestion.Cleaner - Converted 'group' to string
29392 - 23-Feb-26 10:43:05 - ingestion.Cleaner - Converted 'state' to string
29392 - 23-Feb-26 10:43:05 - ingestion.Cleaner - Converted 'subgroup' to string
29392 - 23-Feb-26 10:43:05 - ingestion.Cleaner - Converted 'time_period_label' to string
29392 - 23-Feb-26 10:43:05 - ingestion.Cleaner - Converted 'confidence_interval' to string
29392 - 23-Feb-26 10:43:05 - ingestion.Cleaner - Converted 'quartile_range' to string
29392 - 23-Feb-26 10:43:05 - ingestion.Cleaner - Completed data cleaning.
29392 - 23-Feb-26 10:43:05 - ingestion.Cleaner - Starting data cleaning step
29392 - 23-Feb-26 10:43:05 - ingestion.Cleaner - Removed 0 duplicate rows
29392 - 23-Feb-26 10:43:05 - ingestion.Cleaner - Converted column 'phase' to numeric
29392 - 23-Feb-26 10:43:05 - ingestion.Cleaner - Converted column 'value' to numeric
29392 - 23-Feb-26 10:43:05 - ingestion.Cleaner - Converted column 'lowci' to numeric
29392 - 23-Feb-26 10:43:05 - ingestion.Cleaner - Converted column 'highci' to numeric
29392 - 23-Feb-26 10:43:05 - ingestion.Cleaner - Converted 'time_period' to nullable Int64
29392 - 23-Feb-26 10:43:05 - ingestion.Cleaner - Converted 'time_period_start_date' to datetime
29392 - 23-Feb-26 10:43:05 - ingestion.Cleaner - Converted 'time_period_end_date' to datetime
29392 - 23-Feb-26 10:43:05 - ingestion.Cleaner - Converted 'indicator' to string
29392 - 23-Feb-26 10:43:05 - ingestion.Cleaner - Converted 'group' to string
29392 - 23-Feb-26 10:43:05 - ingestion.Cleaner - Converted 'state' to string
29392 - 23-Feb-26 10:43:05 - ingestion.Cleaner - Converted 'subgroup' to string
29392 - 23-Feb-26 10:43:05 - ingestion.Cleaner - Converted 'time_period_label' to string
29392 - 23-Feb-26 10:43:05 - ingestion.Cleaner - Converted 'confidence_interval' to string
29392 - 23-Feb-26 10:43:05 - ingestion.Cleaner - Converted 'quartile_range' to string
29392 - 23-Feb-26 10:43:05 - ingestion.Cleaner - Converted suppression_flag to numeric
29392 - 23-Feb-26 10:43:05 - ingestion.Cleaner - Converted rejection_reason to string
29392 - 23-Feb-26 10:43:05 - ingestion.Cleaner - Completed data cleaning.
29392 - 23-Feb-26 10:43:05 - DBlogger - Successfully connected to database
29392 - 23-Feb-26 10:43:06 - DBlogger - Succesfully inserted 9914 rows into database
29392 - 23-Feb-26 10:43:06 - DBlogger - Error occurred during data insertion: 'NoneType' object has no attribute 'session'
29392 - 23-Feb-26 10:43:20 - main - Ingestion pipeline starting
29392 - 23-Feb-26 10:43:20 - api_ingestion.Validator - Normalized columns: ['series_id', 'year', 'period', 'period_name', 'value']
29392 - 23-Feb-26 10:43:20 - api_ingestion.Validator - Successfully validated 1800 rows
29392 - 23-Feb-26 10:43:20 - api_ingestion.Validator - Rejected 0 rows
29392 - 23-Feb-26 10:43:20 - api_ingestion.Cleaner - Starting data cleaning step
29392 - 23-Feb-26 10:43:20 - api_ingestion.Cleaner - Removed 0 duplicate rows
29392 - 23-Feb-26 10:43:20 - api_ingestion.Cleaner - Converted column value to numeric
29392 - 23-Feb-26 10:43:20 - api_ingestion.Cleaner - Converted column year to numeric
29392 - 23-Feb-26 10:43:20 - api_ingestion.Cleaner - Created temporary column month and converted it to numeric
29392 - 23-Feb-26 10:43:20 - api_ingestion.Cleaner - Created column date and converted it to datetime
29392 - 23-Feb-26 10:43:20 - api_ingestion.Cleaner - Converted series_id to string
29392 - 23-Feb-26 10:43:20 - api_ingestion.Cleaner - Created column state_fips 
29392 - 23-Feb-26 10:43:20 - api_ingestion.Cleaner - Created column state and converted it to string
29392 - 23-Feb-26 10:43:20 - api_ingestion.Cleaner - dropped columns series_id, year, month, and period_name
29392 - 23-Feb-26 10:43:20 - api_ingestion.Cleaner - Completed data cleaning.
29392 - 23-Feb-26 10:43:20 - DBlogger - Error occurred during data insertion: (mysql.connector.errors.IntegrityError) 1062 (23000): Duplicate entry '01-2022-12-01' for key 'unemployment.uq_state_date'
[SQL: INSERT INTO unemployment (state_fips, state, date, unemployment_rate)                         VALUES (%(state_fips)s, %(state)s, %(date)s, %(value)s)]
[parameters: [{'state_fips': '01', 'state': 'Alabama', 'date': Timestamp('2022-12-01 00:00:00'), 'value': 2.0}, {'state_fips': '01', 'state': 'Alabama', 'date': Timestamp('2022-11-01 00:00:00'), 'value': 2.2}, {'state_fips': '01', 'state': 'Alabama', 'date': Timestamp('2022-10-01 00:00:00'), 'value': 2.4}, {'state_fips': '01', 'state': 'Alabama', 'date': Timestamp('2022-09-01 00:00:00'), 'value': 2.4}, {'state_fips': '01', 'state': 'Alabama', 'date': Timestamp('2022-08-01 00:00:00'), 'value': 2.9}, {'state_fips': '01', 'state': 'Alabama', 'date': Timestamp('2022-07-01 00:00:00'), 'value': 2.9}, {'state_fips': '01', 'state': 'Alabama', 'date': Timestamp('2022-06-01 00:00:00'), 'value': 3.0}, {'state_fips': '01', 'state': 'Alabama', 'date': Timestamp('2022-05-01 00:00:00'), 'value': 2.2}  ... displaying 10 of 1800 total bound parameter sets ...  {'state_fips': '56', 'state': 'Wyoming', 'date': Timestamp('2020-02-01 00:00:00'), 'value': 5.0}, {'state_fips': '56', 'state': 'Wyoming', 'date': Timestamp('2020-01-01 00:00:00'), 'value': 5.1}]]
(Background on this error at: https://sqlalche.me/e/20/gkpj)
29392 - 23-Feb-26 10:43:28 - DBlogger - Successfully closed DB connection
29392 - 23-Feb-26 10:43:28 - DBlogger - Successfully closed DB connection
16860 - 23-Feb-26 10:49:37 - main - Ingestion pipeline starting
16860 - 23-Feb-26 10:49:37 - ingestion.Reader - Attempting to read CSV at C:\Users\armin\OneDrive\Desktop\Developer\MHIngestion\data\Mental_Health_DB.csv
16860 - 23-Feb-26 10:49:37 - ingestion.Reader - Read 10404 rows from C:\Users\armin\OneDrive\Desktop\Developer\MHIngestion\data\Mental_Health_DB.csv
16860 - 23-Feb-26 10:49:37 - ingestion.Validator - Normalized columns: ['indicator', 'group', 'state', 'subgroup', 'phase', 'time_period', 'time_period_label', 'time_period_start_date', 'time_period_end_date', 'value', 'lowci', 'highci', 'confidence_interval', 'quartile_range', 'suppression_flag']
16860 - 23-Feb-26 10:49:37 - ingestion.Validator - Successfully validated 9914 rows
16860 - 23-Feb-26 10:49:37 - ingestion.Validator - Rejected 490 rows
16860 - 23-Feb-26 10:49:37 - ingestion.Cleaner - Starting data cleaning step
16860 - 23-Feb-26 10:49:37 - ingestion.Cleaner - Removed 0 duplicate rows
16860 - 23-Feb-26 10:49:37 - ingestion.Cleaner - Converted column 'phase' to numeric
16860 - 23-Feb-26 10:49:37 - ingestion.Cleaner - Converted column 'value' to numeric
16860 - 23-Feb-26 10:49:37 - ingestion.Cleaner - Converted column 'lowci' to numeric
16860 - 23-Feb-26 10:49:37 - ingestion.Cleaner - Converted column 'highci' to numeric
16860 - 23-Feb-26 10:49:37 - ingestion.Cleaner - Converted 'time_period' to nullable Int64
16860 - 23-Feb-26 10:49:37 - ingestion.Cleaner - Converted 'time_period_start_date' to datetime
16860 - 23-Feb-26 10:49:37 - ingestion.Cleaner - Converted 'time_period_end_date' to datetime
16860 - 23-Feb-26 10:49:37 - ingestion.Cleaner - Converted 'indicator' to string
16860 - 23-Feb-26 10:49:37 - ingestion.Cleaner - Converted 'group' to string
16860 - 23-Feb-26 10:49:37 - ingestion.Cleaner - Converted 'state' to string
16860 - 23-Feb-26 10:49:37 - ingestion.Cleaner - Converted 'subgroup' to string
16860 - 23-Feb-26 10:49:37 - ingestion.Cleaner - Converted 'time_period_label' to string
16860 - 23-Feb-26 10:49:37 - ingestion.Cleaner - Converted 'confidence_interval' to string
16860 - 23-Feb-26 10:49:37 - ingestion.Cleaner - Converted 'quartile_range' to string
16860 - 23-Feb-26 10:49:37 - ingestion.Cleaner - Completed data cleaning.
16860 - 23-Feb-26 10:49:37 - ingestion.Cleaner - Starting data cleaning step
16860 - 23-Feb-26 10:49:37 - ingestion.Cleaner - Removed 0 duplicate rows
16860 - 23-Feb-26 10:49:38 - ingestion.Cleaner - Converted column 'phase' to numeric
16860 - 23-Feb-26 10:49:38 - ingestion.Cleaner - Converted column 'value' to numeric
16860 - 23-Feb-26 10:49:38 - ingestion.Cleaner - Converted column 'lowci' to numeric
16860 - 23-Feb-26 10:49:38 - ingestion.Cleaner - Converted column 'highci' to numeric
16860 - 23-Feb-26 10:49:38 - ingestion.Cleaner - Converted 'time_period' to nullable Int64
16860 - 23-Feb-26 10:49:38 - ingestion.Cleaner - Converted 'time_period_start_date' to datetime
16860 - 23-Feb-26 10:49:38 - ingestion.Cleaner - Converted 'time_period_end_date' to datetime
16860 - 23-Feb-26 10:49:38 - ingestion.Cleaner - Converted 'indicator' to string
16860 - 23-Feb-26 10:49:38 - ingestion.Cleaner - Converted 'group' to string
16860 - 23-Feb-26 10:49:38 - ingestion.Cleaner - Converted 'state' to string
16860 - 23-Feb-26 10:49:38 - ingestion.Cleaner - Converted 'subgroup' to string
16860 - 23-Feb-26 10:49:38 - ingestion.Cleaner - Converted 'time_period_label' to string
16860 - 23-Feb-26 10:49:38 - ingestion.Cleaner - Converted 'confidence_interval' to string
16860 - 23-Feb-26 10:49:38 - ingestion.Cleaner - Converted 'quartile_range' to string
16860 - 23-Feb-26 10:49:38 - ingestion.Cleaner - Converted suppression_flag to numeric
16860 - 23-Feb-26 10:49:38 - ingestion.Cleaner - Converted rejection_reason to string
16860 - 23-Feb-26 10:49:38 - ingestion.Cleaner - Completed data cleaning.
16860 - 23-Feb-26 10:49:38 - DBlogger - Successfully connected to database
16860 - 23-Feb-26 10:49:39 - DBlogger - Succesfully inserted 9914 rows into database
16860 - 23-Feb-26 10:49:40 - DBlogger - Error occurred during data insertion: 'NoneType' object has no attribute 'session'
16860 - 23-Feb-26 10:49:53 - main - Ingestion pipeline starting
16860 - 23-Feb-26 10:49:53 - api_ingestion.Validator - Normalized columns: ['series_id', 'year', 'period', 'period_name', 'value']
16860 - 23-Feb-26 10:49:53 - api_ingestion.Validator - Successfully validated 1800 rows
16860 - 23-Feb-26 10:49:53 - api_ingestion.Validator - Rejected 0 rows
16860 - 23-Feb-26 10:49:53 - api_ingestion.Cleaner - Starting data cleaning step
16860 - 23-Feb-26 10:49:53 - api_ingestion.Cleaner - Removed 0 duplicate rows
16860 - 23-Feb-26 10:49:53 - api_ingestion.Cleaner - Converted column value to numeric
16860 - 23-Feb-26 10:49:53 - api_ingestion.Cleaner - Converted column year to numeric
16860 - 23-Feb-26 10:49:53 - api_ingestion.Cleaner - Created temporary column month and converted it to numeric
16860 - 23-Feb-26 10:49:53 - api_ingestion.Cleaner - Created column date and converted it to datetime
16860 - 23-Feb-26 10:49:53 - api_ingestion.Cleaner - Converted series_id to string
16860 - 23-Feb-26 10:49:53 - api_ingestion.Cleaner - Created column state_fips 
16860 - 23-Feb-26 10:49:53 - api_ingestion.Cleaner - Created column state and converted it to string
16860 - 23-Feb-26 10:49:53 - api_ingestion.Cleaner - dropped columns series_id, year, month, and period_name
16860 - 23-Feb-26 10:49:53 - api_ingestion.Cleaner - Completed data cleaning.
16860 - 23-Feb-26 10:49:53 - DBlogger - Error occurred during data insertion: (mysql.connector.errors.IntegrityError) 1062 (23000): Duplicate entry '01-2022-12-01' for key 'unemployment.uq_state_date'
[SQL: INSERT INTO unemployment (state_fips, state, date, unemployment_rate)                         VALUES (%(state_fips)s, %(state)s, %(date)s, %(value)s)]
[parameters: [{'state_fips': '01', 'state': 'Alabama', 'date': Timestamp('2022-12-01 00:00:00'), 'value': 2.0}, {'state_fips': '01', 'state': 'Alabama', 'date': Timestamp('2022-11-01 00:00:00'), 'value': 2.2}, {'state_fips': '01', 'state': 'Alabama', 'date': Timestamp('2022-10-01 00:00:00'), 'value': 2.4}, {'state_fips': '01', 'state': 'Alabama', 'date': Timestamp('2022-09-01 00:00:00'), 'value': 2.4}, {'state_fips': '01', 'state': 'Alabama', 'date': Timestamp('2022-08-01 00:00:00'), 'value': 2.9}, {'state_fips': '01', 'state': 'Alabama', 'date': Timestamp('2022-07-01 00:00:00'), 'value': 2.9}, {'state_fips': '01', 'state': 'Alabama', 'date': Timestamp('2022-06-01 00:00:00'), 'value': 3.0}, {'state_fips': '01', 'state': 'Alabama', 'date': Timestamp('2022-05-01 00:00:00'), 'value': 2.2}  ... displaying 10 of 1800 total bound parameter sets ...  {'state_fips': '56', 'state': 'Wyoming', 'date': Timestamp('2020-02-01 00:00:00'), 'value': 5.0}, {'state_fips': '56', 'state': 'Wyoming', 'date': Timestamp('2020-01-01 00:00:00'), 'value': 5.1}]]
(Background on this error at: https://sqlalche.me/e/20/gkpj)
16860 - 23-Feb-26 10:49:56 - DBlogger - Successfully closed DB connection
16860 - 23-Feb-26 10:49:56 - DBlogger - Successfully closed DB connection
24180 - 23-Feb-26 10:50:57 - main - Ingestion pipeline starting
24180 - 23-Feb-26 10:50:57 - ingestion.Reader - Attempting to read CSV at C:\Users\armin\OneDrive\Desktop\Developer\MHIngestion\data\Mental_Health_DB.csv
24180 - 23-Feb-26 10:50:57 - ingestion.Reader - Read 10404 rows from C:\Users\armin\OneDrive\Desktop\Developer\MHIngestion\data\Mental_Health_DB.csv
24180 - 23-Feb-26 10:50:57 - ingestion.Validator - Normalized columns: ['indicator', 'group', 'state', 'subgroup', 'phase', 'time_period', 'time_period_label', 'time_period_start_date', 'time_period_end_date', 'value', 'lowci', 'highci', 'confidence_interval', 'quartile_range', 'suppression_flag']
24180 - 23-Feb-26 10:50:57 - ingestion.Validator - Successfully validated 9914 rows
24180 - 23-Feb-26 10:50:57 - ingestion.Validator - Rejected 490 rows
24180 - 23-Feb-26 10:50:57 - ingestion.Cleaner - Starting data cleaning step
24180 - 23-Feb-26 10:50:57 - ingestion.Cleaner - Removed 0 duplicate rows
24180 - 23-Feb-26 10:50:57 - ingestion.Cleaner - Converted column 'phase' to numeric
24180 - 23-Feb-26 10:50:57 - ingestion.Cleaner - Converted column 'value' to numeric
24180 - 23-Feb-26 10:50:57 - ingestion.Cleaner - Converted column 'lowci' to numeric
24180 - 23-Feb-26 10:50:57 - ingestion.Cleaner - Converted column 'highci' to numeric
24180 - 23-Feb-26 10:50:57 - ingestion.Cleaner - Converted 'time_period' to nullable Int64
24180 - 23-Feb-26 10:50:57 - ingestion.Cleaner - Converted 'time_period_start_date' to datetime
24180 - 23-Feb-26 10:50:57 - ingestion.Cleaner - Converted 'time_period_end_date' to datetime
24180 - 23-Feb-26 10:50:57 - ingestion.Cleaner - Converted 'indicator' to string
24180 - 23-Feb-26 10:50:57 - ingestion.Cleaner - Converted 'group' to string
24180 - 23-Feb-26 10:50:57 - ingestion.Cleaner - Converted 'state' to string
24180 - 23-Feb-26 10:50:57 - ingestion.Cleaner - Converted 'subgroup' to string
24180 - 23-Feb-26 10:50:57 - ingestion.Cleaner - Converted 'time_period_label' to string
24180 - 23-Feb-26 10:50:57 - ingestion.Cleaner - Converted 'confidence_interval' to string
24180 - 23-Feb-26 10:50:57 - ingestion.Cleaner - Converted 'quartile_range' to string
24180 - 23-Feb-26 10:50:57 - ingestion.Cleaner - Completed data cleaning.
24180 - 23-Feb-26 10:50:57 - ingestion.Cleaner - Starting data cleaning step
24180 - 23-Feb-26 10:50:57 - ingestion.Cleaner - Removed 0 duplicate rows
24180 - 23-Feb-26 10:50:57 - ingestion.Cleaner - Converted column 'phase' to numeric
24180 - 23-Feb-26 10:50:57 - ingestion.Cleaner - Converted column 'value' to numeric
24180 - 23-Feb-26 10:50:57 - ingestion.Cleaner - Converted column 'lowci' to numeric
24180 - 23-Feb-26 10:50:57 - ingestion.Cleaner - Converted column 'highci' to numeric
24180 - 23-Feb-26 10:50:57 - ingestion.Cleaner - Converted 'time_period' to nullable Int64
24180 - 23-Feb-26 10:50:57 - ingestion.Cleaner - Converted 'time_period_start_date' to datetime
24180 - 23-Feb-26 10:50:57 - ingestion.Cleaner - Converted 'time_period_end_date' to datetime
24180 - 23-Feb-26 10:50:57 - ingestion.Cleaner - Converted 'indicator' to string
24180 - 23-Feb-26 10:50:57 - ingestion.Cleaner - Converted 'group' to string
24180 - 23-Feb-26 10:50:57 - ingestion.Cleaner - Converted 'state' to string
24180 - 23-Feb-26 10:50:57 - ingestion.Cleaner - Converted 'subgroup' to string
24180 - 23-Feb-26 10:50:57 - ingestion.Cleaner - Converted 'time_period_label' to string
24180 - 23-Feb-26 10:50:57 - ingestion.Cleaner - Converted 'confidence_interval' to string
24180 - 23-Feb-26 10:50:57 - ingestion.Cleaner - Converted 'quartile_range' to string
24180 - 23-Feb-26 10:50:57 - ingestion.Cleaner - Converted suppression_flag to numeric
24180 - 23-Feb-26 10:50:57 - ingestion.Cleaner - Converted rejection_reason to string
24180 - 23-Feb-26 10:50:57 - ingestion.Cleaner - Completed data cleaning.
24180 - 23-Feb-26 10:50:58 - DBlogger - Successfully connected to database
24180 - 23-Feb-26 10:51:00 - DBlogger - Succesfully inserted 9914 rows into database
24180 - 23-Feb-26 10:51:00 - DBlogger - Error occurred during data insertion: 'NoneType' object has no attribute 'session'
24180 - 23-Feb-26 10:51:14 - main - Ingestion pipeline starting
24180 - 23-Feb-26 10:51:14 - api_ingestion.Validator - Normalized columns: ['series_id', 'year', 'period', 'period_name', 'value']
24180 - 23-Feb-26 10:51:14 - api_ingestion.Validator - Successfully validated 1800 rows
24180 - 23-Feb-26 10:51:14 - api_ingestion.Validator - Rejected 0 rows
24180 - 23-Feb-26 10:51:14 - api_ingestion.Cleaner - Starting data cleaning step
24180 - 23-Feb-26 10:51:14 - api_ingestion.Cleaner - Removed 0 duplicate rows
24180 - 23-Feb-26 10:51:14 - api_ingestion.Cleaner - Converted column value to numeric
24180 - 23-Feb-26 10:51:14 - api_ingestion.Cleaner - Converted column year to numeric
24180 - 23-Feb-26 10:51:14 - api_ingestion.Cleaner - Created temporary column month and converted it to numeric
24180 - 23-Feb-26 10:51:14 - api_ingestion.Cleaner - Created column date and converted it to datetime
24180 - 23-Feb-26 10:51:14 - api_ingestion.Cleaner - Converted series_id to string
24180 - 23-Feb-26 10:51:14 - api_ingestion.Cleaner - Created column state_fips 
24180 - 23-Feb-26 10:51:14 - api_ingestion.Cleaner - Created column state and converted it to string
24180 - 23-Feb-26 10:51:14 - api_ingestion.Cleaner - dropped columns series_id, year, month, and period_name
24180 - 23-Feb-26 10:51:14 - api_ingestion.Cleaner - Completed data cleaning.
24180 - 23-Feb-26 10:51:14 - DBlogger - Error occurred during data insertion: (mysql.connector.errors.IntegrityError) 1062 (23000): Duplicate entry '01-2022-12-01' for key 'unemployment.uq_state_date'
[SQL: INSERT INTO unemployment (state_fips, state, date, unemployment_rate)                         VALUES (%(state_fips)s, %(state)s, %(date)s, %(value)s)]
[parameters: [{'state_fips': '01', 'state': 'Alabama', 'date': Timestamp('2022-12-01 00:00:00'), 'value': 2.0}, {'state_fips': '01', 'state': 'Alabama', 'date': Timestamp('2022-11-01 00:00:00'), 'value': 2.2}, {'state_fips': '01', 'state': 'Alabama', 'date': Timestamp('2022-10-01 00:00:00'), 'value': 2.4}, {'state_fips': '01', 'state': 'Alabama', 'date': Timestamp('2022-09-01 00:00:00'), 'value': 2.4}, {'state_fips': '01', 'state': 'Alabama', 'date': Timestamp('2022-08-01 00:00:00'), 'value': 2.9}, {'state_fips': '01', 'state': 'Alabama', 'date': Timestamp('2022-07-01 00:00:00'), 'value': 2.9}, {'state_fips': '01', 'state': 'Alabama', 'date': Timestamp('2022-06-01 00:00:00'), 'value': 3.0}, {'state_fips': '01', 'state': 'Alabama', 'date': Timestamp('2022-05-01 00:00:00'), 'value': 2.2}  ... displaying 10 of 1800 total bound parameter sets ...  {'state_fips': '56', 'state': 'Wyoming', 'date': Timestamp('2020-02-01 00:00:00'), 'value': 5.0}, {'state_fips': '56', 'state': 'Wyoming', 'date': Timestamp('2020-01-01 00:00:00'), 'value': 5.1}]]
(Background on this error at: https://sqlalche.me/e/20/gkpj)
24180 - 23-Feb-26 10:51:56 - DBlogger - Successfully closed DB connection
24180 - 23-Feb-26 10:51:56 - DBlogger - Successfully closed DB connection
21040 - 23-Feb-26 13:14:00 - main - Ingestion pipeline starting
21040 - 23-Feb-26 13:14:00 - ingestion.Reader - Attempting to read CSV at C:\Users\armin\OneDrive\Desktop\Developer\MHIngestion\data\Mental_Health_DB.csv
21040 - 23-Feb-26 13:14:00 - ingestion.Reader - Read 10404 rows from C:\Users\armin\OneDrive\Desktop\Developer\MHIngestion\data\Mental_Health_DB.csv
21040 - 23-Feb-26 13:14:00 - ingestion.Validator - Normalized columns: ['indicator', 'group', 'state', 'subgroup', 'phase', 'time_period', 'time_period_label', 'time_period_start_date', 'time_period_end_date', 'value', 'lowci', 'highci', 'confidence_interval', 'quartile_range', 'suppression_flag']
21040 - 23-Feb-26 13:14:00 - ingestion.Validator - Successfully validated 9914 rows
21040 - 23-Feb-26 13:14:00 - ingestion.Validator - Rejected 490 rows
21040 - 23-Feb-26 13:14:00 - ingestion.Cleaner - Starting data cleaning step
21040 - 23-Feb-26 13:14:00 - ingestion.Cleaner - Removed 0 duplicate rows
21040 - 23-Feb-26 13:14:00 - ingestion.Cleaner - Converted column 'phase' to numeric
21040 - 23-Feb-26 13:14:00 - ingestion.Cleaner - Converted column 'value' to numeric
21040 - 23-Feb-26 13:14:00 - ingestion.Cleaner - Converted column 'lowci' to numeric
21040 - 23-Feb-26 13:14:00 - ingestion.Cleaner - Converted column 'highci' to numeric
21040 - 23-Feb-26 13:14:00 - ingestion.Cleaner - Converted 'time_period' to nullable Int64
21040 - 23-Feb-26 13:14:01 - ingestion.Cleaner - Converted 'time_period_start_date' to datetime
21040 - 23-Feb-26 13:14:01 - ingestion.Cleaner - Converted 'time_period_end_date' to datetime
21040 - 23-Feb-26 13:14:01 - ingestion.Cleaner - Converted 'indicator' to string
21040 - 23-Feb-26 13:14:01 - ingestion.Cleaner - Converted 'group' to string
21040 - 23-Feb-26 13:14:01 - ingestion.Cleaner - Converted 'state' to string
21040 - 23-Feb-26 13:14:01 - ingestion.Cleaner - Converted 'subgroup' to string
21040 - 23-Feb-26 13:14:01 - ingestion.Cleaner - Converted 'time_period_label' to string
21040 - 23-Feb-26 13:14:01 - ingestion.Cleaner - Converted 'confidence_interval' to string
21040 - 23-Feb-26 13:14:01 - ingestion.Cleaner - Converted 'quartile_range' to string
21040 - 23-Feb-26 13:14:01 - ingestion.Cleaner - Completed data cleaning.
21040 - 23-Feb-26 13:14:01 - ingestion.Cleaner - Starting data cleaning step
21040 - 23-Feb-26 13:14:01 - ingestion.Cleaner - Removed 0 duplicate rows
21040 - 23-Feb-26 13:14:01 - ingestion.Cleaner - Converted column 'phase' to numeric
21040 - 23-Feb-26 13:14:01 - ingestion.Cleaner - Converted column 'value' to numeric
21040 - 23-Feb-26 13:14:01 - ingestion.Cleaner - Converted column 'lowci' to numeric
21040 - 23-Feb-26 13:14:01 - ingestion.Cleaner - Converted column 'highci' to numeric
21040 - 23-Feb-26 13:14:01 - ingestion.Cleaner - Converted 'time_period' to nullable Int64
21040 - 23-Feb-26 13:14:01 - ingestion.Cleaner - Converted 'time_period_start_date' to datetime
21040 - 23-Feb-26 13:14:01 - ingestion.Cleaner - Converted 'time_period_end_date' to datetime
21040 - 23-Feb-26 13:14:01 - ingestion.Cleaner - Converted 'indicator' to string
21040 - 23-Feb-26 13:14:01 - ingestion.Cleaner - Converted 'group' to string
21040 - 23-Feb-26 13:14:01 - ingestion.Cleaner - Converted 'state' to string
21040 - 23-Feb-26 13:14:01 - ingestion.Cleaner - Converted 'subgroup' to string
21040 - 23-Feb-26 13:14:01 - ingestion.Cleaner - Converted 'time_period_label' to string
21040 - 23-Feb-26 13:14:01 - ingestion.Cleaner - Converted 'confidence_interval' to string
21040 - 23-Feb-26 13:14:01 - ingestion.Cleaner - Converted 'quartile_range' to string
21040 - 23-Feb-26 13:14:01 - ingestion.Cleaner - Converted suppression_flag to numeric
21040 - 23-Feb-26 13:14:01 - ingestion.Cleaner - Converted rejection_reason to string
21040 - 23-Feb-26 13:14:01 - ingestion.Cleaner - Completed data cleaning.
21040 - 23-Feb-26 13:14:01 - DBlogger - Successfully connected to database
21040 - 23-Feb-26 13:14:02 - DBlogger - Succesfully inserted 9914 rows into database
21040 - 23-Feb-26 13:14:02 - DBlogger - Error occurred during data insertion: 'NoneType' object has no attribute 'session'
21040 - 23-Feb-26 13:14:14 - main - Ingestion pipeline starting
21040 - 23-Feb-26 13:14:14 - api_ingestion.Validator - Normalized columns: ['series_id', 'year', 'period', 'period_name', 'value']
21040 - 23-Feb-26 13:14:14 - api_ingestion.Validator - Successfully validated 1800 rows
21040 - 23-Feb-26 13:14:14 - api_ingestion.Validator - Rejected 0 rows
21040 - 23-Feb-26 13:14:14 - api_ingestion.Cleaner - Starting data cleaning step
21040 - 23-Feb-26 13:14:14 - api_ingestion.Cleaner - Removed 0 duplicate rows
21040 - 23-Feb-26 13:14:14 - api_ingestion.Cleaner - Converted column value to numeric
21040 - 23-Feb-26 13:14:14 - api_ingestion.Cleaner - Converted column year to numeric
21040 - 23-Feb-26 13:14:14 - api_ingestion.Cleaner - Created temporary column month and converted it to numeric
21040 - 23-Feb-26 13:14:14 - api_ingestion.Cleaner - Created column date and converted it to datetime
21040 - 23-Feb-26 13:14:14 - api_ingestion.Cleaner - Converted series_id to string
21040 - 23-Feb-26 13:14:14 - api_ingestion.Cleaner - Created column state_fips 
21040 - 23-Feb-26 13:14:14 - api_ingestion.Cleaner - Created column state and converted it to string
21040 - 23-Feb-26 13:14:14 - api_ingestion.Cleaner - dropped columns series_id, year, month, and period_name
21040 - 23-Feb-26 13:14:14 - api_ingestion.Cleaner - Completed data cleaning.
21040 - 23-Feb-26 13:14:14 - DBlogger - Error occurred during data insertion: (mysql.connector.errors.IntegrityError) 1062 (23000): Duplicate entry '01-2022-12-01' for key 'unemployment.uq_state_date'
[SQL: INSERT INTO unemployment (state_fips, state, date, unemployment_rate)                         VALUES (%(state_fips)s, %(state)s, %(date)s, %(value)s)]
[parameters: [{'state_fips': '01', 'state': 'Alabama', 'date': Timestamp('2022-12-01 00:00:00'), 'value': 2.0}, {'state_fips': '01', 'state': 'Alabama', 'date': Timestamp('2022-11-01 00:00:00'), 'value': 2.2}, {'state_fips': '01', 'state': 'Alabama', 'date': Timestamp('2022-10-01 00:00:00'), 'value': 2.4}, {'state_fips': '01', 'state': 'Alabama', 'date': Timestamp('2022-09-01 00:00:00'), 'value': 2.4}, {'state_fips': '01', 'state': 'Alabama', 'date': Timestamp('2022-08-01 00:00:00'), 'value': 2.9}, {'state_fips': '01', 'state': 'Alabama', 'date': Timestamp('2022-07-01 00:00:00'), 'value': 2.9}, {'state_fips': '01', 'state': 'Alabama', 'date': Timestamp('2022-06-01 00:00:00'), 'value': 3.0}, {'state_fips': '01', 'state': 'Alabama', 'date': Timestamp('2022-05-01 00:00:00'), 'value': 2.2}  ... displaying 10 of 1800 total bound parameter sets ...  {'state_fips': '56', 'state': 'Wyoming', 'date': Timestamp('2020-02-01 00:00:00'), 'value': 5.0}, {'state_fips': '56', 'state': 'Wyoming', 'date': Timestamp('2020-01-01 00:00:00'), 'value': 5.1}]]
(Background on this error at: https://sqlalche.me/e/20/gkpj)
21040 - 23-Feb-26 13:14:54 - DBlogger - Successfully closed DB connection
21040 - 23-Feb-26 13:14:54 - DBlogger - Successfully closed DB connection
32348 - 23-Feb-26 13:52:08 - main - Ingestion pipeline starting
32348 - 23-Feb-26 13:52:08 - ingestion.Reader - Attempting to read CSV at C:\Users\armin\OneDrive\Desktop\Developer\MHIngestion\data\Mental_Health_DB.csv
32348 - 23-Feb-26 13:52:08 - ingestion.Reader - Read 10404 rows from C:\Users\armin\OneDrive\Desktop\Developer\MHIngestion\data\Mental_Health_DB.csv
32348 - 23-Feb-26 13:52:08 - ingestion.Validator - Normalized columns: ['indicator', 'group', 'state', 'subgroup', 'phase', 'time_period', 'time_period_label', 'time_period_start_date', 'time_period_end_date', 'value', 'lowci', 'highci', 'confidence_interval', 'quartile_range', 'suppression_flag']
32348 - 23-Feb-26 13:52:08 - ingestion.Validator - Successfully validated 9914 rows
32348 - 23-Feb-26 13:52:08 - ingestion.Validator - Rejected 490 rows
32348 - 23-Feb-26 13:52:08 - ingestion.Cleaner - Starting data cleaning step
32348 - 23-Feb-26 13:52:08 - ingestion.Cleaner - Removed 0 duplicate rows
32348 - 23-Feb-26 13:52:08 - ingestion.Cleaner - Converted column 'phase' to numeric
32348 - 23-Feb-26 13:52:08 - ingestion.Cleaner - Converted column 'value' to numeric
32348 - 23-Feb-26 13:52:08 - ingestion.Cleaner - Converted column 'lowci' to numeric
32348 - 23-Feb-26 13:52:08 - ingestion.Cleaner - Converted column 'highci' to numeric
32348 - 23-Feb-26 13:52:08 - ingestion.Cleaner - Converted 'time_period' to nullable Int64
32348 - 23-Feb-26 13:52:08 - ingestion.Cleaner - Converted 'time_period_start_date' to datetime
32348 - 23-Feb-26 13:52:08 - ingestion.Cleaner - Converted 'time_period_end_date' to datetime
32348 - 23-Feb-26 13:52:08 - ingestion.Cleaner - Converted 'indicator' to string
32348 - 23-Feb-26 13:52:08 - ingestion.Cleaner - Converted 'group' to string
32348 - 23-Feb-26 13:52:08 - ingestion.Cleaner - Converted 'state' to string
32348 - 23-Feb-26 13:52:08 - ingestion.Cleaner - Converted 'subgroup' to string
32348 - 23-Feb-26 13:52:08 - ingestion.Cleaner - Converted 'time_period_label' to string
32348 - 23-Feb-26 13:52:08 - ingestion.Cleaner - Converted 'confidence_interval' to string
32348 - 23-Feb-26 13:52:08 - ingestion.Cleaner - Converted 'quartile_range' to string
32348 - 23-Feb-26 13:52:08 - ingestion.Cleaner - Completed data cleaning.
32348 - 23-Feb-26 13:52:08 - ingestion.Cleaner - Starting data cleaning step
32348 - 23-Feb-26 13:52:08 - ingestion.Cleaner - Removed 0 duplicate rows
32348 - 23-Feb-26 13:52:08 - ingestion.Cleaner - Converted column 'phase' to numeric
32348 - 23-Feb-26 13:52:08 - ingestion.Cleaner - Converted column 'value' to numeric
32348 - 23-Feb-26 13:52:08 - ingestion.Cleaner - Converted column 'lowci' to numeric
32348 - 23-Feb-26 13:52:08 - ingestion.Cleaner - Converted column 'highci' to numeric
32348 - 23-Feb-26 13:52:08 - ingestion.Cleaner - Converted 'time_period' to nullable Int64
32348 - 23-Feb-26 13:52:08 - ingestion.Cleaner - Converted 'time_period_start_date' to datetime
32348 - 23-Feb-26 13:52:08 - ingestion.Cleaner - Converted 'time_period_end_date' to datetime
32348 - 23-Feb-26 13:52:08 - ingestion.Cleaner - Converted 'indicator' to string
32348 - 23-Feb-26 13:52:08 - ingestion.Cleaner - Converted 'group' to string
32348 - 23-Feb-26 13:52:08 - ingestion.Cleaner - Converted 'state' to string
32348 - 23-Feb-26 13:52:08 - ingestion.Cleaner - Converted 'subgroup' to string
32348 - 23-Feb-26 13:52:08 - ingestion.Cleaner - Converted 'time_period_label' to string
32348 - 23-Feb-26 13:52:08 - ingestion.Cleaner - Converted 'confidence_interval' to string
32348 - 23-Feb-26 13:52:08 - ingestion.Cleaner - Converted 'quartile_range' to string
32348 - 23-Feb-26 13:52:08 - ingestion.Cleaner - Converted suppression_flag to numeric
32348 - 23-Feb-26 13:52:08 - ingestion.Cleaner - Converted rejection_reason to string
32348 - 23-Feb-26 13:52:08 - ingestion.Cleaner - Completed data cleaning.
32348 - 23-Feb-26 13:52:08 - DBlogger - Successfully connected to database
32348 - 23-Feb-26 13:52:09 - DBlogger - Succesfully inserted 9914 rows into database
32348 - 23-Feb-26 13:52:09 - DBlogger - Error occurred during data insertion: 'NoneType' object has no attribute 'session'
32348 - 23-Feb-26 13:52:20 - main - Ingestion pipeline starting
32348 - 23-Feb-26 13:52:20 - api_ingestion.Validator - Normalized columns: ['series_id', 'year', 'period', 'period_name', 'value']
32348 - 23-Feb-26 13:52:20 - api_ingestion.Validator - Successfully validated 1800 rows
32348 - 23-Feb-26 13:52:20 - api_ingestion.Validator - Rejected 0 rows
32348 - 23-Feb-26 13:52:20 - api_ingestion.Cleaner - Starting data cleaning step
32348 - 23-Feb-26 13:52:20 - api_ingestion.Cleaner - Removed 0 duplicate rows
32348 - 23-Feb-26 13:52:20 - api_ingestion.Cleaner - Converted column value to numeric
32348 - 23-Feb-26 13:52:20 - api_ingestion.Cleaner - Converted column year to numeric
32348 - 23-Feb-26 13:52:20 - api_ingestion.Cleaner - Created temporary column month and converted it to numeric
32348 - 23-Feb-26 13:52:20 - api_ingestion.Cleaner - Created column date and converted it to datetime
32348 - 23-Feb-26 13:52:20 - api_ingestion.Cleaner - Converted series_id to string
32348 - 23-Feb-26 13:52:20 - api_ingestion.Cleaner - Created column state_fips 
32348 - 23-Feb-26 13:52:20 - api_ingestion.Cleaner - Created column state and converted it to string
32348 - 23-Feb-26 13:52:20 - api_ingestion.Cleaner - dropped columns series_id, year, month, and period_name
32348 - 23-Feb-26 13:52:20 - api_ingestion.Cleaner - Completed data cleaning.
32348 - 23-Feb-26 13:52:20 - DBlogger - Error occurred during data insertion: (mysql.connector.errors.IntegrityError) 1062 (23000): Duplicate entry '01-2022-12-01' for key 'unemployment.uq_state_date'
[SQL: INSERT INTO unemployment (state_fips, state, date, unemployment_rate)                         VALUES (%(state_fips)s, %(state)s, %(date)s, %(value)s)]
[parameters: [{'state_fips': '01', 'state': 'Alabama', 'date': Timestamp('2022-12-01 00:00:00'), 'value': 2.0}, {'state_fips': '01', 'state': 'Alabama', 'date': Timestamp('2022-11-01 00:00:00'), 'value': 2.2}, {'state_fips': '01', 'state': 'Alabama', 'date': Timestamp('2022-10-01 00:00:00'), 'value': 2.4}, {'state_fips': '01', 'state': 'Alabama', 'date': Timestamp('2022-09-01 00:00:00'), 'value': 2.4}, {'state_fips': '01', 'state': 'Alabama', 'date': Timestamp('2022-08-01 00:00:00'), 'value': 2.9}, {'state_fips': '01', 'state': 'Alabama', 'date': Timestamp('2022-07-01 00:00:00'), 'value': 2.9}, {'state_fips': '01', 'state': 'Alabama', 'date': Timestamp('2022-06-01 00:00:00'), 'value': 3.0}, {'state_fips': '01', 'state': 'Alabama', 'date': Timestamp('2022-05-01 00:00:00'), 'value': 2.2}  ... displaying 10 of 1800 total bound parameter sets ...  {'state_fips': '56', 'state': 'Wyoming', 'date': Timestamp('2020-02-01 00:00:00'), 'value': 5.0}, {'state_fips': '56', 'state': 'Wyoming', 'date': Timestamp('2020-01-01 00:00:00'), 'value': 5.1}]]
(Background on this error at: https://sqlalche.me/e/20/gkpj)
32348 - 23-Feb-26 13:52:20 - DBlogger - Successfully closed DB connection
32348 - 23-Feb-26 13:52:20 - DBlogger - Successfully closed DB connection
13744 - 23-Feb-26 13:55:28 - main - Ingestion pipeline starting
13744 - 23-Feb-26 13:55:28 - ingestion.Reader - Attempting to read CSV at C:\Users\armin\OneDrive\Desktop\Developer\MHIngestion\data\Mental_Health_DB.csv
13744 - 23-Feb-26 13:55:28 - ingestion.Reader - Read 10404 rows from C:\Users\armin\OneDrive\Desktop\Developer\MHIngestion\data\Mental_Health_DB.csv
13744 - 23-Feb-26 13:55:28 - ingestion.Validator - Normalized columns: ['indicator', 'group', 'state', 'subgroup', 'phase', 'time_period', 'time_period_label', 'time_period_start_date', 'time_period_end_date', 'value', 'lowci', 'highci', 'confidence_interval', 'quartile_range', 'suppression_flag']
13744 - 23-Feb-26 13:55:28 - ingestion.Validator - Successfully validated 9914 rows
13744 - 23-Feb-26 13:55:28 - ingestion.Validator - Rejected 490 rows
13744 - 23-Feb-26 13:55:28 - ingestion.Cleaner - Starting data cleaning step
13744 - 23-Feb-26 13:55:28 - ingestion.Cleaner - Removed 0 duplicate rows
13744 - 23-Feb-26 13:55:28 - ingestion.Cleaner - Converted column 'phase' to numeric
13744 - 23-Feb-26 13:55:28 - ingestion.Cleaner - Converted column 'value' to numeric
13744 - 23-Feb-26 13:55:28 - ingestion.Cleaner - Converted column 'lowci' to numeric
13744 - 23-Feb-26 13:55:28 - ingestion.Cleaner - Converted column 'highci' to numeric
13744 - 23-Feb-26 13:55:28 - ingestion.Cleaner - Converted 'time_period' to nullable Int64
13744 - 23-Feb-26 13:55:28 - ingestion.Cleaner - Converted 'time_period_start_date' to datetime
13744 - 23-Feb-26 13:55:28 - ingestion.Cleaner - Converted 'time_period_end_date' to datetime
13744 - 23-Feb-26 13:55:28 - ingestion.Cleaner - Converted 'indicator' to string
13744 - 23-Feb-26 13:55:28 - ingestion.Cleaner - Converted 'group' to string
13744 - 23-Feb-26 13:55:28 - ingestion.Cleaner - Converted 'state' to string
13744 - 23-Feb-26 13:55:28 - ingestion.Cleaner - Converted 'subgroup' to string
13744 - 23-Feb-26 13:55:28 - ingestion.Cleaner - Converted 'time_period_label' to string
13744 - 23-Feb-26 13:55:28 - ingestion.Cleaner - Converted 'confidence_interval' to string
13744 - 23-Feb-26 13:55:28 - ingestion.Cleaner - Converted 'quartile_range' to string
13744 - 23-Feb-26 13:55:28 - ingestion.Cleaner - Completed data cleaning.
13744 - 23-Feb-26 13:55:28 - ingestion.Cleaner - Starting data cleaning step
13744 - 23-Feb-26 13:55:28 - ingestion.Cleaner - Removed 0 duplicate rows
13744 - 23-Feb-26 13:55:28 - ingestion.Cleaner - Converted column 'phase' to numeric
13744 - 23-Feb-26 13:55:28 - ingestion.Cleaner - Converted column 'value' to numeric
13744 - 23-Feb-26 13:55:28 - ingestion.Cleaner - Converted column 'lowci' to numeric
13744 - 23-Feb-26 13:55:28 - ingestion.Cleaner - Converted column 'highci' to numeric
13744 - 23-Feb-26 13:55:28 - ingestion.Cleaner - Converted 'time_period' to nullable Int64
13744 - 23-Feb-26 13:55:28 - ingestion.Cleaner - Converted 'time_period_start_date' to datetime
13744 - 23-Feb-26 13:55:28 - ingestion.Cleaner - Converted 'time_period_end_date' to datetime
13744 - 23-Feb-26 13:55:28 - ingestion.Cleaner - Converted 'indicator' to string
13744 - 23-Feb-26 13:55:28 - ingestion.Cleaner - Converted 'group' to string
13744 - 23-Feb-26 13:55:28 - ingestion.Cleaner - Converted 'state' to string
13744 - 23-Feb-26 13:55:28 - ingestion.Cleaner - Converted 'subgroup' to string
13744 - 23-Feb-26 13:55:28 - ingestion.Cleaner - Converted 'time_period_label' to string
13744 - 23-Feb-26 13:55:28 - ingestion.Cleaner - Converted 'confidence_interval' to string
13744 - 23-Feb-26 13:55:28 - ingestion.Cleaner - Converted 'quartile_range' to string
13744 - 23-Feb-26 13:55:28 - ingestion.Cleaner - Converted suppression_flag to numeric
13744 - 23-Feb-26 13:55:28 - ingestion.Cleaner - Converted rejection_reason to string
13744 - 23-Feb-26 13:55:28 - ingestion.Cleaner - Completed data cleaning.
13744 - 23-Feb-26 13:55:29 - DBlogger - Successfully connected to database
13744 - 23-Feb-26 13:55:29 - DBlogger - Succesfully inserted 9914 rows into database
13744 - 23-Feb-26 13:55:29 - DBlogger - Error occurred during data insertion: 'NoneType' object has no attribute 'session'
13744 - 23-Feb-26 13:55:40 - main - Ingestion pipeline starting
13744 - 23-Feb-26 13:55:40 - api_ingestion.Validator - Normalized columns: ['series_id', 'year', 'period', 'period_name', 'value']
13744 - 23-Feb-26 13:55:40 - api_ingestion.Validator - Successfully validated 1800 rows
13744 - 23-Feb-26 13:55:40 - api_ingestion.Validator - Rejected 0 rows
13744 - 23-Feb-26 13:55:40 - api_ingestion.Cleaner - Starting data cleaning step
13744 - 23-Feb-26 13:55:40 - api_ingestion.Cleaner - Removed 0 duplicate rows
13744 - 23-Feb-26 13:55:40 - api_ingestion.Cleaner - Converted column value to numeric
13744 - 23-Feb-26 13:55:40 - api_ingestion.Cleaner - Converted column year to numeric
13744 - 23-Feb-26 13:55:40 - api_ingestion.Cleaner - Created temporary column month and converted it to numeric
13744 - 23-Feb-26 13:55:40 - api_ingestion.Cleaner - Created column date and converted it to datetime
13744 - 23-Feb-26 13:55:40 - api_ingestion.Cleaner - Converted series_id to string
13744 - 23-Feb-26 13:55:40 - api_ingestion.Cleaner - Created column state_fips 
13744 - 23-Feb-26 13:55:40 - api_ingestion.Cleaner - Created column state and converted it to string
13744 - 23-Feb-26 13:55:40 - api_ingestion.Cleaner - dropped columns series_id, year, month, and period_name
13744 - 23-Feb-26 13:55:40 - api_ingestion.Cleaner - Completed data cleaning.
13744 - 23-Feb-26 13:55:40 - DBlogger - Error occurred during data insertion: (mysql.connector.errors.IntegrityError) 1062 (23000): Duplicate entry '01-2022-12-01' for key 'unemployment.uq_state_date'
[SQL: INSERT INTO unemployment (state_fips, state, date, unemployment_rate)                         VALUES (%(state_fips)s, %(state)s, %(date)s, %(value)s)]
[parameters: [{'state_fips': '01', 'state': 'Alabama', 'date': Timestamp('2022-12-01 00:00:00'), 'value': 2.0}, {'state_fips': '01', 'state': 'Alabama', 'date': Timestamp('2022-11-01 00:00:00'), 'value': 2.2}, {'state_fips': '01', 'state': 'Alabama', 'date': Timestamp('2022-10-01 00:00:00'), 'value': 2.4}, {'state_fips': '01', 'state': 'Alabama', 'date': Timestamp('2022-09-01 00:00:00'), 'value': 2.4}, {'state_fips': '01', 'state': 'Alabama', 'date': Timestamp('2022-08-01 00:00:00'), 'value': 2.9}, {'state_fips': '01', 'state': 'Alabama', 'date': Timestamp('2022-07-01 00:00:00'), 'value': 2.9}, {'state_fips': '01', 'state': 'Alabama', 'date': Timestamp('2022-06-01 00:00:00'), 'value': 3.0}, {'state_fips': '01', 'state': 'Alabama', 'date': Timestamp('2022-05-01 00:00:00'), 'value': 2.2}  ... displaying 10 of 1800 total bound parameter sets ...  {'state_fips': '56', 'state': 'Wyoming', 'date': Timestamp('2020-02-01 00:00:00'), 'value': 5.0}, {'state_fips': '56', 'state': 'Wyoming', 'date': Timestamp('2020-01-01 00:00:00'), 'value': 5.1}]]
(Background on this error at: https://sqlalche.me/e/20/gkpj)
2692 - 23-Feb-26 13:56:41 - main - Ingestion pipeline starting
2692 - 23-Feb-26 13:56:41 - ingestion.Reader - Attempting to read CSV at C:\Users\armin\OneDrive\Desktop\Developer\MHIngestion\data\Mental_Health_DB.csv
2692 - 23-Feb-26 13:56:41 - ingestion.Reader - Read 10404 rows from C:\Users\armin\OneDrive\Desktop\Developer\MHIngestion\data\Mental_Health_DB.csv
2692 - 23-Feb-26 13:56:41 - ingestion.Validator - Normalized columns: ['indicator', 'group', 'state', 'subgroup', 'phase', 'time_period', 'time_period_label', 'time_period_start_date', 'time_period_end_date', 'value', 'lowci', 'highci', 'confidence_interval', 'quartile_range', 'suppression_flag']
2692 - 23-Feb-26 13:56:41 - ingestion.Validator - Successfully validated 9914 rows
2692 - 23-Feb-26 13:56:41 - ingestion.Validator - Rejected 490 rows
2692 - 23-Feb-26 13:56:41 - ingestion.Cleaner - Starting data cleaning step
2692 - 23-Feb-26 13:56:41 - ingestion.Cleaner - Removed 0 duplicate rows
2692 - 23-Feb-26 13:56:41 - ingestion.Cleaner - Converted column 'phase' to numeric
2692 - 23-Feb-26 13:56:41 - ingestion.Cleaner - Converted column 'value' to numeric
2692 - 23-Feb-26 13:56:41 - ingestion.Cleaner - Converted column 'lowci' to numeric
2692 - 23-Feb-26 13:56:41 - ingestion.Cleaner - Converted column 'highci' to numeric
2692 - 23-Feb-26 13:56:41 - ingestion.Cleaner - Converted 'time_period' to nullable Int64
2692 - 23-Feb-26 13:56:41 - ingestion.Cleaner - Converted 'time_period_start_date' to datetime
2692 - 23-Feb-26 13:56:41 - ingestion.Cleaner - Converted 'time_period_end_date' to datetime
2692 - 23-Feb-26 13:56:41 - ingestion.Cleaner - Converted 'indicator' to string
2692 - 23-Feb-26 13:56:41 - ingestion.Cleaner - Converted 'group' to string
2692 - 23-Feb-26 13:56:41 - ingestion.Cleaner - Converted 'state' to string
2692 - 23-Feb-26 13:56:41 - ingestion.Cleaner - Converted 'subgroup' to string
2692 - 23-Feb-26 13:56:41 - ingestion.Cleaner - Converted 'time_period_label' to string
2692 - 23-Feb-26 13:56:41 - ingestion.Cleaner - Converted 'confidence_interval' to string
2692 - 23-Feb-26 13:56:41 - ingestion.Cleaner - Converted 'quartile_range' to string
2692 - 23-Feb-26 13:56:41 - ingestion.Cleaner - Completed data cleaning.
2692 - 23-Feb-26 13:56:41 - ingestion.Cleaner - Starting data cleaning step
2692 - 23-Feb-26 13:56:41 - ingestion.Cleaner - Removed 0 duplicate rows
2692 - 23-Feb-26 13:56:41 - ingestion.Cleaner - Converted column 'phase' to numeric
2692 - 23-Feb-26 13:56:41 - ingestion.Cleaner - Converted column 'value' to numeric
2692 - 23-Feb-26 13:56:41 - ingestion.Cleaner - Converted column 'lowci' to numeric
2692 - 23-Feb-26 13:56:41 - ingestion.Cleaner - Converted column 'highci' to numeric
2692 - 23-Feb-26 13:56:41 - ingestion.Cleaner - Converted 'time_period' to nullable Int64
2692 - 23-Feb-26 13:56:41 - ingestion.Cleaner - Converted 'time_period_start_date' to datetime
2692 - 23-Feb-26 13:56:41 - ingestion.Cleaner - Converted 'time_period_end_date' to datetime
2692 - 23-Feb-26 13:56:41 - ingestion.Cleaner - Converted 'indicator' to string
2692 - 23-Feb-26 13:56:41 - ingestion.Cleaner - Converted 'group' to string
2692 - 23-Feb-26 13:56:41 - ingestion.Cleaner - Converted 'state' to string
2692 - 23-Feb-26 13:56:41 - ingestion.Cleaner - Converted 'subgroup' to string
2692 - 23-Feb-26 13:56:41 - ingestion.Cleaner - Converted 'time_period_label' to string
2692 - 23-Feb-26 13:56:41 - ingestion.Cleaner - Converted 'confidence_interval' to string
2692 - 23-Feb-26 13:56:41 - ingestion.Cleaner - Converted 'quartile_range' to string
2692 - 23-Feb-26 13:56:41 - ingestion.Cleaner - Converted suppression_flag to numeric
2692 - 23-Feb-26 13:56:41 - ingestion.Cleaner - Converted rejection_reason to string
2692 - 23-Feb-26 13:56:41 - ingestion.Cleaner - Completed data cleaning.
2692 - 23-Feb-26 13:56:42 - DBlogger - Successfully connected to database
2692 - 23-Feb-26 13:56:42 - DBlogger - Succesfully inserted 9914 rows into database
2692 - 23-Feb-26 13:56:42 - DBlogger - Error occurred during data insertion: 'NoneType' object has no attribute 'session'
2692 - 23-Feb-26 13:56:53 - main - Ingestion pipeline starting
2692 - 23-Feb-26 13:56:53 - api_ingestion.Validator - Normalized columns: ['series_id', 'year', 'period', 'period_name', 'value']
2692 - 23-Feb-26 13:56:53 - api_ingestion.Validator - Successfully validated 1800 rows
2692 - 23-Feb-26 13:56:53 - api_ingestion.Validator - Rejected 0 rows
2692 - 23-Feb-26 13:56:53 - api_ingestion.Cleaner - Starting data cleaning step
2692 - 23-Feb-26 13:56:53 - api_ingestion.Cleaner - Removed 0 duplicate rows
2692 - 23-Feb-26 13:56:53 - api_ingestion.Cleaner - Converted column value to numeric
2692 - 23-Feb-26 13:56:53 - api_ingestion.Cleaner - Converted column year to numeric
2692 - 23-Feb-26 13:56:53 - api_ingestion.Cleaner - Created temporary column month and converted it to numeric
2692 - 23-Feb-26 13:56:53 - api_ingestion.Cleaner - Created column date and converted it to datetime
2692 - 23-Feb-26 13:56:53 - api_ingestion.Cleaner - Converted series_id to string
2692 - 23-Feb-26 13:56:53 - api_ingestion.Cleaner - Created column state_fips 
2692 - 23-Feb-26 13:56:53 - api_ingestion.Cleaner - Created column state and converted it to string
2692 - 23-Feb-26 13:56:53 - api_ingestion.Cleaner - dropped columns series_id, year, month, and period_name
2692 - 23-Feb-26 13:56:53 - api_ingestion.Cleaner - Completed data cleaning.
2692 - 23-Feb-26 13:56:53 - DBlogger - Error occurred during data insertion: (mysql.connector.errors.IntegrityError) 1062 (23000): Duplicate entry '01-2022-12-01' for key 'unemployment.uq_state_date'
[SQL: INSERT INTO unemployment (state_fips, state, date, unemployment_rate)                         VALUES (%(state_fips)s, %(state)s, %(date)s, %(value)s)]
[parameters: [{'state_fips': '01', 'state': 'Alabama', 'date': Timestamp('2022-12-01 00:00:00'), 'value': 2.0}, {'state_fips': '01', 'state': 'Alabama', 'date': Timestamp('2022-11-01 00:00:00'), 'value': 2.2}, {'state_fips': '01', 'state': 'Alabama', 'date': Timestamp('2022-10-01 00:00:00'), 'value': 2.4}, {'state_fips': '01', 'state': 'Alabama', 'date': Timestamp('2022-09-01 00:00:00'), 'value': 2.4}, {'state_fips': '01', 'state': 'Alabama', 'date': Timestamp('2022-08-01 00:00:00'), 'value': 2.9}, {'state_fips': '01', 'state': 'Alabama', 'date': Timestamp('2022-07-01 00:00:00'), 'value': 2.9}, {'state_fips': '01', 'state': 'Alabama', 'date': Timestamp('2022-06-01 00:00:00'), 'value': 3.0}, {'state_fips': '01', 'state': 'Alabama', 'date': Timestamp('2022-05-01 00:00:00'), 'value': 2.2}  ... displaying 10 of 1800 total bound parameter sets ...  {'state_fips': '56', 'state': 'Wyoming', 'date': Timestamp('2020-02-01 00:00:00'), 'value': 5.0}, {'state_fips': '56', 'state': 'Wyoming', 'date': Timestamp('2020-01-01 00:00:00'), 'value': 5.1}]]
(Background on this error at: https://sqlalche.me/e/20/gkpj)
23272 - 23-Feb-26 14:00:47 - main - Ingestion pipeline starting
23272 - 23-Feb-26 14:00:47 - ingestion.Reader - Attempting to read CSV at C:\Users\armin\OneDrive\Desktop\Developer\MHIngestion\data\Mental_Health_DB.csv
23272 - 23-Feb-26 14:00:47 - ingestion.Reader - Read 10404 rows from C:\Users\armin\OneDrive\Desktop\Developer\MHIngestion\data\Mental_Health_DB.csv
23272 - 23-Feb-26 14:00:47 - ingestion.Validator - Normalized columns: ['indicator', 'group', 'state', 'subgroup', 'phase', 'time_period', 'time_period_label', 'time_period_start_date', 'time_period_end_date', 'value', 'lowci', 'highci', 'confidence_interval', 'quartile_range', 'suppression_flag']
23272 - 23-Feb-26 14:00:47 - ingestion.Validator - Successfully validated 9914 rows
23272 - 23-Feb-26 14:00:47 - ingestion.Validator - Rejected 490 rows
23272 - 23-Feb-26 14:00:47 - ingestion.Cleaner - Starting data cleaning step
23272 - 23-Feb-26 14:00:47 - ingestion.Cleaner - Removed 0 duplicate rows
23272 - 23-Feb-26 14:00:47 - ingestion.Cleaner - Converted column 'phase' to numeric
23272 - 23-Feb-26 14:00:47 - ingestion.Cleaner - Converted column 'value' to numeric
23272 - 23-Feb-26 14:00:47 - ingestion.Cleaner - Converted column 'lowci' to numeric
23272 - 23-Feb-26 14:00:47 - ingestion.Cleaner - Converted column 'highci' to numeric
23272 - 23-Feb-26 14:00:47 - ingestion.Cleaner - Converted 'time_period' to nullable Int64
23272 - 23-Feb-26 14:00:47 - ingestion.Cleaner - Converted 'time_period_start_date' to datetime
23272 - 23-Feb-26 14:00:47 - ingestion.Cleaner - Converted 'time_period_end_date' to datetime
23272 - 23-Feb-26 14:00:47 - ingestion.Cleaner - Converted 'indicator' to string
23272 - 23-Feb-26 14:00:47 - ingestion.Cleaner - Converted 'group' to string
23272 - 23-Feb-26 14:00:47 - ingestion.Cleaner - Converted 'state' to string
23272 - 23-Feb-26 14:00:47 - ingestion.Cleaner - Converted 'subgroup' to string
23272 - 23-Feb-26 14:00:47 - ingestion.Cleaner - Converted 'time_period_label' to string
23272 - 23-Feb-26 14:00:47 - ingestion.Cleaner - Converted 'confidence_interval' to string
23272 - 23-Feb-26 14:00:47 - ingestion.Cleaner - Converted 'quartile_range' to string
23272 - 23-Feb-26 14:00:47 - ingestion.Cleaner - Completed data cleaning.
23272 - 23-Feb-26 14:00:47 - ingestion.Cleaner - Starting data cleaning step
23272 - 23-Feb-26 14:00:47 - ingestion.Cleaner - Removed 0 duplicate rows
23272 - 23-Feb-26 14:00:47 - ingestion.Cleaner - Converted column 'phase' to numeric
23272 - 23-Feb-26 14:00:47 - ingestion.Cleaner - Converted column 'value' to numeric
23272 - 23-Feb-26 14:00:47 - ingestion.Cleaner - Converted column 'lowci' to numeric
23272 - 23-Feb-26 14:00:47 - ingestion.Cleaner - Converted column 'highci' to numeric
23272 - 23-Feb-26 14:00:47 - ingestion.Cleaner - Converted 'time_period' to nullable Int64
23272 - 23-Feb-26 14:00:47 - ingestion.Cleaner - Converted 'time_period_start_date' to datetime
23272 - 23-Feb-26 14:00:47 - ingestion.Cleaner - Converted 'time_period_end_date' to datetime
23272 - 23-Feb-26 14:00:47 - ingestion.Cleaner - Converted 'indicator' to string
23272 - 23-Feb-26 14:00:47 - ingestion.Cleaner - Converted 'group' to string
23272 - 23-Feb-26 14:00:47 - ingestion.Cleaner - Converted 'state' to string
23272 - 23-Feb-26 14:00:47 - ingestion.Cleaner - Converted 'subgroup' to string
23272 - 23-Feb-26 14:00:47 - ingestion.Cleaner - Converted 'time_period_label' to string
23272 - 23-Feb-26 14:00:47 - ingestion.Cleaner - Converted 'confidence_interval' to string
23272 - 23-Feb-26 14:00:47 - ingestion.Cleaner - Converted 'quartile_range' to string
23272 - 23-Feb-26 14:00:47 - ingestion.Cleaner - Converted suppression_flag to numeric
23272 - 23-Feb-26 14:00:47 - ingestion.Cleaner - Converted rejection_reason to string
23272 - 23-Feb-26 14:00:47 - ingestion.Cleaner - Completed data cleaning.
23272 - 23-Feb-26 14:00:48 - DBlogger - Successfully connected to database
23272 - 23-Feb-26 14:00:48 - DBlogger - Succesfully inserted 9914 rows into database
23272 - 23-Feb-26 14:00:48 - DBlogger - Error occurred during data insertion: 'NoneType' object has no attribute 'session'
23272 - 23-Feb-26 14:01:00 - main - Ingestion pipeline starting
23272 - 23-Feb-26 14:01:00 - api_ingestion.Validator - Normalized columns: ['series_id', 'year', 'period', 'period_name', 'value']
23272 - 23-Feb-26 14:01:00 - api_ingestion.Validator - Successfully validated 1800 rows
23272 - 23-Feb-26 14:01:00 - api_ingestion.Validator - Rejected 0 rows
23272 - 23-Feb-26 14:01:00 - api_ingestion.Cleaner - Starting data cleaning step
23272 - 23-Feb-26 14:01:00 - api_ingestion.Cleaner - Removed 0 duplicate rows
23272 - 23-Feb-26 14:01:00 - api_ingestion.Cleaner - Converted column value to numeric
23272 - 23-Feb-26 14:01:00 - api_ingestion.Cleaner - Converted column year to numeric
23272 - 23-Feb-26 14:01:00 - api_ingestion.Cleaner - Created temporary column month and converted it to numeric
23272 - 23-Feb-26 14:01:00 - api_ingestion.Cleaner - Created column date and converted it to datetime
23272 - 23-Feb-26 14:01:00 - api_ingestion.Cleaner - Converted series_id to string
23272 - 23-Feb-26 14:01:00 - api_ingestion.Cleaner - Created column state_fips 
23272 - 23-Feb-26 14:01:00 - api_ingestion.Cleaner - Created column state and converted it to string
23272 - 23-Feb-26 14:01:00 - api_ingestion.Cleaner - dropped columns series_id, year, month, and period_name
23272 - 23-Feb-26 14:01:00 - api_ingestion.Cleaner - Completed data cleaning.
23272 - 23-Feb-26 14:01:00 - DBlogger - Error occurred during data insertion: (mysql.connector.errors.IntegrityError) 1062 (23000): Duplicate entry '01-2022-12-01' for key 'unemployment.uq_state_date'
[SQL: INSERT INTO unemployment (state_fips, state, date, unemployment_rate)                         VALUES (%(state_fips)s, %(state)s, %(date)s, %(value)s)]
[parameters: [{'state_fips': '01', 'state': 'Alabama', 'date': Timestamp('2022-12-01 00:00:00'), 'value': 2.0}, {'state_fips': '01', 'state': 'Alabama', 'date': Timestamp('2022-11-01 00:00:00'), 'value': 2.2}, {'state_fips': '01', 'state': 'Alabama', 'date': Timestamp('2022-10-01 00:00:00'), 'value': 2.4}, {'state_fips': '01', 'state': 'Alabama', 'date': Timestamp('2022-09-01 00:00:00'), 'value': 2.4}, {'state_fips': '01', 'state': 'Alabama', 'date': Timestamp('2022-08-01 00:00:00'), 'value': 2.9}, {'state_fips': '01', 'state': 'Alabama', 'date': Timestamp('2022-07-01 00:00:00'), 'value': 2.9}, {'state_fips': '01', 'state': 'Alabama', 'date': Timestamp('2022-06-01 00:00:00'), 'value': 3.0}, {'state_fips': '01', 'state': 'Alabama', 'date': Timestamp('2022-05-01 00:00:00'), 'value': 2.2}  ... displaying 10 of 1800 total bound parameter sets ...  {'state_fips': '56', 'state': 'Wyoming', 'date': Timestamp('2020-02-01 00:00:00'), 'value': 5.0}, {'state_fips': '56', 'state': 'Wyoming', 'date': Timestamp('2020-01-01 00:00:00'), 'value': 5.1}]]
(Background on this error at: https://sqlalche.me/e/20/gkpj)
31812 - 23-Feb-26 14:01:45 - main - Ingestion pipeline starting
31812 - 23-Feb-26 14:01:45 - ingestion.Reader - Attempting to read CSV at C:\Users\armin\OneDrive\Desktop\Developer\MHIngestion\data\Mental_Health_DB.csv
31812 - 23-Feb-26 14:01:45 - ingestion.Reader - Read 10404 rows from C:\Users\armin\OneDrive\Desktop\Developer\MHIngestion\data\Mental_Health_DB.csv
31812 - 23-Feb-26 14:01:45 - ingestion.Validator - Normalized columns: ['indicator', 'group', 'state', 'subgroup', 'phase', 'time_period', 'time_period_label', 'time_period_start_date', 'time_period_end_date', 'value', 'lowci', 'highci', 'confidence_interval', 'quartile_range', 'suppression_flag']
31812 - 23-Feb-26 14:01:45 - ingestion.Validator - Successfully validated 9914 rows
31812 - 23-Feb-26 14:01:45 - ingestion.Validator - Rejected 490 rows
31812 - 23-Feb-26 14:01:45 - ingestion.Cleaner - Starting data cleaning step
31812 - 23-Feb-26 14:01:45 - ingestion.Cleaner - Removed 0 duplicate rows
31812 - 23-Feb-26 14:01:45 - ingestion.Cleaner - Converted column 'phase' to numeric
31812 - 23-Feb-26 14:01:45 - ingestion.Cleaner - Converted column 'value' to numeric
31812 - 23-Feb-26 14:01:45 - ingestion.Cleaner - Converted column 'lowci' to numeric
31812 - 23-Feb-26 14:01:45 - ingestion.Cleaner - Converted column 'highci' to numeric
31812 - 23-Feb-26 14:01:45 - ingestion.Cleaner - Converted 'time_period' to nullable Int64
31812 - 23-Feb-26 14:01:45 - ingestion.Cleaner - Converted 'time_period_start_date' to datetime
31812 - 23-Feb-26 14:01:45 - ingestion.Cleaner - Converted 'time_period_end_date' to datetime
31812 - 23-Feb-26 14:01:45 - ingestion.Cleaner - Converted 'indicator' to string
31812 - 23-Feb-26 14:01:45 - ingestion.Cleaner - Converted 'group' to string
31812 - 23-Feb-26 14:01:45 - ingestion.Cleaner - Converted 'state' to string
31812 - 23-Feb-26 14:01:45 - ingestion.Cleaner - Converted 'subgroup' to string
31812 - 23-Feb-26 14:01:45 - ingestion.Cleaner - Converted 'time_period_label' to string
31812 - 23-Feb-26 14:01:45 - ingestion.Cleaner - Converted 'confidence_interval' to string
31812 - 23-Feb-26 14:01:45 - ingestion.Cleaner - Converted 'quartile_range' to string
31812 - 23-Feb-26 14:01:45 - ingestion.Cleaner - Completed data cleaning.
31812 - 23-Feb-26 14:01:45 - ingestion.Cleaner - Starting data cleaning step
31812 - 23-Feb-26 14:01:45 - ingestion.Cleaner - Removed 0 duplicate rows
31812 - 23-Feb-26 14:01:45 - ingestion.Cleaner - Converted column 'phase' to numeric
31812 - 23-Feb-26 14:01:45 - ingestion.Cleaner - Converted column 'value' to numeric
31812 - 23-Feb-26 14:01:45 - ingestion.Cleaner - Converted column 'lowci' to numeric
31812 - 23-Feb-26 14:01:45 - ingestion.Cleaner - Converted column 'highci' to numeric
31812 - 23-Feb-26 14:01:45 - ingestion.Cleaner - Converted 'time_period' to nullable Int64
31812 - 23-Feb-26 14:01:45 - ingestion.Cleaner - Converted 'time_period_start_date' to datetime
31812 - 23-Feb-26 14:01:45 - ingestion.Cleaner - Converted 'time_period_end_date' to datetime
31812 - 23-Feb-26 14:01:45 - ingestion.Cleaner - Converted 'indicator' to string
31812 - 23-Feb-26 14:01:45 - ingestion.Cleaner - Converted 'group' to string
31812 - 23-Feb-26 14:01:45 - ingestion.Cleaner - Converted 'state' to string
31812 - 23-Feb-26 14:01:45 - ingestion.Cleaner - Converted 'subgroup' to string
31812 - 23-Feb-26 14:01:45 - ingestion.Cleaner - Converted 'time_period_label' to string
31812 - 23-Feb-26 14:01:45 - ingestion.Cleaner - Converted 'confidence_interval' to string
31812 - 23-Feb-26 14:01:45 - ingestion.Cleaner - Converted 'quartile_range' to string
31812 - 23-Feb-26 14:01:45 - ingestion.Cleaner - Converted suppression_flag to numeric
31812 - 23-Feb-26 14:01:45 - ingestion.Cleaner - Converted rejection_reason to string
31812 - 23-Feb-26 14:01:45 - ingestion.Cleaner - Completed data cleaning.
31812 - 23-Feb-26 14:01:45 - DBlogger - Successfully connected to database
31812 - 23-Feb-26 14:01:46 - DBlogger - Succesfully inserted 9914 rows into database
31812 - 23-Feb-26 14:01:46 - DBlogger - Error occurred during data insertion: 'NoneType' object has no attribute 'session'
31812 - 23-Feb-26 14:01:57 - main - Ingestion pipeline starting
31812 - 23-Feb-26 14:01:57 - api_ingestion.Validator - Normalized columns: ['series_id', 'year', 'period', 'period_name', 'value']
31812 - 23-Feb-26 14:01:57 - api_ingestion.Validator - Successfully validated 1800 rows
31812 - 23-Feb-26 14:01:57 - api_ingestion.Validator - Rejected 0 rows
31812 - 23-Feb-26 14:01:57 - api_ingestion.Cleaner - Starting data cleaning step
31812 - 23-Feb-26 14:01:57 - api_ingestion.Cleaner - Removed 0 duplicate rows
31812 - 23-Feb-26 14:01:57 - api_ingestion.Cleaner - Converted column value to numeric
31812 - 23-Feb-26 14:01:57 - api_ingestion.Cleaner - Converted column year to numeric
31812 - 23-Feb-26 14:01:57 - api_ingestion.Cleaner - Created temporary column month and converted it to numeric
31812 - 23-Feb-26 14:01:57 - api_ingestion.Cleaner - Created column date and converted it to datetime
31812 - 23-Feb-26 14:01:57 - api_ingestion.Cleaner - Converted series_id to string
31812 - 23-Feb-26 14:01:57 - api_ingestion.Cleaner - Created column state_fips 
31812 - 23-Feb-26 14:01:57 - api_ingestion.Cleaner - Created column state and converted it to string
31812 - 23-Feb-26 14:01:57 - api_ingestion.Cleaner - dropped columns series_id, year, month, and period_name
31812 - 23-Feb-26 14:01:57 - api_ingestion.Cleaner - Completed data cleaning.
31812 - 23-Feb-26 14:01:57 - DBlogger - Error occurred during data insertion: (mysql.connector.errors.IntegrityError) 1062 (23000): Duplicate entry '01-2022-12-01' for key 'unemployment.uq_state_date'
[SQL: INSERT INTO unemployment (state_fips, state, date, unemployment_rate)                         VALUES (%(state_fips)s, %(state)s, %(date)s, %(value)s)]
[parameters: [{'state_fips': '01', 'state': 'Alabama', 'date': Timestamp('2022-12-01 00:00:00'), 'value': 2.0}, {'state_fips': '01', 'state': 'Alabama', 'date': Timestamp('2022-11-01 00:00:00'), 'value': 2.2}, {'state_fips': '01', 'state': 'Alabama', 'date': Timestamp('2022-10-01 00:00:00'), 'value': 2.4}, {'state_fips': '01', 'state': 'Alabama', 'date': Timestamp('2022-09-01 00:00:00'), 'value': 2.4}, {'state_fips': '01', 'state': 'Alabama', 'date': Timestamp('2022-08-01 00:00:00'), 'value': 2.9}, {'state_fips': '01', 'state': 'Alabama', 'date': Timestamp('2022-07-01 00:00:00'), 'value': 2.9}, {'state_fips': '01', 'state': 'Alabama', 'date': Timestamp('2022-06-01 00:00:00'), 'value': 3.0}, {'state_fips': '01', 'state': 'Alabama', 'date': Timestamp('2022-05-01 00:00:00'), 'value': 2.2}  ... displaying 10 of 1800 total bound parameter sets ...  {'state_fips': '56', 'state': 'Wyoming', 'date': Timestamp('2020-02-01 00:00:00'), 'value': 5.0}, {'state_fips': '56', 'state': 'Wyoming', 'date': Timestamp('2020-01-01 00:00:00'), 'value': 5.1}]]
(Background on this error at: https://sqlalche.me/e/20/gkpj)
31812 - 23-Feb-26 14:01:58 - DBlogger - Successfully closed DB connection
31812 - 23-Feb-26 14:01:58 - DBlogger - Successfully closed DB connection
19928 - 23-Feb-26 14:02:25 - main - Ingestion pipeline starting
19928 - 23-Feb-26 14:02:25 - ingestion.Reader - Attempting to read CSV at C:\Users\armin\OneDrive\Desktop\Developer\MHIngestion\data\Mental_Health_DB.csv
19928 - 23-Feb-26 14:02:25 - ingestion.Reader - Read 10404 rows from C:\Users\armin\OneDrive\Desktop\Developer\MHIngestion\data\Mental_Health_DB.csv
19928 - 23-Feb-26 14:02:25 - ingestion.Validator - Normalized columns: ['indicator', 'group', 'state', 'subgroup', 'phase', 'time_period', 'time_period_label', 'time_period_start_date', 'time_period_end_date', 'value', 'lowci', 'highci', 'confidence_interval', 'quartile_range', 'suppression_flag']
19928 - 23-Feb-26 14:02:25 - ingestion.Validator - Successfully validated 9914 rows
19928 - 23-Feb-26 14:02:25 - ingestion.Validator - Rejected 490 rows
19928 - 23-Feb-26 14:02:25 - ingestion.Cleaner - Starting data cleaning step
19928 - 23-Feb-26 14:02:25 - ingestion.Cleaner - Removed 0 duplicate rows
19928 - 23-Feb-26 14:02:25 - ingestion.Cleaner - Converted column 'phase' to numeric
19928 - 23-Feb-26 14:02:25 - ingestion.Cleaner - Converted column 'value' to numeric
19928 - 23-Feb-26 14:02:25 - ingestion.Cleaner - Converted column 'lowci' to numeric
19928 - 23-Feb-26 14:02:25 - ingestion.Cleaner - Converted column 'highci' to numeric
19928 - 23-Feb-26 14:02:25 - ingestion.Cleaner - Converted 'time_period' to nullable Int64
19928 - 23-Feb-26 14:02:25 - ingestion.Cleaner - Converted 'time_period_start_date' to datetime
19928 - 23-Feb-26 14:02:25 - ingestion.Cleaner - Converted 'time_period_end_date' to datetime
19928 - 23-Feb-26 14:02:25 - ingestion.Cleaner - Converted 'indicator' to string
19928 - 23-Feb-26 14:02:25 - ingestion.Cleaner - Converted 'group' to string
19928 - 23-Feb-26 14:02:25 - ingestion.Cleaner - Converted 'state' to string
19928 - 23-Feb-26 14:02:25 - ingestion.Cleaner - Converted 'subgroup' to string
19928 - 23-Feb-26 14:02:25 - ingestion.Cleaner - Converted 'time_period_label' to string
19928 - 23-Feb-26 14:02:25 - ingestion.Cleaner - Converted 'confidence_interval' to string
19928 - 23-Feb-26 14:02:25 - ingestion.Cleaner - Converted 'quartile_range' to string
19928 - 23-Feb-26 14:02:25 - ingestion.Cleaner - Completed data cleaning.
19928 - 23-Feb-26 14:02:25 - ingestion.Cleaner - Starting data cleaning step
19928 - 23-Feb-26 14:02:25 - ingestion.Cleaner - Removed 0 duplicate rows
19928 - 23-Feb-26 14:02:25 - ingestion.Cleaner - Converted column 'phase' to numeric
19928 - 23-Feb-26 14:02:25 - ingestion.Cleaner - Converted column 'value' to numeric
19928 - 23-Feb-26 14:02:25 - ingestion.Cleaner - Converted column 'lowci' to numeric
19928 - 23-Feb-26 14:02:25 - ingestion.Cleaner - Converted column 'highci' to numeric
19928 - 23-Feb-26 14:02:25 - ingestion.Cleaner - Converted 'time_period' to nullable Int64
19928 - 23-Feb-26 14:02:25 - ingestion.Cleaner - Converted 'time_period_start_date' to datetime
19928 - 23-Feb-26 14:02:25 - ingestion.Cleaner - Converted 'time_period_end_date' to datetime
19928 - 23-Feb-26 14:02:25 - ingestion.Cleaner - Converted 'indicator' to string
19928 - 23-Feb-26 14:02:25 - ingestion.Cleaner - Converted 'group' to string
19928 - 23-Feb-26 14:02:25 - ingestion.Cleaner - Converted 'state' to string
19928 - 23-Feb-26 14:02:25 - ingestion.Cleaner - Converted 'subgroup' to string
19928 - 23-Feb-26 14:02:25 - ingestion.Cleaner - Converted 'time_period_label' to string
19928 - 23-Feb-26 14:02:25 - ingestion.Cleaner - Converted 'confidence_interval' to string
19928 - 23-Feb-26 14:02:25 - ingestion.Cleaner - Converted 'quartile_range' to string
19928 - 23-Feb-26 14:02:25 - ingestion.Cleaner - Converted suppression_flag to numeric
19928 - 23-Feb-26 14:02:25 - ingestion.Cleaner - Converted rejection_reason to string
19928 - 23-Feb-26 14:02:25 - ingestion.Cleaner - Completed data cleaning.
19928 - 23-Feb-26 14:02:26 - DBlogger - Successfully connected to database
19928 - 23-Feb-26 14:02:27 - DBlogger - Succesfully inserted 9914 rows into database
19928 - 23-Feb-26 14:02:27 - DBlogger - Error occurred during data insertion: 'NoneType' object has no attribute 'session'
19928 - 23-Feb-26 14:02:38 - main - Ingestion pipeline starting
19928 - 23-Feb-26 14:02:38 - api_ingestion.Validator - Normalized columns: ['series_id', 'year', 'period', 'period_name', 'value']
19928 - 23-Feb-26 14:02:38 - api_ingestion.Validator - Successfully validated 1800 rows
19928 - 23-Feb-26 14:02:38 - api_ingestion.Validator - Rejected 0 rows
19928 - 23-Feb-26 14:02:38 - api_ingestion.Cleaner - Starting data cleaning step
19928 - 23-Feb-26 14:02:38 - api_ingestion.Cleaner - Removed 0 duplicate rows
19928 - 23-Feb-26 14:02:38 - api_ingestion.Cleaner - Converted column value to numeric
19928 - 23-Feb-26 14:02:38 - api_ingestion.Cleaner - Converted column year to numeric
19928 - 23-Feb-26 14:02:38 - api_ingestion.Cleaner - Created temporary column month and converted it to numeric
19928 - 23-Feb-26 14:02:38 - api_ingestion.Cleaner - Created column date and converted it to datetime
19928 - 23-Feb-26 14:02:38 - api_ingestion.Cleaner - Converted series_id to string
19928 - 23-Feb-26 14:02:38 - api_ingestion.Cleaner - Created column state_fips 
19928 - 23-Feb-26 14:02:38 - api_ingestion.Cleaner - Created column state and converted it to string
19928 - 23-Feb-26 14:02:38 - api_ingestion.Cleaner - dropped columns series_id, year, month, and period_name
19928 - 23-Feb-26 14:02:38 - api_ingestion.Cleaner - Completed data cleaning.
19928 - 23-Feb-26 14:02:38 - DBlogger - Error occurred during data insertion: (mysql.connector.errors.IntegrityError) 1062 (23000): Duplicate entry '01-2022-12-01' for key 'unemployment.uq_state_date'
[SQL: INSERT INTO unemployment (state_fips, state, date, unemployment_rate)                         VALUES (%(state_fips)s, %(state)s, %(date)s, %(value)s)]
[parameters: [{'state_fips': '01', 'state': 'Alabama', 'date': Timestamp('2022-12-01 00:00:00'), 'value': 2.0}, {'state_fips': '01', 'state': 'Alabama', 'date': Timestamp('2022-11-01 00:00:00'), 'value': 2.2}, {'state_fips': '01', 'state': 'Alabama', 'date': Timestamp('2022-10-01 00:00:00'), 'value': 2.4}, {'state_fips': '01', 'state': 'Alabama', 'date': Timestamp('2022-09-01 00:00:00'), 'value': 2.4}, {'state_fips': '01', 'state': 'Alabama', 'date': Timestamp('2022-08-01 00:00:00'), 'value': 2.9}, {'state_fips': '01', 'state': 'Alabama', 'date': Timestamp('2022-07-01 00:00:00'), 'value': 2.9}, {'state_fips': '01', 'state': 'Alabama', 'date': Timestamp('2022-06-01 00:00:00'), 'value': 3.0}, {'state_fips': '01', 'state': 'Alabama', 'date': Timestamp('2022-05-01 00:00:00'), 'value': 2.2}  ... displaying 10 of 1800 total bound parameter sets ...  {'state_fips': '56', 'state': 'Wyoming', 'date': Timestamp('2020-02-01 00:00:00'), 'value': 5.0}, {'state_fips': '56', 'state': 'Wyoming', 'date': Timestamp('2020-01-01 00:00:00'), 'value': 5.1}]]
(Background on this error at: https://sqlalche.me/e/20/gkpj)
19928 - 23-Feb-26 14:02:38 - DBlogger - Successfully closed DB connection
19928 - 23-Feb-26 14:02:38 - DBlogger - Successfully closed DB connection
21876 - 23-Feb-26 14:08:31 - main - Ingestion pipeline starting
21876 - 23-Feb-26 14:08:31 - ingestion.Reader - Attempting to read CSV at C:\Users\armin\OneDrive\Desktop\Developer\MHIngestion\data\Mental_Health_DB.csv
21876 - 23-Feb-26 14:08:31 - ingestion.Reader - Read 10404 rows from C:\Users\armin\OneDrive\Desktop\Developer\MHIngestion\data\Mental_Health_DB.csv
21876 - 23-Feb-26 14:08:31 - ingestion.Validator - Normalized columns: ['indicator', 'group', 'state', 'subgroup', 'phase', 'time_period', 'time_period_label', 'time_period_start_date', 'time_period_end_date', 'value', 'lowci', 'highci', 'confidence_interval', 'quartile_range', 'suppression_flag']
21876 - 23-Feb-26 14:08:31 - ingestion.Validator - Successfully validated 9914 rows
21876 - 23-Feb-26 14:08:31 - ingestion.Validator - Rejected 490 rows
21876 - 23-Feb-26 14:08:31 - ingestion.Cleaner - Starting data cleaning step
21876 - 23-Feb-26 14:08:31 - ingestion.Cleaner - Removed 0 duplicate rows
21876 - 23-Feb-26 14:08:31 - ingestion.Cleaner - Converted column 'phase' to numeric
21876 - 23-Feb-26 14:08:31 - ingestion.Cleaner - Converted column 'value' to numeric
21876 - 23-Feb-26 14:08:31 - ingestion.Cleaner - Converted column 'lowci' to numeric
21876 - 23-Feb-26 14:08:31 - ingestion.Cleaner - Converted column 'highci' to numeric
21876 - 23-Feb-26 14:08:31 - ingestion.Cleaner - Converted 'time_period' to nullable Int64
21876 - 23-Feb-26 14:08:31 - ingestion.Cleaner - Converted 'time_period_start_date' to datetime
21876 - 23-Feb-26 14:08:31 - ingestion.Cleaner - Converted 'time_period_end_date' to datetime
21876 - 23-Feb-26 14:08:31 - ingestion.Cleaner - Converted 'indicator' to string
21876 - 23-Feb-26 14:08:31 - ingestion.Cleaner - Converted 'group' to string
21876 - 23-Feb-26 14:08:31 - ingestion.Cleaner - Converted 'state' to string
21876 - 23-Feb-26 14:08:31 - ingestion.Cleaner - Converted 'subgroup' to string
21876 - 23-Feb-26 14:08:31 - ingestion.Cleaner - Converted 'time_period_label' to string
21876 - 23-Feb-26 14:08:31 - ingestion.Cleaner - Converted 'confidence_interval' to string
21876 - 23-Feb-26 14:08:31 - ingestion.Cleaner - Converted 'quartile_range' to string
21876 - 23-Feb-26 14:08:31 - ingestion.Cleaner - Completed data cleaning.
21876 - 23-Feb-26 14:08:31 - ingestion.Cleaner - Starting data cleaning step
21876 - 23-Feb-26 14:08:31 - ingestion.Cleaner - Removed 0 duplicate rows
21876 - 23-Feb-26 14:08:31 - ingestion.Cleaner - Converted column 'phase' to numeric
21876 - 23-Feb-26 14:08:31 - ingestion.Cleaner - Converted column 'value' to numeric
21876 - 23-Feb-26 14:08:31 - ingestion.Cleaner - Converted column 'lowci' to numeric
21876 - 23-Feb-26 14:08:31 - ingestion.Cleaner - Converted column 'highci' to numeric
21876 - 23-Feb-26 14:08:31 - ingestion.Cleaner - Converted 'time_period' to nullable Int64
21876 - 23-Feb-26 14:08:31 - ingestion.Cleaner - Converted 'time_period_start_date' to datetime
21876 - 23-Feb-26 14:08:31 - ingestion.Cleaner - Converted 'time_period_end_date' to datetime
21876 - 23-Feb-26 14:08:31 - ingestion.Cleaner - Converted 'indicator' to string
21876 - 23-Feb-26 14:08:31 - ingestion.Cleaner - Converted 'group' to string
21876 - 23-Feb-26 14:08:31 - ingestion.Cleaner - Converted 'state' to string
21876 - 23-Feb-26 14:08:31 - ingestion.Cleaner - Converted 'subgroup' to string
21876 - 23-Feb-26 14:08:31 - ingestion.Cleaner - Converted 'time_period_label' to string
21876 - 23-Feb-26 14:08:31 - ingestion.Cleaner - Converted 'confidence_interval' to string
21876 - 23-Feb-26 14:08:31 - ingestion.Cleaner - Converted 'quartile_range' to string
21876 - 23-Feb-26 14:08:31 - ingestion.Cleaner - Converted suppression_flag to numeric
21876 - 23-Feb-26 14:08:31 - ingestion.Cleaner - Converted rejection_reason to string
21876 - 23-Feb-26 14:08:31 - ingestion.Cleaner - Completed data cleaning.
21876 - 23-Feb-26 14:08:32 - DBlogger - Successfully connected to database
21876 - 23-Feb-26 14:08:32 - DBlogger - Succesfully inserted 9914 rows into database
21876 - 23-Feb-26 14:08:33 - DBlogger - Error occurred during data insertion: 'NoneType' object has no attribute 'session'
21876 - 23-Feb-26 14:08:44 - main - Ingestion pipeline starting
21876 - 23-Feb-26 14:08:44 - api_ingestion.Validator - Normalized columns: ['series_id', 'year', 'period', 'period_name', 'value']
21876 - 23-Feb-26 14:08:44 - api_ingestion.Validator - Successfully validated 1800 rows
21876 - 23-Feb-26 14:08:44 - api_ingestion.Validator - Rejected 0 rows
21876 - 23-Feb-26 14:08:44 - api_ingestion.Cleaner - Starting data cleaning step
21876 - 23-Feb-26 14:08:44 - api_ingestion.Cleaner - Removed 0 duplicate rows
21876 - 23-Feb-26 14:08:44 - api_ingestion.Cleaner - Converted column value to numeric
21876 - 23-Feb-26 14:08:44 - api_ingestion.Cleaner - Converted column year to numeric
21876 - 23-Feb-26 14:08:44 - api_ingestion.Cleaner - Created temporary column month and converted it to numeric
21876 - 23-Feb-26 14:08:44 - api_ingestion.Cleaner - Created column date and converted it to datetime
21876 - 23-Feb-26 14:08:44 - api_ingestion.Cleaner - Converted series_id to string
21876 - 23-Feb-26 14:08:44 - api_ingestion.Cleaner - Created column state_fips 
21876 - 23-Feb-26 14:08:44 - api_ingestion.Cleaner - Created column state and converted it to string
21876 - 23-Feb-26 14:08:44 - api_ingestion.Cleaner - dropped columns series_id, year, month, and period_name
21876 - 23-Feb-26 14:08:44 - api_ingestion.Cleaner - Completed data cleaning.
21876 - 23-Feb-26 14:08:44 - DBlogger - Error occurred during data insertion: (mysql.connector.errors.IntegrityError) 1062 (23000): Duplicate entry '01-2022-12-01' for key 'unemployment.uq_state_date'
[SQL: INSERT INTO unemployment (state_fips, state, date, unemployment_rate)                         VALUES (%(state_fips)s, %(state)s, %(date)s, %(value)s)]
[parameters: [{'state_fips': '01', 'state': 'Alabama', 'date': Timestamp('2022-12-01 00:00:00'), 'value': 2.0}, {'state_fips': '01', 'state': 'Alabama', 'date': Timestamp('2022-11-01 00:00:00'), 'value': 2.2}, {'state_fips': '01', 'state': 'Alabama', 'date': Timestamp('2022-10-01 00:00:00'), 'value': 2.4}, {'state_fips': '01', 'state': 'Alabama', 'date': Timestamp('2022-09-01 00:00:00'), 'value': 2.4}, {'state_fips': '01', 'state': 'Alabama', 'date': Timestamp('2022-08-01 00:00:00'), 'value': 2.9}, {'state_fips': '01', 'state': 'Alabama', 'date': Timestamp('2022-07-01 00:00:00'), 'value': 2.9}, {'state_fips': '01', 'state': 'Alabama', 'date': Timestamp('2022-06-01 00:00:00'), 'value': 3.0}, {'state_fips': '01', 'state': 'Alabama', 'date': Timestamp('2022-05-01 00:00:00'), 'value': 2.2}  ... displaying 10 of 1800 total bound parameter sets ...  {'state_fips': '56', 'state': 'Wyoming', 'date': Timestamp('2020-02-01 00:00:00'), 'value': 5.0}, {'state_fips': '56', 'state': 'Wyoming', 'date': Timestamp('2020-01-01 00:00:00'), 'value': 5.1}]]
(Background on this error at: https://sqlalche.me/e/20/gkpj)
21876 - 23-Feb-26 14:08:44 - DBlogger - Successfully closed DB connection
21876 - 23-Feb-26 14:08:44 - DBlogger - Successfully closed DB connection
6212 - 23-Feb-26 14:09:11 - main - Ingestion pipeline starting
6212 - 23-Feb-26 14:09:11 - ingestion.Reader - Attempting to read CSV at C:\Users\armin\OneDrive\Desktop\Developer\MHIngestion\data\Mental_Health_DB.csv
6212 - 23-Feb-26 14:09:11 - ingestion.Reader - Read 10404 rows from C:\Users\armin\OneDrive\Desktop\Developer\MHIngestion\data\Mental_Health_DB.csv
6212 - 23-Feb-26 14:09:11 - ingestion.Validator - Normalized columns: ['indicator', 'group', 'state', 'subgroup', 'phase', 'time_period', 'time_period_label', 'time_period_start_date', 'time_period_end_date', 'value', 'lowci', 'highci', 'confidence_interval', 'quartile_range', 'suppression_flag']
6212 - 23-Feb-26 14:09:11 - ingestion.Validator - Successfully validated 9914 rows
6212 - 23-Feb-26 14:09:11 - ingestion.Validator - Rejected 490 rows
6212 - 23-Feb-26 14:09:11 - ingestion.Cleaner - Starting data cleaning step
6212 - 23-Feb-26 14:09:11 - ingestion.Cleaner - Removed 0 duplicate rows
6212 - 23-Feb-26 14:09:11 - ingestion.Cleaner - Converted column 'phase' to numeric
6212 - 23-Feb-26 14:09:11 - ingestion.Cleaner - Converted column 'value' to numeric
6212 - 23-Feb-26 14:09:11 - ingestion.Cleaner - Converted column 'lowci' to numeric
6212 - 23-Feb-26 14:09:11 - ingestion.Cleaner - Converted column 'highci' to numeric
6212 - 23-Feb-26 14:09:11 - ingestion.Cleaner - Converted 'time_period' to nullable Int64
6212 - 23-Feb-26 14:09:11 - ingestion.Cleaner - Converted 'time_period_start_date' to datetime
6212 - 23-Feb-26 14:09:11 - ingestion.Cleaner - Converted 'time_period_end_date' to datetime
6212 - 23-Feb-26 14:09:11 - ingestion.Cleaner - Converted 'indicator' to string
6212 - 23-Feb-26 14:09:11 - ingestion.Cleaner - Converted 'group' to string
6212 - 23-Feb-26 14:09:11 - ingestion.Cleaner - Converted 'state' to string
6212 - 23-Feb-26 14:09:11 - ingestion.Cleaner - Converted 'subgroup' to string
6212 - 23-Feb-26 14:09:11 - ingestion.Cleaner - Converted 'time_period_label' to string
6212 - 23-Feb-26 14:09:11 - ingestion.Cleaner - Converted 'confidence_interval' to string
6212 - 23-Feb-26 14:09:11 - ingestion.Cleaner - Converted 'quartile_range' to string
6212 - 23-Feb-26 14:09:11 - ingestion.Cleaner - Completed data cleaning.
6212 - 23-Feb-26 14:09:11 - ingestion.Cleaner - Starting data cleaning step
6212 - 23-Feb-26 14:09:11 - ingestion.Cleaner - Removed 0 duplicate rows
6212 - 23-Feb-26 14:09:11 - ingestion.Cleaner - Converted column 'phase' to numeric
6212 - 23-Feb-26 14:09:11 - ingestion.Cleaner - Converted column 'value' to numeric
6212 - 23-Feb-26 14:09:11 - ingestion.Cleaner - Converted column 'lowci' to numeric
6212 - 23-Feb-26 14:09:11 - ingestion.Cleaner - Converted column 'highci' to numeric
6212 - 23-Feb-26 14:09:11 - ingestion.Cleaner - Converted 'time_period' to nullable Int64
6212 - 23-Feb-26 14:09:11 - ingestion.Cleaner - Converted 'time_period_start_date' to datetime
6212 - 23-Feb-26 14:09:11 - ingestion.Cleaner - Converted 'time_period_end_date' to datetime
6212 - 23-Feb-26 14:09:11 - ingestion.Cleaner - Converted 'indicator' to string
6212 - 23-Feb-26 14:09:11 - ingestion.Cleaner - Converted 'group' to string
6212 - 23-Feb-26 14:09:11 - ingestion.Cleaner - Converted 'state' to string
6212 - 23-Feb-26 14:09:11 - ingestion.Cleaner - Converted 'subgroup' to string
6212 - 23-Feb-26 14:09:11 - ingestion.Cleaner - Converted 'time_period_label' to string
6212 - 23-Feb-26 14:09:11 - ingestion.Cleaner - Converted 'confidence_interval' to string
6212 - 23-Feb-26 14:09:11 - ingestion.Cleaner - Converted 'quartile_range' to string
6212 - 23-Feb-26 14:09:11 - ingestion.Cleaner - Converted suppression_flag to numeric
6212 - 23-Feb-26 14:09:11 - ingestion.Cleaner - Converted rejection_reason to string
6212 - 23-Feb-26 14:09:11 - ingestion.Cleaner - Completed data cleaning.
6212 - 23-Feb-26 14:09:11 - DBlogger - Successfully connected to database
6212 - 23-Feb-26 14:09:12 - DBlogger - Succesfully inserted 9914 rows into database
6212 - 23-Feb-26 14:09:12 - DBlogger - Error occurred during data insertion: 'NoneType' object has no attribute 'session'
6212 - 23-Feb-26 14:09:23 - main - Ingestion pipeline starting
6212 - 23-Feb-26 14:09:23 - api_ingestion.Validator - Normalized columns: ['series_id', 'year', 'period', 'period_name', 'value']
6212 - 23-Feb-26 14:09:23 - api_ingestion.Validator - Successfully validated 1800 rows
6212 - 23-Feb-26 14:09:23 - api_ingestion.Validator - Rejected 0 rows
6212 - 23-Feb-26 14:09:23 - api_ingestion.Cleaner - Starting data cleaning step
6212 - 23-Feb-26 14:09:23 - api_ingestion.Cleaner - Removed 0 duplicate rows
6212 - 23-Feb-26 14:09:23 - api_ingestion.Cleaner - Converted column value to numeric
6212 - 23-Feb-26 14:09:23 - api_ingestion.Cleaner - Converted column year to numeric
6212 - 23-Feb-26 14:09:23 - api_ingestion.Cleaner - Created temporary column month and converted it to numeric
6212 - 23-Feb-26 14:09:23 - api_ingestion.Cleaner - Created column date and converted it to datetime
6212 - 23-Feb-26 14:09:23 - api_ingestion.Cleaner - Converted series_id to string
6212 - 23-Feb-26 14:09:23 - api_ingestion.Cleaner - Created column state_fips 
6212 - 23-Feb-26 14:09:23 - api_ingestion.Cleaner - Created column state and converted it to string
6212 - 23-Feb-26 14:09:23 - api_ingestion.Cleaner - dropped columns series_id, year, month, and period_name
6212 - 23-Feb-26 14:09:23 - api_ingestion.Cleaner - Completed data cleaning.
6212 - 23-Feb-26 14:09:23 - DBlogger - Error occurred during data insertion: (mysql.connector.errors.IntegrityError) 1062 (23000): Duplicate entry '01-2022-12-01' for key 'unemployment.uq_state_date'
[SQL: INSERT INTO unemployment (state_fips, state, date, unemployment_rate)                         VALUES (%(state_fips)s, %(state)s, %(date)s, %(value)s)]
[parameters: [{'state_fips': '01', 'state': 'Alabama', 'date': Timestamp('2022-12-01 00:00:00'), 'value': 2.0}, {'state_fips': '01', 'state': 'Alabama', 'date': Timestamp('2022-11-01 00:00:00'), 'value': 2.2}, {'state_fips': '01', 'state': 'Alabama', 'date': Timestamp('2022-10-01 00:00:00'), 'value': 2.4}, {'state_fips': '01', 'state': 'Alabama', 'date': Timestamp('2022-09-01 00:00:00'), 'value': 2.4}, {'state_fips': '01', 'state': 'Alabama', 'date': Timestamp('2022-08-01 00:00:00'), 'value': 2.9}, {'state_fips': '01', 'state': 'Alabama', 'date': Timestamp('2022-07-01 00:00:00'), 'value': 2.9}, {'state_fips': '01', 'state': 'Alabama', 'date': Timestamp('2022-06-01 00:00:00'), 'value': 3.0}, {'state_fips': '01', 'state': 'Alabama', 'date': Timestamp('2022-05-01 00:00:00'), 'value': 2.2}  ... displaying 10 of 1800 total bound parameter sets ...  {'state_fips': '56', 'state': 'Wyoming', 'date': Timestamp('2020-02-01 00:00:00'), 'value': 5.0}, {'state_fips': '56', 'state': 'Wyoming', 'date': Timestamp('2020-01-01 00:00:00'), 'value': 5.1}]]
(Background on this error at: https://sqlalche.me/e/20/gkpj)
6212 - 23-Feb-26 14:09:23 - DBlogger - Successfully closed DB connection
6212 - 23-Feb-26 14:09:23 - DBlogger - Successfully closed DB connection
2836 - 23-Feb-26 14:10:08 - main - Ingestion pipeline starting
2836 - 23-Feb-26 14:10:08 - ingestion.Reader - Attempting to read CSV at C:\Users\armin\OneDrive\Desktop\Developer\MHIngestion\data\Mental_Health_DB.csv
2836 - 23-Feb-26 14:10:08 - ingestion.Reader - Read 10404 rows from C:\Users\armin\OneDrive\Desktop\Developer\MHIngestion\data\Mental_Health_DB.csv
2836 - 23-Feb-26 14:10:08 - ingestion.Validator - Normalized columns: ['indicator', 'group', 'state', 'subgroup', 'phase', 'time_period', 'time_period_label', 'time_period_start_date', 'time_period_end_date', 'value', 'lowci', 'highci', 'confidence_interval', 'quartile_range', 'suppression_flag']
2836 - 23-Feb-26 14:10:08 - ingestion.Validator - Successfully validated 9914 rows
2836 - 23-Feb-26 14:10:08 - ingestion.Validator - Rejected 490 rows
2836 - 23-Feb-26 14:10:08 - ingestion.Cleaner - Starting data cleaning step
2836 - 23-Feb-26 14:10:08 - ingestion.Cleaner - Removed 0 duplicate rows
2836 - 23-Feb-26 14:10:08 - ingestion.Cleaner - Converted column 'phase' to numeric
2836 - 23-Feb-26 14:10:08 - ingestion.Cleaner - Converted column 'value' to numeric
2836 - 23-Feb-26 14:10:08 - ingestion.Cleaner - Converted column 'lowci' to numeric
2836 - 23-Feb-26 14:10:08 - ingestion.Cleaner - Converted column 'highci' to numeric
2836 - 23-Feb-26 14:10:08 - ingestion.Cleaner - Converted 'time_period' to nullable Int64
2836 - 23-Feb-26 14:10:08 - ingestion.Cleaner - Converted 'time_period_start_date' to datetime
2836 - 23-Feb-26 14:10:08 - ingestion.Cleaner - Converted 'time_period_end_date' to datetime
2836 - 23-Feb-26 14:10:08 - ingestion.Cleaner - Converted 'indicator' to string
2836 - 23-Feb-26 14:10:08 - ingestion.Cleaner - Converted 'group' to string
2836 - 23-Feb-26 14:10:08 - ingestion.Cleaner - Converted 'state' to string
2836 - 23-Feb-26 14:10:08 - ingestion.Cleaner - Converted 'subgroup' to string
2836 - 23-Feb-26 14:10:08 - ingestion.Cleaner - Converted 'time_period_label' to string
2836 - 23-Feb-26 14:10:08 - ingestion.Cleaner - Converted 'confidence_interval' to string
2836 - 23-Feb-26 14:10:08 - ingestion.Cleaner - Converted 'quartile_range' to string
2836 - 23-Feb-26 14:10:08 - ingestion.Cleaner - Completed data cleaning.
2836 - 23-Feb-26 14:10:08 - ingestion.Cleaner - Starting data cleaning step
2836 - 23-Feb-26 14:10:08 - ingestion.Cleaner - Removed 0 duplicate rows
2836 - 23-Feb-26 14:10:08 - ingestion.Cleaner - Converted column 'phase' to numeric
2836 - 23-Feb-26 14:10:08 - ingestion.Cleaner - Converted column 'value' to numeric
2836 - 23-Feb-26 14:10:08 - ingestion.Cleaner - Converted column 'lowci' to numeric
2836 - 23-Feb-26 14:10:08 - ingestion.Cleaner - Converted column 'highci' to numeric
2836 - 23-Feb-26 14:10:08 - ingestion.Cleaner - Converted 'time_period' to nullable Int64
2836 - 23-Feb-26 14:10:08 - ingestion.Cleaner - Converted 'time_period_start_date' to datetime
2836 - 23-Feb-26 14:10:08 - ingestion.Cleaner - Converted 'time_period_end_date' to datetime
2836 - 23-Feb-26 14:10:08 - ingestion.Cleaner - Converted 'indicator' to string
2836 - 23-Feb-26 14:10:08 - ingestion.Cleaner - Converted 'group' to string
2836 - 23-Feb-26 14:10:08 - ingestion.Cleaner - Converted 'state' to string
2836 - 23-Feb-26 14:10:08 - ingestion.Cleaner - Converted 'subgroup' to string
2836 - 23-Feb-26 14:10:08 - ingestion.Cleaner - Converted 'time_period_label' to string
2836 - 23-Feb-26 14:10:08 - ingestion.Cleaner - Converted 'confidence_interval' to string
2836 - 23-Feb-26 14:10:08 - ingestion.Cleaner - Converted 'quartile_range' to string
2836 - 23-Feb-26 14:10:08 - ingestion.Cleaner - Converted suppression_flag to numeric
2836 - 23-Feb-26 14:10:08 - ingestion.Cleaner - Converted rejection_reason to string
2836 - 23-Feb-26 14:10:08 - ingestion.Cleaner - Completed data cleaning.
2836 - 23-Feb-26 14:10:09 - DBlogger - Successfully connected to database
2836 - 23-Feb-26 14:10:10 - DBlogger - Succesfully inserted 9914 rows into database
2836 - 23-Feb-26 14:10:10 - DBlogger - Error occurred during data insertion: 'NoneType' object has no attribute 'session'
2836 - 23-Feb-26 14:10:22 - main - Ingestion pipeline starting
2836 - 23-Feb-26 14:10:22 - api_ingestion.Validator - Normalized columns: ['series_id', 'year', 'period', 'period_name', 'value']
2836 - 23-Feb-26 14:10:22 - api_ingestion.Validator - Successfully validated 1800 rows
2836 - 23-Feb-26 14:10:22 - api_ingestion.Validator - Rejected 0 rows
2836 - 23-Feb-26 14:10:22 - api_ingestion.Cleaner - Starting data cleaning step
2836 - 23-Feb-26 14:10:22 - api_ingestion.Cleaner - Removed 0 duplicate rows
2836 - 23-Feb-26 14:10:22 - api_ingestion.Cleaner - Converted column value to numeric
2836 - 23-Feb-26 14:10:22 - api_ingestion.Cleaner - Converted column year to numeric
2836 - 23-Feb-26 14:10:22 - api_ingestion.Cleaner - Created temporary column month and converted it to numeric
2836 - 23-Feb-26 14:10:22 - api_ingestion.Cleaner - Created column date and converted it to datetime
2836 - 23-Feb-26 14:10:22 - api_ingestion.Cleaner - Converted series_id to string
2836 - 23-Feb-26 14:10:22 - api_ingestion.Cleaner - Created column state_fips 
2836 - 23-Feb-26 14:10:22 - api_ingestion.Cleaner - Created column state and converted it to string
2836 - 23-Feb-26 14:10:22 - api_ingestion.Cleaner - dropped columns series_id, year, month, and period_name
2836 - 23-Feb-26 14:10:22 - api_ingestion.Cleaner - Completed data cleaning.
2836 - 23-Feb-26 14:10:22 - DBlogger - Error occurred during data insertion: (mysql.connector.errors.IntegrityError) 1062 (23000): Duplicate entry '01-2022-12-01' for key 'unemployment.uq_state_date'
[SQL: INSERT INTO unemployment (state_fips, state, date, unemployment_rate)                         VALUES (%(state_fips)s, %(state)s, %(date)s, %(value)s)]
[parameters: [{'state_fips': '01', 'state': 'Alabama', 'date': Timestamp('2022-12-01 00:00:00'), 'value': 2.0}, {'state_fips': '01', 'state': 'Alabama', 'date': Timestamp('2022-11-01 00:00:00'), 'value': 2.2}, {'state_fips': '01', 'state': 'Alabama', 'date': Timestamp('2022-10-01 00:00:00'), 'value': 2.4}, {'state_fips': '01', 'state': 'Alabama', 'date': Timestamp('2022-09-01 00:00:00'), 'value': 2.4}, {'state_fips': '01', 'state': 'Alabama', 'date': Timestamp('2022-08-01 00:00:00'), 'value': 2.9}, {'state_fips': '01', 'state': 'Alabama', 'date': Timestamp('2022-07-01 00:00:00'), 'value': 2.9}, {'state_fips': '01', 'state': 'Alabama', 'date': Timestamp('2022-06-01 00:00:00'), 'value': 3.0}, {'state_fips': '01', 'state': 'Alabama', 'date': Timestamp('2022-05-01 00:00:00'), 'value': 2.2}  ... displaying 10 of 1800 total bound parameter sets ...  {'state_fips': '56', 'state': 'Wyoming', 'date': Timestamp('2020-02-01 00:00:00'), 'value': 5.0}, {'state_fips': '56', 'state': 'Wyoming', 'date': Timestamp('2020-01-01 00:00:00'), 'value': 5.1}]]
(Background on this error at: https://sqlalche.me/e/20/gkpj)
2836 - 23-Feb-26 14:10:22 - DBlogger - Successfully closed DB connection
2836 - 23-Feb-26 14:10:22 - DBlogger - Successfully closed DB connection
24076 - 23-Feb-26 14:18:53 - matplotlib - matplotlib data path: C:\Users\armin\AppData\Local\Programs\Python\Python313\Lib\site-packages\matplotlib\mpl-data
24076 - 23-Feb-26 14:18:53 - matplotlib - CONFIGDIR=C:\Users\armin\.matplotlib
24076 - 23-Feb-26 14:18:53 - matplotlib - interactive is False
24076 - 23-Feb-26 14:18:53 - matplotlib - platform is win32
24076 - 23-Feb-26 14:18:53 - matplotlib - CACHEDIR=C:\Users\armin\.matplotlib
24076 - 23-Feb-26 14:18:53 - matplotlib.font_manager - Using fontManager instance from C:\Users\armin\.matplotlib\fontlist-v390.json
24076 - 23-Feb-26 14:18:53 - main - Ingestion pipeline starting
24076 - 23-Feb-26 14:18:53 - ingestion.Reader - Attempting to read CSV at C:\Users\armin\OneDrive\Desktop\Developer\MHIngestion\data\Mental_Health_DB.csv
24076 - 23-Feb-26 14:18:53 - ingestion.Reader - Read 10404 rows from C:\Users\armin\OneDrive\Desktop\Developer\MHIngestion\data\Mental_Health_DB.csv
24076 - 23-Feb-26 14:18:53 - ingestion.Validator - Normalized columns: ['indicator', 'group', 'state', 'subgroup', 'phase', 'time_period', 'time_period_label', 'time_period_start_date', 'time_period_end_date', 'value', 'lowci', 'highci', 'confidence_interval', 'quartile_range', 'suppression_flag']
24076 - 23-Feb-26 14:18:53 - ingestion.Validator - Successfully validated 9914 rows
24076 - 23-Feb-26 14:18:53 - ingestion.Validator - Rejected 490 rows
24076 - 23-Feb-26 14:18:53 - ingestion.Cleaner - Starting data cleaning step
24076 - 23-Feb-26 14:18:53 - ingestion.Cleaner - Removed 0 duplicate rows
24076 - 23-Feb-26 14:18:53 - ingestion.Cleaner - Converted column 'phase' to numeric
24076 - 23-Feb-26 14:18:53 - ingestion.Cleaner - Converted column 'value' to numeric
24076 - 23-Feb-26 14:18:53 - ingestion.Cleaner - Converted column 'lowci' to numeric
24076 - 23-Feb-26 14:18:53 - ingestion.Cleaner - Converted column 'highci' to numeric
24076 - 23-Feb-26 14:18:53 - ingestion.Cleaner - Converted 'time_period' to nullable Int64
24076 - 23-Feb-26 14:18:53 - ingestion.Cleaner - Converted 'time_period_start_date' to datetime
24076 - 23-Feb-26 14:18:53 - ingestion.Cleaner - Converted 'time_period_end_date' to datetime
24076 - 23-Feb-26 14:18:53 - ingestion.Cleaner - Converted 'indicator' to string
24076 - 23-Feb-26 14:18:53 - ingestion.Cleaner - Converted 'group' to string
24076 - 23-Feb-26 14:18:53 - ingestion.Cleaner - Converted 'state' to string
24076 - 23-Feb-26 14:18:53 - ingestion.Cleaner - Converted 'subgroup' to string
24076 - 23-Feb-26 14:18:53 - ingestion.Cleaner - Converted 'time_period_label' to string
24076 - 23-Feb-26 14:18:53 - ingestion.Cleaner - Converted 'confidence_interval' to string
24076 - 23-Feb-26 14:18:53 - ingestion.Cleaner - Converted 'quartile_range' to string
24076 - 23-Feb-26 14:18:53 - ingestion.Cleaner - Completed data cleaning.
24076 - 23-Feb-26 14:18:53 - ingestion.Cleaner - Starting data cleaning step
24076 - 23-Feb-26 14:18:53 - ingestion.Cleaner - Removed 0 duplicate rows
24076 - 23-Feb-26 14:18:53 - ingestion.Cleaner - Converted column 'phase' to numeric
24076 - 23-Feb-26 14:18:53 - ingestion.Cleaner - Converted column 'value' to numeric
24076 - 23-Feb-26 14:18:53 - ingestion.Cleaner - Converted column 'lowci' to numeric
24076 - 23-Feb-26 14:18:53 - ingestion.Cleaner - Converted column 'highci' to numeric
24076 - 23-Feb-26 14:18:53 - ingestion.Cleaner - Converted 'time_period' to nullable Int64
24076 - 23-Feb-26 14:18:53 - ingestion.Cleaner - Converted 'time_period_start_date' to datetime
24076 - 23-Feb-26 14:18:53 - ingestion.Cleaner - Converted 'time_period_end_date' to datetime
24076 - 23-Feb-26 14:18:53 - ingestion.Cleaner - Converted 'indicator' to string
24076 - 23-Feb-26 14:18:53 - ingestion.Cleaner - Converted 'group' to string
24076 - 23-Feb-26 14:18:53 - ingestion.Cleaner - Converted 'state' to string
24076 - 23-Feb-26 14:18:53 - ingestion.Cleaner - Converted 'subgroup' to string
24076 - 23-Feb-26 14:18:53 - ingestion.Cleaner - Converted 'time_period_label' to string
24076 - 23-Feb-26 14:18:53 - ingestion.Cleaner - Converted 'confidence_interval' to string
24076 - 23-Feb-26 14:18:53 - ingestion.Cleaner - Converted 'quartile_range' to string
24076 - 23-Feb-26 14:18:53 - ingestion.Cleaner - Converted suppression_flag to numeric
24076 - 23-Feb-26 14:18:53 - ingestion.Cleaner - Converted rejection_reason to string
24076 - 23-Feb-26 14:18:53 - ingestion.Cleaner - Completed data cleaning.
24076 - 23-Feb-26 14:18:54 - DBlogger - Successfully connected to database
24076 - 23-Feb-26 14:18:54 - DBlogger - Succesfully inserted 9914 rows into database
24076 - 23-Feb-26 14:18:54 - DBlogger - Error occurred during data insertion: 'NoneType' object has no attribute 'session'
24076 - 23-Feb-26 14:19:05 - main - Ingestion pipeline starting
24076 - 23-Feb-26 14:19:05 - api_ingestion.Validator - Normalized columns: ['series_id', 'year', 'period', 'period_name', 'value']
24076 - 23-Feb-26 14:19:05 - api_ingestion.Validator - Successfully validated 1800 rows
24076 - 23-Feb-26 14:19:05 - api_ingestion.Validator - Rejected 0 rows
24076 - 23-Feb-26 14:19:05 - api_ingestion.Cleaner - Starting data cleaning step
24076 - 23-Feb-26 14:19:05 - api_ingestion.Cleaner - Removed 0 duplicate rows
24076 - 23-Feb-26 14:19:05 - api_ingestion.Cleaner - Converted column value to numeric
24076 - 23-Feb-26 14:19:05 - api_ingestion.Cleaner - Converted column year to numeric
24076 - 23-Feb-26 14:19:05 - api_ingestion.Cleaner - Created temporary column month and converted it to numeric
24076 - 23-Feb-26 14:19:05 - api_ingestion.Cleaner - Created column date and converted it to datetime
24076 - 23-Feb-26 14:19:05 - api_ingestion.Cleaner - Converted series_id to string
24076 - 23-Feb-26 14:19:05 - api_ingestion.Cleaner - Created column state_fips 
24076 - 23-Feb-26 14:19:05 - api_ingestion.Cleaner - Created column state and converted it to string
24076 - 23-Feb-26 14:19:05 - api_ingestion.Cleaner - dropped columns series_id, year, month, and period_name
24076 - 23-Feb-26 14:19:05 - api_ingestion.Cleaner - Completed data cleaning.
24076 - 23-Feb-26 14:19:05 - DBlogger - Error occurred during data insertion: (mysql.connector.errors.IntegrityError) 1062 (23000): Duplicate entry '01-2022-12-01' for key 'unemployment.uq_state_date'
[SQL: INSERT INTO unemployment (state_fips, state, date, unemployment_rate)                         VALUES (%(state_fips)s, %(state)s, %(date)s, %(value)s)]
[parameters: [{'state_fips': '01', 'state': 'Alabama', 'date': Timestamp('2022-12-01 00:00:00'), 'value': 2.0}, {'state_fips': '01', 'state': 'Alabama', 'date': Timestamp('2022-11-01 00:00:00'), 'value': 2.2}, {'state_fips': '01', 'state': 'Alabama', 'date': Timestamp('2022-10-01 00:00:00'), 'value': 2.4}, {'state_fips': '01', 'state': 'Alabama', 'date': Timestamp('2022-09-01 00:00:00'), 'value': 2.4}, {'state_fips': '01', 'state': 'Alabama', 'date': Timestamp('2022-08-01 00:00:00'), 'value': 2.9}, {'state_fips': '01', 'state': 'Alabama', 'date': Timestamp('2022-07-01 00:00:00'), 'value': 2.9}, {'state_fips': '01', 'state': 'Alabama', 'date': Timestamp('2022-06-01 00:00:00'), 'value': 3.0}, {'state_fips': '01', 'state': 'Alabama', 'date': Timestamp('2022-05-01 00:00:00'), 'value': 2.2}  ... displaying 10 of 1800 total bound parameter sets ...  {'state_fips': '56', 'state': 'Wyoming', 'date': Timestamp('2020-02-01 00:00:00'), 'value': 5.0}, {'state_fips': '56', 'state': 'Wyoming', 'date': Timestamp('2020-01-01 00:00:00'), 'value': 5.1}]]
(Background on this error at: https://sqlalche.me/e/20/gkpj)
24076 - 23-Feb-26 14:19:06 - matplotlib.pyplot - Loaded backend Agg version v2.2.
24076 - 23-Feb-26 14:19:06 - matplotlib.font_manager - findfont: Matching sans\-serif:style=normal:variant=normal:weight=normal:stretch=normal:size=10.0.
24076 - 23-Feb-26 14:19:06 - matplotlib.font_manager - findfont: score(FontEntry(fname='C:\\Users\\armin\\AppData\\Local\\Programs\\Python\\Python313\\Lib\\site-packages\\matplotlib\\mpl-data\\fonts\\ttf\\STIXSizTwoSymReg.ttf', name='STIXSizeTwoSym', style='normal', variant='normal', weight=400, stretch='normal', size='scalable')) = 10.05
24076 - 23-Feb-26 14:19:06 - matplotlib.font_manager - findfont: score(FontEntry(fname='C:\\Users\\armin\\AppData\\Local\\Programs\\Python\\Python313\\Lib\\site-packages\\matplotlib\\mpl-data\\fonts\\ttf\\STIXNonUniIta.ttf', name='STIXNonUnicode', style='italic', variant='normal', weight=400, stretch='normal', size='scalable')) = 11.05
24076 - 23-Feb-26 14:19:06 - matplotlib.font_manager - findfont: score(FontEntry(fname='C:\\Users\\armin\\AppData\\Local\\Programs\\Python\\Python313\\Lib\\site-packages\\matplotlib\\mpl-data\\fonts\\ttf\\DejaVuSerifDisplay.ttf', name='DejaVu Serif Display', style='normal', variant='normal', weight=400, stretch='normal', size='scalable')) = 10.05
24076 - 23-Feb-26 14:19:06 - matplotlib.font_manager - findfont: score(FontEntry(fname='C:\\Users\\armin\\AppData\\Local\\Programs\\Python\\Python313\\Lib\\site-packages\\matplotlib\\mpl-data\\fonts\\ttf\\STIXGeneralItalic.ttf', name='STIXGeneral', style='italic', variant='normal', weight=400, stretch='normal', size='scalable')) = 11.05
24076 - 23-Feb-26 14:19:06 - matplotlib.font_manager - findfont: score(FontEntry(fname='C:\\Users\\armin\\AppData\\Local\\Programs\\Python\\Python313\\Lib\\site-packages\\matplotlib\\mpl-data\\fonts\\ttf\\STIXSizThreeSymReg.ttf', name='STIXSizeThreeSym', style='normal', variant='normal', weight=400, stretch='normal', size='scalable')) = 10.05
24076 - 23-Feb-26 14:19:06 - matplotlib.font_manager - findfont: score(FontEntry(fname='C:\\Users\\armin\\AppData\\Local\\Programs\\Python\\Python313\\Lib\\site-packages\\matplotlib\\mpl-data\\fonts\\ttf\\cmex10.ttf', name='cmex10', style='normal', variant='normal', weight=400, stretch='normal', size='scalable')) = 10.05
24076 - 23-Feb-26 14:19:06 - matplotlib.font_manager - findfont: score(FontEntry(fname='C:\\Users\\armin\\AppData\\Local\\Programs\\Python\\Python313\\Lib\\site-packages\\matplotlib\\mpl-data\\fonts\\ttf\\cmmi10.ttf', name='cmmi10', style='normal', variant='normal', weight=400, stretch='normal', size='scalable')) = 10.05
24076 - 23-Feb-26 14:19:06 - matplotlib.font_manager - findfont: score(FontEntry(fname='C:\\Users\\armin\\AppData\\Local\\Programs\\Python\\Python313\\Lib\\site-packages\\matplotlib\\mpl-data\\fonts\\ttf\\DejaVuSans-BoldOblique.ttf', name='DejaVu Sans', style='oblique', variant='normal', weight=700, stretch='normal', size='scalable')) = 1.335
24076 - 23-Feb-26 14:19:06 - matplotlib.font_manager - findfont: score(FontEntry(fname='C:\\Users\\armin\\AppData\\Local\\Programs\\Python\\Python313\\Lib\\site-packages\\matplotlib\\mpl-data\\fonts\\ttf\\DejaVuSans-Oblique.ttf', name='DejaVu Sans', style='oblique', variant='normal', weight=400, stretch='normal', size='scalable')) = 1.05
24076 - 23-Feb-26 14:19:06 - matplotlib.font_manager - findfont: score(FontEntry(fname='C:\\Users\\armin\\AppData\\Local\\Programs\\Python\\Python313\\Lib\\site-packages\\matplotlib\\mpl-data\\fonts\\ttf\\STIXGeneralBol.ttf', name='STIXGeneral', style='normal', variant='normal', weight=700, stretch='normal', size='scalable')) = 10.335
24076 - 23-Feb-26 14:19:06 - matplotlib.font_manager - findfont: score(FontEntry(fname='C:\\Users\\armin\\AppData\\Local\\Programs\\Python\\Python313\\Lib\\site-packages\\matplotlib\\mpl-data\\fonts\\ttf\\cmsy10.ttf', name='cmsy10', style='normal', variant='normal', weight=400, stretch='normal', size='scalable')) = 10.05
24076 - 23-Feb-26 14:19:06 - matplotlib.font_manager - findfont: score(FontEntry(fname='C:\\Users\\armin\\AppData\\Local\\Programs\\Python\\Python313\\Lib\\site-packages\\matplotlib\\mpl-data\\fonts\\ttf\\cmr10.ttf', name='cmr10', style='normal', variant='normal', weight=400, stretch='normal', size='scalable')) = 10.05
24076 - 23-Feb-26 14:19:06 - matplotlib.font_manager - findfont: score(FontEntry(fname='C:\\Users\\armin\\AppData\\Local\\Programs\\Python\\Python313\\Lib\\site-packages\\matplotlib\\mpl-data\\fonts\\ttf\\STIXNonUni.ttf', name='STIXNonUnicode', style='normal', variant='normal', weight=400, stretch='normal', size='scalable')) = 10.05
24076 - 23-Feb-26 14:19:06 - matplotlib.font_manager - findfont: score(FontEntry(fname='C:\\Users\\armin\\AppData\\Local\\Programs\\Python\\Python313\\Lib\\site-packages\\matplotlib\\mpl-data\\fonts\\ttf\\STIXSizFourSymReg.ttf', name='STIXSizeFourSym', style='normal', variant='normal', weight=400, stretch='normal', size='scalable')) = 10.05
24076 - 23-Feb-26 14:19:06 - matplotlib.font_manager - findfont: score(FontEntry(fname='C:\\Users\\armin\\AppData\\Local\\Programs\\Python\\Python313\\Lib\\site-packages\\matplotlib\\mpl-data\\fonts\\ttf\\DejaVuSansMono-Oblique.ttf', name='DejaVu Sans Mono', style='oblique', variant='normal', weight=400, stretch='normal', size='scalable')) = 11.05
24076 - 23-Feb-26 14:19:06 - matplotlib.font_manager - findfont: score(FontEntry(fname='C:\\Users\\armin\\AppData\\Local\\Programs\\Python\\Python313\\Lib\\site-packages\\matplotlib\\mpl-data\\fonts\\ttf\\DejaVuSansMono.ttf', name='DejaVu Sans Mono', style='normal', variant='normal', weight=400, stretch='normal', size='scalable')) = 10.05
24076 - 23-Feb-26 14:19:06 - matplotlib.font_manager - findfont: score(FontEntry(fname='C:\\Users\\armin\\AppData\\Local\\Programs\\Python\\Python313\\Lib\\site-packages\\matplotlib\\mpl-data\\fonts\\ttf\\STIXGeneralBolIta.ttf', name='STIXGeneral', style='italic', variant='normal', weight=700, stretch='normal', size='scalable')) = 11.335
24076 - 23-Feb-26 14:19:06 - matplotlib.font_manager - findfont: score(FontEntry(fname='C:\\Users\\armin\\AppData\\Local\\Programs\\Python\\Python313\\Lib\\site-packages\\matplotlib\\mpl-data\\fonts\\ttf\\DejaVuSerif.ttf', name='DejaVu Serif', style='normal', variant='normal', weight=400, stretch='normal', size='scalable')) = 10.05
24076 - 23-Feb-26 14:19:06 - matplotlib.font_manager - findfont: score(FontEntry(fname='C:\\Users\\armin\\AppData\\Local\\Programs\\Python\\Python313\\Lib\\site-packages\\matplotlib\\mpl-data\\fonts\\ttf\\STIXSizOneSymReg.ttf', name='STIXSizeOneSym', style='normal', variant='normal', weight=400, stretch='normal', size='scalable')) = 10.05
24076 - 23-Feb-26 14:19:06 - matplotlib.font_manager - findfont: score(FontEntry(fname='C:\\Users\\armin\\AppData\\Local\\Programs\\Python\\Python313\\Lib\\site-packages\\matplotlib\\mpl-data\\fonts\\ttf\\DejaVuSans.ttf', name='DejaVu Sans', style='normal', variant='normal', weight=400, stretch='normal', size='scalable')) = 0.05
24076 - 23-Feb-26 14:19:06 - matplotlib.font_manager - findfont: score(FontEntry(fname='C:\\Users\\armin\\AppData\\Local\\Programs\\Python\\Python313\\Lib\\site-packages\\matplotlib\\mpl-data\\fonts\\ttf\\DejaVuSerif-Bold.ttf', name='DejaVu Serif', style='normal', variant='normal', weight=700, stretch='normal', size='scalable')) = 10.335
24076 - 23-Feb-26 14:19:06 - matplotlib.font_manager - findfont: score(FontEntry(fname='C:\\Users\\armin\\AppData\\Local\\Programs\\Python\\Python313\\Lib\\site-packages\\matplotlib\\mpl-data\\fonts\\ttf\\cmtt10.ttf', name='cmtt10', style='normal', variant='normal', weight=400, stretch='normal', size='scalable')) = 10.05
24076 - 23-Feb-26 14:19:06 - matplotlib.font_manager - findfont: score(FontEntry(fname='C:\\Users\\armin\\AppData\\Local\\Programs\\Python\\Python313\\Lib\\site-packages\\matplotlib\\mpl-data\\fonts\\ttf\\STIXNonUniBolIta.ttf', name='STIXNonUnicode', style='italic', variant='normal', weight=700, stretch='normal', size='scalable')) = 11.335
24076 - 23-Feb-26 14:19:06 - matplotlib.font_manager - findfont: score(FontEntry(fname='C:\\Users\\armin\\AppData\\Local\\Programs\\Python\\Python313\\Lib\\site-packages\\matplotlib\\mpl-data\\fonts\\ttf\\DejaVuSans-Bold.ttf', name='DejaVu Sans', style='normal', variant='normal', weight=700, stretch='normal', size='scalable')) = 0.33499999999999996
24076 - 23-Feb-26 14:19:06 - matplotlib.font_manager - findfont: score(FontEntry(fname='C:\\Users\\armin\\AppData\\Local\\Programs\\Python\\Python313\\Lib\\site-packages\\matplotlib\\mpl-data\\fonts\\ttf\\DejaVuSerif-BoldItalic.ttf', name='DejaVu Serif', style='italic', variant='normal', weight=700, stretch='normal', size='scalable')) = 11.335
24076 - 23-Feb-26 14:19:06 - matplotlib.font_manager - findfont: score(FontEntry(fname='C:\\Users\\armin\\AppData\\Local\\Programs\\Python\\Python313\\Lib\\site-packages\\matplotlib\\mpl-data\\fonts\\ttf\\STIXNonUniBol.ttf', name='STIXNonUnicode', style='normal', variant='normal', weight=700, stretch='normal', size='scalable')) = 10.335
24076 - 23-Feb-26 14:19:06 - matplotlib.font_manager - findfont: score(FontEntry(fname='C:\\Users\\armin\\AppData\\Local\\Programs\\Python\\Python313\\Lib\\site-packages\\matplotlib\\mpl-data\\fonts\\ttf\\cmb10.ttf', name='cmb10', style='normal', variant='normal', weight=400, stretch='normal', size='scalable')) = 10.05
24076 - 23-Feb-26 14:19:06 - matplotlib.font_manager - findfont: score(FontEntry(fname='C:\\Users\\armin\\AppData\\Local\\Programs\\Python\\Python313\\Lib\\site-packages\\matplotlib\\mpl-data\\fonts\\ttf\\STIXSizFiveSymReg.ttf', name='STIXSizeFiveSym', style='normal', variant='normal', weight=400, stretch='normal', size='scalable')) = 10.05
24076 - 23-Feb-26 14:19:06 - matplotlib.font_manager - findfont: score(FontEntry(fname='C:\\Users\\armin\\AppData\\Local\\Programs\\Python\\Python313\\Lib\\site-packages\\matplotlib\\mpl-data\\fonts\\ttf\\STIXSizThreeSymBol.ttf', name='STIXSizeThreeSym', style='normal', variant='normal', weight=700, stretch='normal', size='scalable')) = 10.335
24076 - 23-Feb-26 14:19:06 - matplotlib.font_manager - findfont: score(FontEntry(fname='C:\\Users\\armin\\AppData\\Local\\Programs\\Python\\Python313\\Lib\\site-packages\\matplotlib\\mpl-data\\fonts\\ttf\\DejaVuSansMono-Bold.ttf', name='DejaVu Sans Mono', style='normal', variant='normal', weight=700, stretch='normal', size='scalable')) = 10.335
24076 - 23-Feb-26 14:19:06 - matplotlib.font_manager - findfont: score(FontEntry(fname='C:\\Users\\armin\\AppData\\Local\\Programs\\Python\\Python313\\Lib\\site-packages\\matplotlib\\mpl-data\\fonts\\ttf\\STIXSizOneSymBol.ttf', name='STIXSizeOneSym', style='normal', variant='normal', weight=700, stretch='normal', size='scalable')) = 10.335
24076 - 23-Feb-26 14:19:06 - matplotlib.font_manager - findfont: score(FontEntry(fname='C:\\Users\\armin\\AppData\\Local\\Programs\\Python\\Python313\\Lib\\site-packages\\matplotlib\\mpl-data\\fonts\\ttf\\DejaVuSansMono-BoldOblique.ttf', name='DejaVu Sans Mono', style='oblique', variant='normal', weight=700, stretch='normal', size='scalable')) = 11.335
24076 - 23-Feb-26 14:19:06 - matplotlib.font_manager - findfont: score(FontEntry(fname='C:\\Users\\armin\\AppData\\Local\\Programs\\Python\\Python313\\Lib\\site-packages\\matplotlib\\mpl-data\\fonts\\ttf\\DejaVuSansDisplay.ttf', name='DejaVu Sans Display', style='normal', variant='normal', weight=400, stretch='normal', size='scalable')) = 10.05
24076 - 23-Feb-26 14:19:06 - matplotlib.font_manager - findfont: score(FontEntry(fname='C:\\Users\\armin\\AppData\\Local\\Programs\\Python\\Python313\\Lib\\site-packages\\matplotlib\\mpl-data\\fonts\\ttf\\STIXSizTwoSymBol.ttf', name='STIXSizeTwoSym', style='normal', variant='normal', weight=700, stretch='normal', size='scalable')) = 10.335
24076 - 23-Feb-26 14:19:06 - matplotlib.font_manager - findfont: score(FontEntry(fname='C:\\Users\\armin\\AppData\\Local\\Programs\\Python\\Python313\\Lib\\site-packages\\matplotlib\\mpl-data\\fonts\\ttf\\DejaVuSerif-Italic.ttf', name='DejaVu Serif', style='italic', variant='normal', weight=400, stretch='normal', size='scalable')) = 11.05
24076 - 23-Feb-26 14:19:06 - matplotlib.font_manager - findfont: score(FontEntry(fname='C:\\Users\\armin\\AppData\\Local\\Programs\\Python\\Python313\\Lib\\site-packages\\matplotlib\\mpl-data\\fonts\\ttf\\STIXGeneral.ttf', name='STIXGeneral', style='normal', variant='normal', weight=400, stretch='normal', size='scalable')) = 10.05
24076 - 23-Feb-26 14:19:06 - matplotlib.font_manager - findfont: score(FontEntry(fname='C:\\Users\\armin\\AppData\\Local\\Programs\\Python\\Python313\\Lib\\site-packages\\matplotlib\\mpl-data\\fonts\\ttf\\STIXSizFourSymBol.ttf', name='STIXSizeFourSym', style='normal', variant='normal', weight=700, stretch='normal', size='scalable')) = 10.335
24076 - 23-Feb-26 14:19:06 - matplotlib.font_manager - findfont: score(FontEntry(fname='C:\\Users\\armin\\AppData\\Local\\Programs\\Python\\Python313\\Lib\\site-packages\\matplotlib\\mpl-data\\fonts\\ttf\\cmss10.ttf', name='cmss10', style='normal', variant='normal', weight=400, stretch='normal', size='scalable')) = 10.05
24076 - 23-Feb-26 14:19:06 - matplotlib.font_manager - findfont: score(FontEntry(fname='C:\\Windows\\Fonts\\monbaiti.ttf', name='Mongolian Baiti', style='normal', variant='normal', weight=400, stretch='normal', size='scalable')) = 10.05
24076 - 23-Feb-26 14:19:06 - matplotlib.font_manager - findfont: score(FontEntry(fname='C:\\Windows\\Fonts\\FRAHVIT.TTF', name='Franklin Gothic Heavy', style='italic', variant='normal', weight=400, stretch='normal', size='scalable')) = 11.05
24076 - 23-Feb-26 14:19:06 - matplotlib.font_manager - findfont: score(FontEntry(fname='C:\\Windows\\Fonts\\LatoWeb-Italic.ttf', name='Lato', style='italic', variant='normal', weight=400, stretch='normal', size='scalable')) = 11.05
24076 - 23-Feb-26 14:19:06 - matplotlib.font_manager - findfont: score(FontEntry(fname='C:\\Windows\\Fonts\\IMPRISHA.TTF', name='Imprint MT Shadow', style='normal', variant='normal', weight=400, stretch='normal', size='scalable')) = 10.05
24076 - 23-Feb-26 14:19:06 - matplotlib.font_manager - findfont: score(FontEntry(fname='C:\\Windows\\Fonts\\YuGothR.ttc', name='Yu Gothic', style='normal', variant='normal', weight=400, stretch='normal', size='scalable')) = 10.05
24076 - 23-Feb-26 14:19:06 - matplotlib.font_manager - findfont: score(FontEntry(fname='C:\\Windows\\Fonts\\GARA.TTF', name='Garamond', style='normal', variant='normal', weight=400, stretch='normal', size='scalable')) = 10.05
24076 - 23-Feb-26 14:19:06 - matplotlib.font_manager - findfont: score(FontEntry(fname='C:\\Windows\\Fonts\\verdanaz.ttf', name='Verdana', style='italic', variant='normal', weight=700, stretch='normal', size='scalable')) = 4.971363636363637
24076 - 23-Feb-26 14:19:06 - matplotlib.font_manager - findfont: score(FontEntry(fname='C:\\Windows\\Fonts\\wingding.ttf', name='Wingdings', style='normal', variant='normal', weight=400, stretch='normal', size='scalable')) = 10.05
24076 - 23-Feb-26 14:19:06 - matplotlib.font_manager - findfont: score(FontEntry(fname='C:\\Windows\\Fonts\\arialbd.ttf', name='Arial', style='normal', variant='normal', weight=700, stretch='normal', size='scalable')) = 6.698636363636363
24076 - 23-Feb-26 14:19:06 - matplotlib.font_manager - findfont: score(FontEntry(fname='C:\\Windows\\Fonts\\LatoWeb-Semibold.ttf', name='Lato', style='normal', variant='normal', weight=600, stretch='normal', size='scalable')) = 10.24
24076 - 23-Feb-26 14:19:06 - matplotlib.font_manager - findfont: score(FontEntry(fname='C:\\Windows\\Fonts\\ERASBD.TTF', name='Eras Bold ITC', style='normal', variant='normal', weight=400, stretch='normal', size='scalable')) = 10.05
24076 - 23-Feb-26 14:19:06 - matplotlib.font_manager - findfont: score(FontEntry(fname='C:\\Windows\\Fonts\\LatoWeb-LightItalic.ttf', name='Lato', style='italic', variant='normal', weight=300, stretch='normal', size='scalable')) = 11.145
24076 - 23-Feb-26 14:19:06 - matplotlib.font_manager - findfont: score(FontEntry(fname='C:\\Windows\\Fonts\\calibril.ttf', name='Calibri', style='normal', variant='normal', weight=300, stretch='normal', size='scalable')) = 10.145
24076 - 23-Feb-26 14:19:06 - matplotlib.font_manager - findfont: score(FontEntry(fname='C:\\Windows\\Fonts\\timesbd.ttf', name='Times New Roman', style='normal', variant='normal', weight=700, stretch='normal', size='scalable')) = 10.335
24076 - 23-Feb-26 14:19:06 - matplotlib.font_manager - findfont: score(FontEntry(fname='C:\\Windows\\Fonts\\constanb.ttf', name='Constantia', style='normal', variant='normal', weight=700, stretch='normal', size='scalable')) = 10.335
24076 - 23-Feb-26 14:19:06 - matplotlib.font_manager - findfont: score(FontEntry(fname='C:\\Windows\\Fonts\\Candaraz.ttf', name='Candara', style='italic', variant='normal', weight=700, stretch='normal', size='scalable')) = 11.335
24076 - 23-Feb-26 14:19:06 - matplotlib.font_manager - findfont: score(FontEntry(fname='C:\\Windows\\Fonts\\CENTAUR.TTF', name='Centaur', style='normal', variant='normal', weight=400, stretch='normal', size='scalable')) = 10.05
24076 - 23-Feb-26 14:19:06 - matplotlib.font_manager - findfont: score(FontEntry(fname='C:\\Windows\\Fonts\\GARAIT.TTF', name='Garamond', style='italic', variant='normal', weight=400, stretch='normal', size='scalable')) = 11.05
24076 - 23-Feb-26 14:19:06 - matplotlib.font_manager - findfont: score(FontEntry(fname='C:\\Windows\\Fonts\\ITCKRIST.TTF', name='Kristen ITC', style='normal', variant='normal', weight=400, stretch='normal', size='scalable')) = 10.05
24076 - 23-Feb-26 14:19:06 - matplotlib.font_manager - findfont: score(FontEntry(fname='C:\\Windows\\Fonts\\BELL.TTF', name='Bell MT', style='normal', variant='normal', weight=400, stretch='normal', size='scalable')) = 10.05
24076 - 23-Feb-26 14:19:06 - matplotlib.font_manager - findfont: score(FontEntry(fname='C:\\Windows\\Fonts\\TCB_____.TTF', name='Tw Cen MT', style='normal', variant='normal', weight=700, stretch='normal', size='scalable')) = 10.335
24076 - 23-Feb-26 14:19:06 - matplotlib.font_manager - findfont: score(FontEntry(fname='C:\\Windows\\Fonts\\msyhl.ttc', name='Microsoft YaHei', style='normal', variant='normal', weight=290, stretch='normal', size='scalable')) = 10.1545
24076 - 23-Feb-26 14:19:06 - matplotlib.font_manager - findfont: score(FontEntry(fname='C:\\Windows\\Fonts\\framd.ttf', name='Franklin Gothic Medium', style='normal', variant='normal', weight=400, stretch='normal', size='scalable')) = 10.05
24076 - 23-Feb-26 14:19:06 - matplotlib.font_manager - findfont: score(FontEntry(fname='C:\\Windows\\Fonts\\REFSAN.TTF', name='MS Reference Sans Serif', style='normal', variant='normal', weight=400, stretch='normal', size='scalable')) = 10.05
24076 - 23-Feb-26 14:19:06 - matplotlib.font_manager - findfont: score(FontEntry(fname='C:\\Windows\\Fonts\\segoeuiz.ttf', name='Segoe UI', style='italic', variant='normal', weight=700, stretch='normal', size='scalable')) = 11.335
24076 - 23-Feb-26 14:19:06 - matplotlib.font_manager - findfont: score(FontEntry(fname='C:\\Windows\\Fonts\\SHOWG.TTF', name='Showcard Gothic', style='normal', variant='normal', weight=400, stretch='normal', size='scalable')) = 10.05
24076 - 23-Feb-26 14:19:06 - matplotlib.font_manager - findfont: score(FontEntry(fname='C:\\Windows\\Fonts\\verdanab.ttf', name='Verdana', style='normal', variant='normal', weight=700, stretch='normal', size='scalable')) = 3.9713636363636367
24076 - 23-Feb-26 14:19:06 - matplotlib.font_manager - findfont: score(FontEntry(fname='C:\\Windows\\Fonts\\STENCIL.TTF', name='Stencil', style='normal', variant='normal', weight=400, stretch='normal', size='scalable')) = 10.05
24076 - 23-Feb-26 14:19:06 - matplotlib.font_manager - findfont: score(FontEntry(fname='C:\\Windows\\Fonts\\MTCORSVA.TTF', name='Monotype Corsiva', style='normal', variant='normal', weight=400, stretch='normal', size='scalable')) = 10.05
24076 - 23-Feb-26 14:19:06 - matplotlib.font_manager - findfont: score(FontEntry(fname='C:\\Windows\\Fonts\\phagspab.ttf', name='Microsoft PhagsPa', style='normal', variant='normal', weight=700, stretch='normal', size='scalable')) = 10.335
24076 - 23-Feb-26 14:19:06 - matplotlib.font_manager - findfont: score(FontEntry(fname='C:\\Windows\\Fonts\\VLADIMIR.TTF', name='Vladimir Script', style='normal', variant='normal', weight=400, stretch='normal', size='scalable')) = 10.05
24076 - 23-Feb-26 14:19:06 - matplotlib.font_manager - findfont: score(FontEntry(fname='C:\\Windows\\Fonts\\TCCB____.TTF', name='Tw Cen MT Condensed', style='normal', variant='normal', weight=700, stretch='condensed', size='scalable')) = 10.535
24076 - 23-Feb-26 14:19:06 - matplotlib.font_manager - findfont: score(FontEntry(fname='C:\\Windows\\Fonts\\phagspa.ttf', name='Microsoft PhagsPa', style='normal', variant='normal', weight=400, stretch='normal', size='scalable')) = 10.05
24076 - 23-Feb-26 14:19:06 - matplotlib.font_manager - findfont: score(FontEntry(fname='C:\\Windows\\Fonts\\cour.ttf', name='Courier New', style='normal', variant='normal', weight=400, stretch='normal', size='scalable')) = 10.05
24076 - 23-Feb-26 14:19:06 - matplotlib.font_manager - findfont: score(FontEntry(fname='C:\\Windows\\Fonts\\BOD_BLAR.TTF', name='Bodoni MT', style='normal', variant='normal', weight=900, stretch='normal', size='scalable')) = 10.525
24076 - 23-Feb-26 14:19:06 - matplotlib.font_manager - findfont: score(FontEntry(fname='C:\\Windows\\Fonts\\ROCC____.TTF', name='Rockwell Condensed', style='normal', variant='normal', weight=400, stretch='condensed', size='scalable')) = 10.25
24076 - 23-Feb-26 14:19:06 - matplotlib.font_manager - findfont: score(FontEntry(fname='C:\\Windows\\Fonts\\BELLI.TTF', name='Bell MT', style='italic', variant='normal', weight=400, stretch='normal', size='scalable')) = 11.05
24076 - 23-Feb-26 14:19:06 - matplotlib.font_manager - findfont: score(FontEntry(fname='C:\\Windows\\Fonts\\taile.ttf', name='Microsoft Tai Le', style='normal', variant='normal', weight=400, stretch='normal', size='scalable')) = 10.05
24076 - 23-Feb-26 14:19:06 - matplotlib.font_manager - findfont: score(FontEntry(fname='C:\\Windows\\Fonts\\constani.ttf', name='Constantia', style='italic', variant='normal', weight=400, stretch='normal', size='scalable')) = 11.05
24076 - 23-Feb-26 14:19:06 - matplotlib.font_manager - findfont: score(FontEntry(fname='C:\\Windows\\Fonts\\constan.ttf', name='Constantia', style='normal', variant='normal', weight=400, stretch='normal', size='scalable')) = 10.05
24076 - 23-Feb-26 14:19:06 - matplotlib.font_manager - findfont: score(FontEntry(fname='C:\\Windows\\Fonts\\georgiai.ttf', name='Georgia', style='italic', variant='normal', weight=400, stretch='normal', size='scalable')) = 11.05
24076 - 23-Feb-26 14:19:06 - matplotlib.font_manager - findfont: score(FontEntry(fname='C:\\Windows\\Fonts\\GILLUBCD.TTF', name='Gill Sans Ultra Bold Condensed', style='normal', variant='normal', weight=400, stretch='condensed', size='scalable')) = 10.25
24076 - 23-Feb-26 14:19:06 - matplotlib.font_manager - findfont: score(FontEntry(fname='C:\\Windows\\Fonts\\segoescb.ttf', name='Segoe Script', style='normal', variant='normal', weight=700, stretch='normal', size='scalable')) = 10.335
24076 - 23-Feb-26 14:19:06 - matplotlib.font_manager - findfont: score(FontEntry(fname='C:\\Windows\\Fonts\\GLSNECB.TTF', name='Gill Sans MT Ext Condensed Bold', style='normal', variant='normal', weight=400, stretch='condensed', size='scalable')) = 10.25
24076 - 23-Feb-26 14:19:06 - matplotlib.font_manager - findfont: score(FontEntry(fname='C:\\Windows\\Fonts\\CALISTB.TTF', name='Calisto MT', style='normal', variant='normal', weight=700, stretch='normal', size='scalable')) = 10.335
24076 - 23-Feb-26 14:19:06 - matplotlib.font_manager - findfont: score(FontEntry(fname='C:\\Windows\\Fonts\\INFROMAN.TTF', name='Informal Roman', style='normal', variant='normal', weight=400, stretch='normal', size='scalable')) = 10.05
24076 - 23-Feb-26 14:19:06 - matplotlib.font_manager - findfont: score(FontEntry(fname='C:\\Windows\\Fonts\\DUBAI-LIGHT.TTF', name='Dubai', style='normal', variant='normal', weight=300, stretch='normal', size='scalable')) = 10.145
24076 - 23-Feb-26 14:19:06 - matplotlib.font_manager - findfont: score(FontEntry(fname='C:\\Windows\\Fonts\\seguibl.ttf', name='Segoe UI', style='normal', variant='normal', weight=900, stretch='normal', size='scalable')) = 10.525
24076 - 23-Feb-26 14:19:06 - matplotlib.font_manager - findfont: score(FontEntry(fname='C:\\Windows\\Fonts\\seguili.ttf', name='Segoe UI', style='italic', variant='normal', weight=300, stretch='normal', size='scalable')) = 11.145
24076 - 23-Feb-26 14:19:06 - matplotlib.font_manager - findfont: score(FontEntry(fname='C:\\Windows\\Fonts\\corbelz.ttf', name='Corbel', style='italic', variant='normal', weight=700, stretch='normal', size='scalable')) = 11.335
24076 - 23-Feb-26 14:19:06 - matplotlib.font_manager - findfont: score(FontEntry(fname='C:\\Windows\\Fonts\\LBRITED.TTF', name='Lucida Bright', style='normal', variant='normal', weight=600, stretch='normal', size='scalable')) = 10.24
24076 - 23-Feb-26 14:19:06 - matplotlib.font_manager - findfont: score(FontEntry(fname='C:\\Windows\\Fonts\\FRAMDCN.TTF', name='Franklin Gothic Medium Cond', style='normal', variant='normal', weight=400, stretch='condensed', size='scalable')) = 10.25
24076 - 23-Feb-26 14:19:06 - matplotlib.font_manager - findfont: score(FontEntry(fname='C:\\Windows\\Fonts\\LTYPEB.TTF', name='Lucida Sans Typewriter', style='normal', variant='normal', weight=600, stretch='normal', size='scalable')) = 10.24
24076 - 23-Feb-26 14:19:06 - matplotlib.font_manager - findfont: score(FontEntry(fname='C:\\Windows\\Fonts\\SitkaVF-Italic.ttf', name='Sitka', style='italic', variant='normal', weight=400, stretch='normal', size='scalable')) = 11.05
24076 - 23-Feb-26 14:19:06 - matplotlib.font_manager - findfont: score(FontEntry(fname='C:\\Windows\\Fonts\\SegoeIcons.ttf', name='Segoe Fluent Icons', style='normal', variant='normal', weight=400, stretch='normal', size='scalable')) = 10.05
24076 - 23-Feb-26 14:19:06 - matplotlib.font_manager - findfont: score(FontEntry(fname='C:\\Windows\\Fonts\\GOTHICB.TTF', name='Century Gothic', style='normal', variant='normal', weight=700, stretch='normal', size='scalable')) = 10.335
24076 - 23-Feb-26 14:19:06 - matplotlib.font_manager - findfont: score(FontEntry(fname='C:\\Windows\\Fonts\\Candarali.ttf', name='Candara', style='italic', variant='normal', weight=400, stretch='normal', size='scalable')) = 11.05
24076 - 23-Feb-26 14:19:06 - matplotlib.font_manager - findfont: score(FontEntry(fname='C:\\Windows\\Fonts\\FRABKIT.TTF', name='Franklin Gothic Book', style='italic', variant='normal', weight=400, stretch='normal', size='scalable')) = 11.05
24076 - 23-Feb-26 14:19:06 - matplotlib.font_manager - findfont: score(FontEntry(fname='C:\\Windows\\Fonts\\consolai.ttf', name='Consolas', style='italic', variant='normal', weight=400, stretch='normal', size='scalable')) = 11.05
24076 - 23-Feb-26 14:19:06 - matplotlib.font_manager - findfont: score(FontEntry(fname='C:\\Windows\\Fonts\\LTYPE.TTF', name='Lucida Sans Typewriter', style='normal', variant='normal', weight=400, stretch='normal', size='scalable')) = 10.05
24076 - 23-Feb-26 14:19:06 - matplotlib.font_manager - findfont: score(FontEntry(fname='C:\\Windows\\Fonts\\malgunsl.ttf', name='Malgun Gothic', style='normal', variant='normal', weight=300, stretch='normal', size='scalable')) = 10.145
24076 - 23-Feb-26 14:19:06 - matplotlib.font_manager - findfont: score(FontEntry(fname='C:\\Windows\\Fonts\\segoeuisl.ttf', name='Segoe UI', style='normal', variant='normal', weight=350, stretch='normal', size='scalable')) = 10.0975
24076 - 23-Feb-26 14:19:06 - matplotlib.font_manager - findfont: score(FontEntry(fname='C:\\Windows\\Fonts\\PAPYRUS.TTF', name='Papyrus', style='normal', variant='normal', weight=400, stretch='normal', size='scalable')) = 10.05
24076 - 23-Feb-26 14:19:06 - matplotlib.font_manager - findfont: score(FontEntry(fname='C:\\Windows\\Fonts\\BOD_R.TTF', name='Bodoni MT', style='normal', variant='normal', weight=400, stretch='normal', size='scalable')) = 10.05
24076 - 23-Feb-26 14:19:06 - matplotlib.font_manager - findfont: score(FontEntry(fname='C:\\Windows\\Fonts\\BRLNSDB.TTF', name='Berlin Sans FB Demi', style='normal', variant='normal', weight=700, stretch='normal', size='scalable')) = 10.335
24076 - 23-Feb-26 14:19:06 - matplotlib.font_manager - findfont: score(FontEntry(fname='C:\\Windows\\Fonts\\MTEXTRA.TTF', name='MT Extra', style='normal', variant='normal', weight=400, stretch='normal', size='scalable')) = 10.05
24076 - 23-Feb-26 14:19:06 - matplotlib.font_manager - findfont: score(FontEntry(fname='C:\\Windows\\Fonts\\JUICE___.TTF', name='Juice ITC', style='normal', variant='normal', weight=400, stretch='normal', size='scalable')) = 10.05
24076 - 23-Feb-26 14:19:06 - matplotlib.font_manager - findfont: score(FontEntry(fname='C:\\Windows\\Fonts\\FRADMIT.TTF', name='Franklin Gothic Demi', style='italic', variant='normal', weight=400, stretch='normal', size='scalable')) = 11.05
24076 - 23-Feb-26 14:19:06 - matplotlib.font_manager - findfont: score(FontEntry(fname='C:\\Windows\\Fonts\\NIAGSOL.TTF', name='Niagara Solid', style='normal', variant='normal', weight=400, stretch='normal', size='scalable')) = 10.05
24076 - 23-Feb-26 14:19:06 - matplotlib.font_manager - findfont: score(FontEntry(fname='C:\\Windows\\Fonts\\WINGDNG2.TTF', name='Wingdings 2', style='normal', variant='normal', weight=400, stretch='normal', size='scalable')) = 10.05
24076 - 23-Feb-26 14:19:06 - matplotlib.font_manager - findfont: score(FontEntry(fname='C:\\Windows\\Fonts\\GOTHICI.TTF', name='Century Gothic', style='italic', variant='normal', weight=400, stretch='normal', size='scalable')) = 11.05
24076 - 23-Feb-26 14:19:06 - matplotlib.font_manager - findfont: score(FontEntry(fname='C:\\Windows\\Fonts\\SCHLBKBI.TTF', name='Century Schoolbook', style='italic', variant='normal', weight=700, stretch='normal', size='scalable')) = 11.335
24076 - 23-Feb-26 14:19:06 - matplotlib.font_manager - findfont: score(FontEntry(fname='C:\\Windows\\Fonts\\seguibli.ttf', name='Segoe UI', style='italic', variant='normal', weight=900, stretch='normal', size='scalable')) = 11.525
24076 - 23-Feb-26 14:19:06 - matplotlib.font_manager - findfont: score(FontEntry(fname='C:\\Windows\\Fonts\\LSANSD.TTF', name='Lucida Sans', style='normal', variant='normal', weight=600, stretch='normal', size='scalable')) = 10.24
24076 - 23-Feb-26 14:19:06 - matplotlib.font_manager - findfont: score(FontEntry(fname='C:\\Windows\\Fonts\\GIL_____.TTF', name='Gill Sans MT', style='normal', variant='normal', weight=400, stretch='normal', size='scalable')) = 10.05
24076 - 23-Feb-26 14:19:06 - matplotlib.font_manager - findfont: score(FontEntry(fname='C:\\Windows\\Fonts\\msjhbd.ttc', name='Microsoft JhengHei', style='normal', variant='normal', weight=700, stretch='normal', size='scalable')) = 10.335
24076 - 23-Feb-26 14:19:06 - matplotlib.font_manager - findfont: score(FontEntry(fname='C:\\Windows\\Fonts\\BOD_CI.TTF', name='Bodoni MT', style='italic', variant='normal', weight=400, stretch='condensed', size='scalable')) = 11.25
24076 - 23-Feb-26 14:19:06 - matplotlib.font_manager - findfont: score(FontEntry(fname='C:\\Windows\\Fonts\\BOOKOSBI.TTF', name='Bookman Old Style', style='italic', variant='normal', weight=600, stretch='normal', size='scalable')) = 11.24
24076 - 23-Feb-26 14:19:06 - matplotlib.font_manager - findfont: score(FontEntry(fname='C:\\Windows\\Fonts\\PERTIBD.TTF', name='Perpetua Titling MT', style='normal', variant='normal', weight=700, stretch='normal', size='scalable')) = 10.335
24076 - 23-Feb-26 14:19:06 - matplotlib.font_manager - findfont: score(FontEntry(fname='C:\\Windows\\Fonts\\PERTILI.TTF', name='Perpetua Titling MT', style='normal', variant='normal', weight=300, stretch='normal', size='scalable')) = 10.145
24076 - 23-Feb-26 14:19:06 - matplotlib.font_manager - findfont: score(FontEntry(fname='C:\\Windows\\Fonts\\CALIFI.TTF', name='Californian FB', style='italic', variant='normal', weight=400, stretch='normal', size='scalable')) = 11.05
24076 - 23-Feb-26 14:19:06 - matplotlib.font_manager - findfont: score(FontEntry(fname='C:\\Windows\\Fonts\\timesbi.ttf', name='Times New Roman', style='italic', variant='normal', weight=700, stretch='normal', size='scalable')) = 11.335
24076 - 23-Feb-26 14:19:06 - matplotlib.font_manager - findfont: score(FontEntry(fname='C:\\Windows\\Fonts\\BAUHS93.TTF', name='Bauhaus 93', style='normal', variant='normal', weight=400, stretch='normal', size='scalable')) = 10.05
24076 - 23-Feb-26 14:19:06 - matplotlib.font_manager - findfont: score(FontEntry(fname='C:\\Windows\\Fonts\\ARIALNI.TTF', name='Arial', style='italic', variant='normal', weight=400, stretch='condensed', size='scalable')) = 7.613636363636363
24076 - 23-Feb-26 14:19:06 - matplotlib.font_manager - findfont: score(FontEntry(fname='C:\\Windows\\Fonts\\msjh.ttc', name='Microsoft JhengHei', style='normal', variant='normal', weight=400, stretch='normal', size='scalable')) = 10.05
24076 - 23-Feb-26 14:19:06 - matplotlib.font_manager - findfont: score(FontEntry(fname='C:\\Windows\\Fonts\\CURLZ___.TTF', name='Curlz MT', style='normal', variant='normal', weight=400, stretch='normal', size='scalable')) = 10.05
24076 - 23-Feb-26 14:19:06 - matplotlib.font_manager - findfont: score(FontEntry(fname='C:\\Windows\\Fonts\\BOD_PSTC.TTF', name='Bodoni MT', style='normal', variant='normal', weight=300, stretch='normal', size='scalable')) = 10.145
24076 - 23-Feb-26 14:19:06 - matplotlib.font_manager - findfont: score(FontEntry(fname='C:\\Windows\\Fonts\\TCBI____.TTF', name='Tw Cen MT', style='italic', variant='normal', weight=700, stretch='normal', size='scalable')) = 11.335
24076 - 23-Feb-26 14:19:06 - matplotlib.font_manager - findfont: score(FontEntry(fname='C:\\Windows\\Fonts\\consola.ttf', name='Consolas', style='normal', variant='normal', weight=400, stretch='normal', size='scalable')) = 10.05
24076 - 23-Feb-26 14:19:06 - matplotlib.font_manager - findfont: score(FontEntry(fname='C:\\Windows\\Fonts\\calibrii.ttf', name='Calibri', style='italic', variant='normal', weight=400, stretch='normal', size='scalable')) = 11.05
24076 - 23-Feb-26 14:19:06 - matplotlib.font_manager - findfont: score(FontEntry(fname='C:\\Windows\\Fonts\\trebucbd.ttf', name='Trebuchet MS', style='normal', variant='normal', weight=700, stretch='normal', size='scalable')) = 10.335
24076 - 23-Feb-26 14:19:06 - matplotlib.font_manager - findfont: score(FontEntry(fname='C:\\Windows\\Fonts\\trebuc.ttf', name='Trebuchet MS', style='normal', variant='normal', weight=400, stretch='normal', size='scalable')) = 10.05
24076 - 23-Feb-26 14:19:06 - matplotlib.font_manager - findfont: score(FontEntry(fname='C:\\Windows\\Fonts\\CALIFR.TTF', name='Californian FB', style='normal', variant='normal', weight=400, stretch='normal', size='scalable')) = 10.05
24076 - 23-Feb-26 14:19:06 - matplotlib.font_manager - findfont: score(FontEntry(fname='C:\\Windows\\Fonts\\OUTLOOK.TTF', name='MS Outlook', style='normal', variant='normal', weight=400, stretch='normal', size='scalable')) = 10.05
24076 - 23-Feb-26 14:19:06 - matplotlib.font_manager - findfont: score(FontEntry(fname='C:\\Windows\\Fonts\\ARIALNBI.TTF', name='Arial', style='italic', variant='normal', weight=700, stretch='condensed', size='scalable')) = 7.8986363636363635
24076 - 23-Feb-26 14:19:06 - matplotlib.font_manager - findfont: score(FontEntry(fname='C:\\Windows\\Fonts\\Inkfree.ttf', name='Ink Free', style='normal', variant='normal', weight=400, stretch='normal', size='scalable')) = 10.05
24076 - 23-Feb-26 14:19:06 - matplotlib.font_manager - findfont: score(FontEntry(fname='C:\\Windows\\Fonts\\ITCBLKAD.TTF', name='Blackadder ITC', style='normal', variant='normal', weight=400, stretch='normal', size='scalable')) = 10.05
24076 - 23-Feb-26 14:19:06 - matplotlib.font_manager - findfont: score(FontEntry(fname='C:\\Windows\\Fonts\\DUBAI-MEDIUM.TTF', name='Dubai', style='normal', variant='normal', weight=500, stretch='normal', size='scalable')) = 10.145
24076 - 23-Feb-26 14:19:06 - matplotlib.font_manager - findfont: score(FontEntry(fname='C:\\Windows\\Fonts\\TEMPSITC.TTF', name='Tempus Sans ITC', style='normal', variant='normal', weight=400, stretch='normal', size='scalable')) = 10.05
24076 - 23-Feb-26 14:19:06 - matplotlib.font_manager - findfont: score(FontEntry(fname='C:\\Windows\\Fonts\\LBRITEI.TTF', name='Lucida Bright', style='italic', variant='normal', weight=400, stretch='normal', size='scalable')) = 11.05
24076 - 23-Feb-26 14:19:06 - matplotlib.font_manager - findfont: score(FontEntry(fname='C:\\Windows\\Fonts\\Candarab.ttf', name='Candara', style='normal', variant='normal', weight=700, stretch='normal', size='scalable')) = 10.335
24076 - 23-Feb-26 14:19:06 - matplotlib.font_manager - findfont: score(FontEntry(fname='C:\\Windows\\Fonts\\BSSYM7.TTF', name='Bookshelf Symbol 7', style='normal', variant='normal', weight=400, stretch='normal', size='scalable')) = 10.05
24076 - 23-Feb-26 14:19:06 - matplotlib.font_manager - findfont: score(FontEntry(fname='C:\\Windows\\Fonts\\ebrimabd.ttf', name='Ebrima', style='normal', variant='normal', weight=700, stretch='normal', size='scalable')) = 10.335
24076 - 23-Feb-26 14:19:06 - matplotlib.font_manager - findfont: score(FontEntry(fname='C:\\Windows\\Fonts\\MAIAN.TTF', name='Maiandra GD', style='normal', variant='normal', weight=400, stretch='normal', size='scalable')) = 10.05
24076 - 23-Feb-26 14:19:06 - matplotlib.font_manager - findfont: score(FontEntry(fname='C:\\Windows\\Fonts\\calibrili.ttf', name='Calibri', style='italic', variant='normal', weight=300, stretch='normal', size='scalable')) = 11.145
24076 - 23-Feb-26 14:19:06 - matplotlib.font_manager - findfont: score(FontEntry(fname='C:\\Windows\\Fonts\\VINERITC.TTF', name='Viner Hand ITC', style='normal', variant='normal', weight=400, stretch='normal', size='scalable')) = 10.05
24076 - 23-Feb-26 14:19:06 - matplotlib.font_manager - findfont: score(FontEntry(fname='C:\\Windows\\Fonts\\l_10646.ttf', name='Lucida Sans Unicode', style='normal', variant='normal', weight=400, stretch='normal', size='scalable')) = 10.05
24076 - 23-Feb-26 14:19:06 - matplotlib.font_manager - findfont: score(FontEntry(fname='C:\\Windows\\Fonts\\gadugi.ttf', name='Gadugi', style='normal', variant='normal', weight=400, stretch='normal', size='scalable')) = 10.05
24076 - 23-Feb-26 14:19:06 - matplotlib.font_manager - findfont: score(FontEntry(fname='C:\\Windows\\Fonts\\NIAGENG.TTF', name='Niagara Engraved', style='normal', variant='normal', weight=400, stretch='normal', size='scalable')) = 10.05
24076 - 23-Feb-26 14:19:06 - matplotlib.font_manager - findfont: score(FontEntry(fname='C:\\Windows\\Fonts\\LCALLIG.TTF', name='Lucida Calligraphy', style='italic', variant='normal', weight=400, stretch='normal', size='scalable')) = 11.05
24076 - 23-Feb-26 14:19:06 - matplotlib.font_manager - findfont: score(FontEntry(fname='C:\\Windows\\Fonts\\palabi.ttf', name='Palatino Linotype', style='italic', variant='normal', weight=700, stretch='normal', size='scalable')) = 11.335
24076 - 23-Feb-26 14:19:06 - matplotlib.font_manager - findfont: score(FontEntry(fname='C:\\Windows\\Fonts\\SansSerifCollection.ttf', name='Sans Serif Collection', style='normal', variant='normal', weight=400, stretch='normal', size='scalable')) = 10.05
24076 - 23-Feb-26 14:19:06 - matplotlib.font_manager - findfont: score(FontEntry(fname='C:\\Windows\\Fonts\\comici.ttf', name='Comic Sans MS', style='italic', variant='normal', weight=400, stretch='normal', size='scalable')) = 11.05
24076 - 23-Feb-26 14:19:06 - matplotlib.font_manager - findfont: score(FontEntry(fname='C:\\Windows\\Fonts\\msyi.ttf', name='Microsoft Yi Baiti', style='normal', variant='normal', weight=400, stretch='normal', size='scalable')) = 10.05
24076 - 23-Feb-26 14:19:06 - matplotlib.font_manager - findfont: score(FontEntry(fname='C:\\Windows\\Fonts\\LSANSDI.TTF', name='Lucida Sans', style='italic', variant='normal', weight=600, stretch='normal', size='scalable')) = 11.24
24076 - 23-Feb-26 14:19:06 - matplotlib.font_manager - findfont: score(FontEntry(fname='C:\\Windows\\Fonts\\FRADM.TTF', name='Franklin Gothic Demi', style='normal', variant='normal', weight=400, stretch='normal', size='scalable')) = 10.05
24076 - 23-Feb-26 14:19:06 - matplotlib.font_manager - findfont: score(FontEntry(fname='C:\\Windows\\Fonts\\KUNSTLER.TTF', name='Kunstler Script', style='normal', variant='normal', weight=400, stretch='normal', size='scalable')) = 10.05
24076 - 23-Feb-26 14:19:06 - matplotlib.font_manager - findfont: score(FontEntry(fname='C:\\Windows\\Fonts\\BOOKOS.TTF', name='Bookman Old Style', style='normal', variant='normal', weight=300, stretch='normal', size='scalable')) = 10.145
24076 - 23-Feb-26 14:19:06 - matplotlib.font_manager - findfont: score(FontEntry(fname='C:\\Windows\\Fonts\\impact.ttf', name='Impact', style='normal', variant='normal', weight=400, stretch='normal', size='scalable')) = 10.05
24076 - 23-Feb-26 14:19:06 - matplotlib.font_manager - findfont: score(FontEntry(fname='C:\\Windows\\Fonts\\COPRGTB.TTF', name='Copperplate Gothic Bold', style='normal', variant='normal', weight=400, stretch='normal', size='scalable')) = 10.05
24076 - 23-Feb-26 14:19:06 - matplotlib.font_manager - findfont: score(FontEntry(fname='C:\\Windows\\Fonts\\calibrib.ttf', name='Calibri', style='normal', variant='normal', weight=700, stretch='normal', size='scalable')) = 10.335
24076 - 23-Feb-26 14:19:06 - matplotlib.font_manager - findfont: score(FontEntry(fname='C:\\Windows\\Fonts\\FRSCRIPT.TTF', name='French Script MT', style='normal', variant='normal', weight=400, stretch='normal', size='scalable')) = 10.05
24076 - 23-Feb-26 14:19:06 - matplotlib.font_manager - findfont: score(FontEntry(fname='C:\\Windows\\Fonts\\calibri.ttf', name='Calibri', style='normal', variant='normal', weight=400, stretch='normal', size='scalable')) = 10.05
24076 - 23-Feb-26 14:19:06 - matplotlib.font_manager - findfont: score(FontEntry(fname='C:\\Windows\\Fonts\\comicz.ttf', name='Comic Sans MS', style='italic', variant='normal', weight=700, stretch='normal', size='scalable')) = 11.335
24076 - 23-Feb-26 14:19:06 - matplotlib.font_manager - findfont: score(FontEntry(fname='C:\\Windows\\Fonts\\SitkaVF.ttf', name='Sitka', style='normal', variant='normal', weight=400, stretch='normal', size='scalable')) = 10.05
24076 - 23-Feb-26 14:19:06 - matplotlib.font_manager - findfont: score(FontEntry(fname='C:\\Windows\\Fonts\\MOD20.TTF', name='Modern No. 20', style='normal', variant='normal', weight=400, stretch='normal', size='scalable')) = 10.05
24076 - 23-Feb-26 14:19:06 - matplotlib.font_manager - findfont: score(FontEntry(fname='C:\\Windows\\Fonts\\ARIALN.TTF', name='Arial', style='normal', variant='normal', weight=400, stretch='condensed', size='scalable')) = 6.613636363636363
24076 - 23-Feb-26 14:19:06 - matplotlib.font_manager - findfont: score(FontEntry(fname='C:\\Windows\\Fonts\\FREESCPT.TTF', name='Freestyle Script', style='normal', variant='normal', weight=400, stretch='normal', size='scalable')) = 10.05
24076 - 23-Feb-26 14:19:06 - matplotlib.font_manager - findfont: score(FontEntry(fname='C:\\Windows\\Fonts\\FTLTLT.TTF', name='Footlight MT Light', style='normal', variant='normal', weight=300, stretch='normal', size='scalable')) = 10.145
24076 - 23-Feb-26 14:19:06 - matplotlib.font_manager - findfont: score(FontEntry(fname='C:\\Windows\\Fonts\\SNAP____.TTF', name='Snap ITC', style='normal', variant='normal', weight=400, stretch='normal', size='scalable')) = 10.05
24076 - 23-Feb-26 14:19:06 - matplotlib.font_manager - findfont: score(FontEntry(fname='C:\\Windows\\Fonts\\segoesc.ttf', name='Segoe Script', style='normal', variant='normal', weight=400, stretch='normal', size='scalable')) = 10.05
24076 - 23-Feb-26 14:19:06 - matplotlib.font_manager - findfont: score(FontEntry(fname='C:\\Windows\\Fonts\\micross.ttf', name='Microsoft Sans Serif', style='normal', variant='normal', weight=400, stretch='normal', size='scalable')) = 10.05
24076 - 23-Feb-26 14:19:06 - matplotlib.font_manager - findfont: score(FontEntry(fname='C:\\Windows\\Fonts\\segoeprb.ttf', name='Segoe Print', style='normal', variant='normal', weight=700, stretch='normal', size='scalable')) = 10.335
24076 - 23-Feb-26 14:19:06 - matplotlib.font_manager - findfont: score(FontEntry(fname='C:\\Windows\\Fonts\\SegUIVar.ttf', name='Segoe UI Variable', style='normal', variant='normal', weight=400, stretch='normal', size='scalable')) = 10.05
24076 - 23-Feb-26 14:19:06 - matplotlib.font_manager - findfont: score(FontEntry(fname='C:\\Windows\\Fonts\\segoeuii.ttf', name='Segoe UI', style='italic', variant='normal', weight=400, stretch='normal', size='scalable')) = 11.05
24076 - 23-Feb-26 14:19:06 - matplotlib.font_manager - findfont: score(FontEntry(fname='C:\\Windows\\Fonts\\GIGI.TTF', name='Gigi', style='normal', variant='normal', weight=400, stretch='normal', size='scalable')) = 10.05
24076 - 23-Feb-26 14:19:06 - matplotlib.font_manager - findfont: score(FontEntry(fname='C:\\Windows\\Fonts\\mmrtextb.ttf', name='Myanmar Text', style='normal', variant='normal', weight=700, stretch='normal', size='scalable')) = 10.335
24076 - 23-Feb-26 14:19:06 - matplotlib.font_manager - findfont: score(FontEntry(fname='C:\\Windows\\Fonts\\LFAXD.TTF', name='Lucida Fax', style='normal', variant='normal', weight=600, stretch='normal', size='scalable')) = 10.24
24076 - 23-Feb-26 14:19:06 - matplotlib.font_manager - findfont: score(FontEntry(fname='C:\\Windows\\Fonts\\constanz.ttf', name='Constantia', style='italic', variant='normal', weight=700, stretch='normal', size='scalable')) = 11.335
24076 - 23-Feb-26 14:19:06 - matplotlib.font_manager - findfont: score(FontEntry(fname='C:\\Windows\\Fonts\\verdanai.ttf', name='Verdana', style='italic', variant='normal', weight=400, stretch='normal', size='scalable')) = 4.6863636363636365
24076 - 23-Feb-26 14:19:06 - matplotlib.font_manager - findfont: score(FontEntry(fname='C:\\Windows\\Fonts\\lucon.ttf', name='Lucida Console', style='normal', variant='normal', weight=400, stretch='normal', size='scalable')) = 10.05
24076 - 23-Feb-26 14:19:06 - matplotlib.font_manager - findfont: score(FontEntry(fname='C:\\Windows\\Fonts\\LSANS.TTF', name='Lucida Sans', style='normal', variant='normal', weight=400, stretch='normal', size='scalable')) = 10.05
24076 - 23-Feb-26 14:19:06 - matplotlib.font_manager - findfont: score(FontEntry(fname='C:\\Windows\\Fonts\\mvboli.ttf', name='MV Boli', style='normal', variant='normal', weight=400, stretch='normal', size='scalable')) = 10.05
24076 - 23-Feb-26 14:19:06 - matplotlib.font_manager - findfont: score(FontEntry(fname='C:\\Windows\\Fonts\\BRADHITC.TTF', name='Bradley Hand ITC', style='normal', variant='normal', weight=400, stretch='normal', size='scalable')) = 10.05
24076 - 23-Feb-26 14:19:06 - matplotlib.font_manager - findfont: score(FontEntry(fname='C:\\Windows\\Fonts\\GOUDOS.TTF', name='Goudy Old Style', style='normal', variant='normal', weight=400, stretch='normal', size='scalable')) = 10.05
24076 - 23-Feb-26 14:19:06 - matplotlib.font_manager - findfont: score(FontEntry(fname='C:\\Windows\\Fonts\\BRUSHSCI.TTF', name='Brush Script MT', style='italic', variant='normal', weight=400, stretch='normal', size='scalable')) = 11.05
24076 - 23-Feb-26 14:19:06 - matplotlib.font_manager - findfont: score(FontEntry(fname='C:\\Windows\\Fonts\\ebrima.ttf', name='Ebrima', style='normal', variant='normal', weight=400, stretch='normal', size='scalable')) = 10.05
24076 - 23-Feb-26 14:19:06 - matplotlib.font_manager - findfont: score(FontEntry(fname='C:\\Windows\\Fonts\\BOD_CBI.TTF', name='Bodoni MT', style='italic', variant='normal', weight=700, stretch='condensed', size='scalable')) = 11.535
24076 - 23-Feb-26 14:19:06 - matplotlib.font_manager - findfont: score(FontEntry(fname='C:\\Windows\\Fonts\\georgiaz.ttf', name='Georgia', style='italic', variant='normal', weight=700, stretch='normal', size='scalable')) = 11.335
24076 - 23-Feb-26 14:19:06 - matplotlib.font_manager - findfont: score(FontEntry(fname='C:\\Windows\\Fonts\\seguihis.ttf', name='Segoe UI Historic', style='normal', variant='normal', weight=400, stretch='normal', size='scalable')) = 10.05
24076 - 23-Feb-26 14:19:06 - matplotlib.font_manager - findfont: score(FontEntry(fname='C:\\Windows\\Fonts\\RAVIE.TTF', name='Ravie', style='normal', variant='normal', weight=400, stretch='normal', size='scalable')) = 10.05
24076 - 23-Feb-26 14:19:06 - matplotlib.font_manager - findfont: score(FontEntry(fname='C:\\Windows\\Fonts\\SCHLBKI.TTF', name='Century Schoolbook', style='italic', variant='normal', weight=400, stretch='normal', size='scalable')) = 11.05
24076 - 23-Feb-26 14:19:06 - matplotlib.font_manager - findfont: score(FontEntry(fname='C:\\Windows\\Fonts\\LFAXDI.TTF', name='Lucida Fax', style='italic', variant='normal', weight=600, stretch='normal', size='scalable')) = 11.24
24076 - 23-Feb-26 14:19:06 - matplotlib.font_manager - findfont: score(FontEntry(fname='C:\\Windows\\Fonts\\mmrtext.ttf', name='Myanmar Text', style='normal', variant='normal', weight=400, stretch='normal', size='scalable')) = 10.05
24076 - 23-Feb-26 14:19:06 - matplotlib.font_manager - findfont: score(FontEntry(fname='C:\\Windows\\Fonts\\GILI____.TTF', name='Gill Sans MT', style='italic', variant='normal', weight=400, stretch='normal', size='scalable')) = 11.05
24076 - 23-Feb-26 14:19:06 - matplotlib.font_manager - findfont: score(FontEntry(fname='C:\\Windows\\Fonts\\LFAX.TTF', name='Lucida Fax', style='normal', variant='normal', weight=400, stretch='normal', size='scalable')) = 10.05
24076 - 23-Feb-26 14:19:06 - matplotlib.font_manager - findfont: score(FontEntry(fname='C:\\Windows\\Fonts\\OLDENGL.TTF', name='Old English Text MT', style='normal', variant='normal', weight=400, stretch='normal', size='scalable')) = 10.05
24076 - 23-Feb-26 14:19:06 - matplotlib.font_manager - findfont: score(FontEntry(fname='C:\\Windows\\Fonts\\WINGDNG3.TTF', name='Wingdings 3', style='normal', variant='normal', weight=400, stretch='normal', size='scalable')) = 10.05
24076 - 23-Feb-26 14:19:06 - matplotlib.font_manager - findfont: score(FontEntry(fname='C:\\Windows\\Fonts\\GARABD.TTF', name='Garamond', style='normal', variant='normal', weight=700, stretch='normal', size='scalable')) = 10.335
24076 - 23-Feb-26 14:19:06 - matplotlib.font_manager - findfont: score(FontEntry(fname='C:\\Windows\\Fonts\\Candara.ttf', name='Candara', style='normal', variant='normal', weight=400, stretch='normal', size='scalable')) = 10.05
24076 - 23-Feb-26 14:19:06 - matplotlib.font_manager - findfont: score(FontEntry(fname='C:\\Windows\\Fonts\\BOD_B.TTF', name='Bodoni MT', style='normal', variant='normal', weight=700, stretch='normal', size='scalable')) = 10.335
24076 - 23-Feb-26 14:19:06 - matplotlib.font_manager - findfont: score(FontEntry(fname='C:\\Windows\\Fonts\\HARLOWSI.TTF', name='Harlow Solid Italic', style='italic', variant='normal', weight=400, stretch='normal', size='scalable')) = 11.05
24076 - 23-Feb-26 14:19:06 - matplotlib.font_manager - findfont: score(FontEntry(fname='C:\\Windows\\Fonts\\BOOKOSB.TTF', name='Bookman Old Style', style='normal', variant='normal', weight=600, stretch='normal', size='scalable')) = 10.24
24076 - 23-Feb-26 14:19:06 - matplotlib.font_manager - findfont: score(FontEntry(fname='C:\\Windows\\Fonts\\webdings.ttf', name='Webdings', style='normal', variant='normal', weight=400, stretch='normal', size='scalable')) = 10.05
24076 - 23-Feb-26 14:19:06 - matplotlib.font_manager - findfont: score(FontEntry(fname='C:\\Windows\\Fonts\\YuGothM.ttc', name='Yu Gothic', style='normal', variant='normal', weight=500, stretch='normal', size='scalable')) = 10.145
24076 - 23-Feb-26 14:19:06 - matplotlib.font_manager - findfont: score(FontEntry(fname='C:\\Windows\\Fonts\\GILB____.TTF', name='Gill Sans MT', style='normal', variant='normal', weight=700, stretch='normal', size='scalable')) = 10.335
24076 - 23-Feb-26 14:19:06 - matplotlib.font_manager - findfont: score(FontEntry(fname='C:\\Windows\\Fonts\\SimsunExtG.ttf', name='SimSun-ExtG', style='normal', variant='normal', weight=400, stretch='normal', size='scalable')) = 10.05
24076 - 23-Feb-26 14:19:06 - matplotlib.font_manager - findfont: score(FontEntry(fname='C:\\Windows\\Fonts\\BERNHC.TTF', name='Bernard MT Condensed', style='normal', variant='normal', weight=400, stretch='condensed', size='scalable')) = 10.25
24076 - 23-Feb-26 14:19:06 - matplotlib.font_manager - findfont: score(FontEntry(fname='C:\\Windows\\Fonts\\cambriai.ttf', name='Cambria', style='italic', variant='normal', weight=400, stretch='normal', size='scalable')) = 11.05
24076 - 23-Feb-26 14:19:06 - matplotlib.font_manager - findfont: score(FontEntry(fname='C:\\Windows\\Fonts\\cambriaz.ttf', name='Cambria', style='italic', variant='normal', weight=700, stretch='normal', size='scalable')) = 11.335
24076 - 23-Feb-26 14:19:06 - matplotlib.font_manager - findfont: score(FontEntry(fname='C:\\Windows\\Fonts\\BRLNSR.TTF', name='Berlin Sans FB', style='normal', variant='normal', weight=400, stretch='normal', size='scalable')) = 10.05
24076 - 23-Feb-26 14:19:06 - matplotlib.font_manager - findfont: score(FontEntry(fname='C:\\Windows\\Fonts\\GILBI___.TTF', name='Gill Sans MT', style='italic', variant='normal', weight=700, stretch='normal', size='scalable')) = 11.335
24076 - 23-Feb-26 14:19:06 - matplotlib.font_manager - findfont: score(FontEntry(fname='C:\\Windows\\Fonts\\palai.ttf', name='Palatino Linotype', style='italic', variant='normal', weight=400, stretch='normal', size='scalable')) = 11.05
24076 - 23-Feb-26 14:19:06 - matplotlib.font_manager - findfont: score(FontEntry(fname='C:\\Windows\\Fonts\\BOD_BLAI.TTF', name='Bodoni MT', style='italic', variant='normal', weight=900, stretch='normal', size='scalable')) = 11.525
24076 - 23-Feb-26 14:19:06 - matplotlib.font_manager - findfont: score(FontEntry(fname='C:\\Windows\\Fonts\\seguisli.ttf', name='Segoe UI', style='italic', variant='normal', weight=350, stretch='normal', size='scalable')) = 11.0975
24076 - 23-Feb-26 14:19:06 - matplotlib.font_manager - findfont: score(FontEntry(fname='C:\\Windows\\Fonts\\malgunbd.ttf', name='Malgun Gothic', style='normal', variant='normal', weight=700, stretch='normal', size='scalable')) = 10.335
24076 - 23-Feb-26 14:19:06 - matplotlib.font_manager - findfont: score(FontEntry(fname='C:\\Windows\\Fonts\\RAGE.TTF', name='Rage Italic', style='italic', variant='normal', weight=400, stretch='normal', size='scalable')) = 11.05
24076 - 23-Feb-26 14:19:06 - matplotlib.font_manager - findfont: score(FontEntry(fname='C:\\Windows\\Fonts\\Candarai.ttf', name='Candara', style='italic', variant='normal', weight=400, stretch='normal', size='scalable')) = 11.05
24076 - 23-Feb-26 14:19:06 - matplotlib.font_manager - findfont: score(FontEntry(fname='C:\\Windows\\Fonts\\GOTHICBI.TTF', name='Century Gothic', style='italic', variant='normal', weight=700, stretch='normal', size='scalable')) = 11.335
24076 - 23-Feb-26 14:19:06 - matplotlib.font_manager - findfont: score(FontEntry(fname='C:\\Windows\\Fonts\\BOOKOSI.TTF', name='Bookman Old Style', style='italic', variant='normal', weight=300, stretch='normal', size='scalable')) = 11.145
24076 - 23-Feb-26 14:19:06 - matplotlib.font_manager - findfont: score(FontEntry(fname='C:\\Windows\\Fonts\\FRADMCN.TTF', name='Franklin Gothic Demi Cond', style='normal', variant='normal', weight=400, stretch='condensed', size='scalable')) = 10.25
24076 - 23-Feb-26 14:19:06 - matplotlib.font_manager - findfont: score(FontEntry(fname='C:\\Windows\\Fonts\\COPRGTL.TTF', name='Copperplate Gothic Light', style='normal', variant='normal', weight=400, stretch='normal', size='scalable')) = 10.05
24076 - 23-Feb-26 14:19:06 - matplotlib.font_manager - findfont: score(FontEntry(fname='C:\\Windows\\Fonts\\CALIFB.TTF', name='Californian FB', style='normal', variant='normal', weight=700, stretch='normal', size='scalable')) = 10.335
24076 - 23-Feb-26 14:19:06 - matplotlib.font_manager - findfont: score(FontEntry(fname='C:\\Windows\\Fonts\\corbell.ttf', name='Corbel', style='normal', variant='normal', weight=300, stretch='normal', size='scalable')) = 10.145
24076 - 23-Feb-26 14:19:06 - matplotlib.font_manager - findfont: score(FontEntry(fname='C:\\Windows\\Fonts\\LatoWeb-SemiboldItalic.ttf', name='Lato', style='italic', variant='normal', weight=600, stretch='normal', size='scalable')) = 11.24
24076 - 23-Feb-26 14:19:06 - matplotlib.font_manager - findfont: score(FontEntry(fname='C:\\Windows\\Fonts\\cambria.ttc', name='Cambria', style='normal', variant='normal', weight=400, stretch='normal', size='scalable')) = 10.05
24076 - 23-Feb-26 14:19:06 - matplotlib.font_manager - findfont: score(FontEntry(fname='C:\\Windows\\Fonts\\bahnschrift.ttf', name='Bahnschrift', style='normal', variant='normal', weight=400, stretch='normal', size='scalable')) = 10.05
24076 - 23-Feb-26 14:19:06 - matplotlib.font_manager - findfont: score(FontEntry(fname='C:\\Windows\\Fonts\\ONYX.TTF', name='Onyx', style='normal', variant='normal', weight=400, stretch='normal', size='scalable')) = 10.05
24076 - 23-Feb-26 14:19:06 - matplotlib.font_manager - findfont: score(FontEntry(fname='C:\\Windows\\Fonts\\GOUDOSB.TTF', name='Goudy Old Style', style='normal', variant='normal', weight=700, stretch='normal', size='scalable')) = 10.335
24076 - 23-Feb-26 14:19:06 - matplotlib.font_manager - findfont: score(FontEntry(fname='C:\\Windows\\Fonts\\ntailu.ttf', name='Microsoft New Tai Lue', style='normal', variant='normal', weight=400, stretch='normal', size='scalable')) = 10.05
24076 - 23-Feb-26 14:19:06 - matplotlib.font_manager - findfont: score(FontEntry(fname='C:\\Windows\\Fonts\\PERB____.TTF', name='Perpetua', style='normal', variant='normal', weight=700, stretch='normal', size='scalable')) = 10.335
24076 - 23-Feb-26 14:19:06 - matplotlib.font_manager - findfont: score(FontEntry(fname='C:\\Windows\\Fonts\\GOUDYSTO.TTF', name='Goudy Stout', style='normal', variant='normal', weight=400, stretch='normal', size='scalable')) = 10.05
24076 - 23-Feb-26 14:19:06 - matplotlib.font_manager - findfont: score(FontEntry(fname='C:\\Windows\\Fonts\\ERASLGHT.TTF', name='Eras Light ITC', style='normal', variant='normal', weight=400, stretch='normal', size='scalable')) = 10.05
24076 - 23-Feb-26 14:19:06 - matplotlib.font_manager - findfont: score(FontEntry(fname='C:\\Windows\\Fonts\\verdana.ttf', name='Verdana', style='normal', variant='normal', weight=400, stretch='normal', size='scalable')) = 3.6863636363636365
24076 - 23-Feb-26 14:19:06 - matplotlib.font_manager - findfont: score(FontEntry(fname='C:\\Windows\\Fonts\\LeelUIsl.ttf', name='Leelawadee UI', style='normal', variant='normal', weight=350, stretch='normal', size='scalable')) = 10.0975
24076 - 23-Feb-26 14:19:06 - matplotlib.font_manager - findfont: score(FontEntry(fname='C:\\Windows\\Fonts\\times.ttf', name='Times New Roman', style='normal', variant='normal', weight=400, stretch='normal', size='scalable')) = 10.05
24076 - 23-Feb-26 14:19:06 - matplotlib.font_manager - findfont: score(FontEntry(fname='C:\\Windows\\Fonts\\LFAXI.TTF', name='Lucida Fax', style='italic', variant='normal', weight=400, stretch='normal', size='scalable')) = 11.05
24076 - 23-Feb-26 14:19:06 - matplotlib.font_manager - findfont: score(FontEntry(fname='C:\\Windows\\Fonts\\COOPBL.TTF', name='Cooper Black', style='normal', variant='normal', weight=400, stretch='normal', size='scalable')) = 10.05
24076 - 23-Feb-26 14:19:06 - matplotlib.font_manager - findfont: score(FontEntry(fname='C:\\Windows\\Fonts\\BOD_CR.TTF', name='Bodoni MT', style='normal', variant='normal', weight=400, stretch='condensed', size='scalable')) = 10.25
24076 - 23-Feb-26 14:19:06 - matplotlib.font_manager - findfont: score(FontEntry(fname='C:\\Windows\\Fonts\\BRLNSB.TTF', name='Berlin Sans FB', style='normal', variant='normal', weight=700, stretch='normal', size='scalable')) = 10.335
24076 - 23-Feb-26 14:19:06 - matplotlib.font_manager - findfont: score(FontEntry(fname='C:\\Windows\\Fonts\\segmdl2.ttf', name='Segoe MDL2 Assets', style='normal', variant='normal', weight=400, stretch='normal', size='scalable')) = 10.05
24076 - 23-Feb-26 14:19:06 - matplotlib.font_manager - findfont: score(FontEntry(fname='C:\\Windows\\Fonts\\framdit.ttf', name='Franklin Gothic Medium', style='italic', variant='normal', weight=400, stretch='normal', size='scalable')) = 11.05
24076 - 23-Feb-26 14:19:06 - matplotlib.font_manager - findfont: score(FontEntry(fname='C:\\Windows\\Fonts\\VIVALDII.TTF', name='Vivaldi', style='italic', variant='normal', weight=400, stretch='normal', size='scalable')) = 11.05
24076 - 23-Feb-26 14:19:06 - matplotlib.font_manager - findfont: score(FontEntry(fname='C:\\Windows\\Fonts\\ITCEDSCR.TTF', name='Edwardian Script ITC', style='normal', variant='normal', weight=400, stretch='normal', size='scalable')) = 10.05
24076 - 23-Feb-26 14:19:06 - matplotlib.font_manager - findfont: score(FontEntry(fname='C:\\Windows\\Fonts\\LTYPEBO.TTF', name='Lucida Sans Typewriter', style='oblique', variant='normal', weight=600, stretch='normal', size='scalable')) = 11.24
24076 - 23-Feb-26 14:19:06 - matplotlib.font_manager - findfont: score(FontEntry(fname='C:\\Windows\\Fonts\\courbi.ttf', name='Courier New', style='italic', variant='normal', weight=700, stretch='normal', size='scalable')) = 11.335
24076 - 23-Feb-26 14:19:06 - matplotlib.font_manager - findfont: score(FontEntry(fname='C:\\Windows\\Fonts\\HARNGTON.TTF', name='Harrington', style='normal', variant='normal', weight=400, stretch='normal', size='scalable')) = 10.05
24076 - 23-Feb-26 14:19:06 - matplotlib.font_manager - findfont: score(FontEntry(fname='C:\\Windows\\Fonts\\GILSANUB.TTF', name='Gill Sans Ultra Bold', style='normal', variant='normal', weight=400, stretch='normal', size='scalable')) = 10.05
24076 - 23-Feb-26 14:19:06 - matplotlib.font_manager - findfont: score(FontEntry(fname='C:\\Windows\\Fonts\\BOD_CB.TTF', name='Bodoni MT', style='normal', variant='normal', weight=700, stretch='condensed', size='scalable')) = 10.535
24076 - 23-Feb-26 14:19:06 - matplotlib.font_manager - findfont: score(FontEntry(fname='C:\\Windows\\Fonts\\ariali.ttf', name='Arial', style='italic', variant='normal', weight=400, stretch='normal', size='scalable')) = 7.413636363636363
24076 - 23-Feb-26 14:19:06 - matplotlib.font_manager - findfont: score(FontEntry(fname='C:\\Windows\\Fonts\\ALGER.TTF', name='Algerian', style='normal', variant='normal', weight=400, stretch='normal', size='scalable')) = 10.05
24076 - 23-Feb-26 14:19:06 - matplotlib.font_manager - findfont: score(FontEntry(fname='C:\\Windows\\Fonts\\ROCKB.TTF', name='Rockwell', style='normal', variant='normal', weight=700, stretch='normal', size='scalable')) = 10.335
24076 - 23-Feb-26 14:19:06 - matplotlib.font_manager - findfont: score(FontEntry(fname='C:\\Windows\\Fonts\\PRISTINA.TTF', name='Pristina', style='normal', variant='normal', weight=400, stretch='normal', size='scalable')) = 10.05
24076 - 23-Feb-26 14:19:06 - matplotlib.font_manager - findfont: score(FontEntry(fname='C:\\Windows\\Fonts\\LatoWeb-Light.ttf', name='Lato', style='normal', variant='normal', weight=300, stretch='normal', size='scalable')) = 10.145
24076 - 23-Feb-26 14:19:06 - matplotlib.font_manager - findfont: score(FontEntry(fname='C:\\Windows\\Fonts\\couri.ttf', name='Courier New', style='italic', variant='normal', weight=400, stretch='normal', size='scalable')) = 11.05
24076 - 23-Feb-26 14:19:06 - matplotlib.font_manager - findfont: score(FontEntry(fname='C:\\Windows\\Fonts\\tahomabd.ttf', name='Tahoma', style='normal', variant='normal', weight=700, stretch='normal', size='scalable')) = 10.335
24076 - 23-Feb-26 14:19:06 - matplotlib.font_manager - findfont: score(FontEntry(fname='C:\\Windows\\Fonts\\HTOWERT.TTF', name='High Tower Text', style='normal', variant='normal', weight=400, stretch='normal', size='scalable')) = 10.05
24076 - 23-Feb-26 14:19:06 - matplotlib.font_manager - findfont: score(FontEntry(fname='C:\\Windows\\Fonts\\ROCKI.TTF', name='Rockwell', style='italic', variant='normal', weight=400, stretch='normal', size='scalable')) = 11.05
24076 - 23-Feb-26 14:19:06 - matplotlib.font_manager - findfont: score(FontEntry(fname='C:\\Windows\\Fonts\\courbd.ttf', name='Courier New', style='normal', variant='normal', weight=700, stretch='normal', size='scalable')) = 10.335
24076 - 23-Feb-26 14:19:06 - matplotlib.font_manager - findfont: score(FontEntry(fname='C:\\Windows\\Fonts\\DUBAI-BOLD.TTF', name='Dubai', style='normal', variant='normal', weight=700, stretch='normal', size='scalable')) = 10.335
24076 - 23-Feb-26 14:19:06 - matplotlib.font_manager - findfont: score(FontEntry(fname='C:\\Windows\\Fonts\\COLONNA.TTF', name='Colonna MT', style='normal', variant='normal', weight=400, stretch='normal', size='scalable')) = 10.05
24076 - 23-Feb-26 14:19:06 - matplotlib.font_manager - findfont: score(FontEntry(fname='C:\\Windows\\Fonts\\ROCKBI.TTF', name='Rockwell', style='italic', variant='normal', weight=700, stretch='normal', size='scalable')) = 11.335
24076 - 23-Feb-26 14:19:06 - matplotlib.font_manager - findfont: score(FontEntry(fname='C:\\Windows\\Fonts\\TCM_____.TTF', name='Tw Cen MT', style='normal', variant='normal', weight=400, stretch='normal', size='scalable')) = 10.05
24076 - 23-Feb-26 14:19:06 - matplotlib.font_manager - findfont: score(FontEntry(fname='C:\\Windows\\Fonts\\ERASDEMI.TTF', name='Eras Demi ITC', style='normal', variant='normal', weight=400, stretch='normal', size='scalable')) = 10.05
24076 - 23-Feb-26 14:19:06 - matplotlib.font_manager - findfont: score(FontEntry(fname='C:\\Windows\\Fonts\\mingliub.ttc', name='MingLiU-ExtB', style='normal', variant='normal', weight=400, stretch='normal', size='scalable')) = 10.05
24076 - 23-Feb-26 14:19:06 - matplotlib.font_manager - findfont: score(FontEntry(fname='C:\\Windows\\Fonts\\CALISTBI.TTF', name='Calisto MT', style='italic', variant='normal', weight=700, stretch='normal', size='scalable')) = 11.335
24076 - 23-Feb-26 14:19:06 - matplotlib.font_manager - findfont: score(FontEntry(fname='C:\\Windows\\Fonts\\segoeui.ttf', name='Segoe UI', style='normal', variant='normal', weight=400, stretch='normal', size='scalable')) = 10.05
24076 - 23-Feb-26 14:19:06 - matplotlib.font_manager - findfont: score(FontEntry(fname='C:\\Windows\\Fonts\\LeelawUI.ttf', name='Leelawadee UI', style='normal', variant='normal', weight=400, stretch='normal', size='scalable')) = 10.05
24076 - 23-Feb-26 14:19:06 - matplotlib.font_manager - findfont: score(FontEntry(fname='C:\\Windows\\Fonts\\REFSPCL.TTF', name='MS Reference Specialty', style='normal', variant='normal', weight=400, stretch='normal', size='scalable')) = 10.05
24076 - 23-Feb-26 14:19:06 - matplotlib.font_manager - findfont: score(FontEntry(fname='C:\\Windows\\Fonts\\comicbd.ttf', name='Comic Sans MS', style='normal', variant='normal', weight=700, stretch='normal', size='scalable')) = 10.335
24076 - 23-Feb-26 14:19:06 - matplotlib.font_manager - findfont: score(FontEntry(fname='C:\\Windows\\Fonts\\PALSCRI.TTF', name='Palace Script MT', style='normal', variant='normal', weight=400, stretch='normal', size='scalable')) = 10.05
24076 - 23-Feb-26 14:19:06 - matplotlib.font_manager - findfont: score(FontEntry(fname='C:\\Windows\\Fonts\\TCCEB.TTF', name='Tw Cen MT Condensed Extra Bold', style='normal', variant='normal', weight=400, stretch='condensed', size='scalable')) = 10.25
24076 - 23-Feb-26 14:19:06 - matplotlib.font_manager - findfont: score(FontEntry(fname='C:\\Windows\\Fonts\\ANTQUAB.TTF', name='Book Antiqua', style='normal', variant='normal', weight=700, stretch='normal', size='scalable')) = 10.335
24076 - 23-Feb-26 14:19:06 - matplotlib.font_manager - findfont: score(FontEntry(fname='C:\\Windows\\Fonts\\PER_____.TTF', name='Perpetua', style='normal', variant='normal', weight=400, stretch='normal', size='scalable')) = 10.05
24076 - 23-Feb-26 14:19:06 - matplotlib.font_manager - findfont: score(FontEntry(fname='C:\\Windows\\Fonts\\javatext.ttf', name='Javanese Text', style='normal', variant='normal', weight=400, stretch='normal', size='scalable')) = 10.05
24076 - 23-Feb-26 14:19:06 - matplotlib.font_manager - findfont: score(FontEntry(fname='C:\\Windows\\Fonts\\palab.ttf', name='Palatino Linotype', style='normal', variant='normal', weight=700, stretch='normal', size='scalable')) = 10.335
24076 - 23-Feb-26 14:19:06 - matplotlib.font_manager - findfont: score(FontEntry(fname='C:\\Windows\\Fonts\\msyhbd.ttc', name='Microsoft YaHei', style='normal', variant='normal', weight=700, stretch='normal', size='scalable')) = 10.335
24076 - 23-Feb-26 14:19:06 - matplotlib.font_manager - findfont: score(FontEntry(fname='C:\\Windows\\Fonts\\YuGothB.ttc', name='Yu Gothic', style='normal', variant='normal', weight=700, stretch='normal', size='scalable')) = 10.335
24076 - 23-Feb-26 14:19:06 - matplotlib.font_manager - findfont: score(FontEntry(fname='C:\\Windows\\Fonts\\CHILLER.TTF', name='Chiller', style='normal', variant='normal', weight=400, stretch='normal', size='scalable')) = 10.05
24076 - 23-Feb-26 14:19:06 - matplotlib.font_manager - findfont: score(FontEntry(fname='C:\\Windows\\Fonts\\trebucit.ttf', name='Trebuchet MS', style='italic', variant='normal', weight=400, stretch='normal', size='scalable')) = 11.05
24076 - 23-Feb-26 14:19:06 - matplotlib.font_manager - findfont: score(FontEntry(fname='C:\\Windows\\Fonts\\georgia.ttf', name='Georgia', style='normal', variant='normal', weight=400, stretch='normal', size='scalable')) = 10.05
24076 - 23-Feb-26 14:19:06 - matplotlib.font_manager - findfont: score(FontEntry(fname='C:\\Windows\\Fonts\\ROCK.TTF', name='Rockwell', style='normal', variant='normal', weight=400, stretch='normal', size='scalable')) = 10.05
24076 - 23-Feb-26 14:19:06 - matplotlib.font_manager - findfont: score(FontEntry(fname='C:\\Windows\\Fonts\\TCCM____.TTF', name='Tw Cen MT Condensed', style='normal', variant='normal', weight=400, stretch='condensed', size='scalable')) = 10.25
24076 - 23-Feb-26 14:19:06 - matplotlib.font_manager - findfont: score(FontEntry(fname='C:\\Windows\\Fonts\\CALISTI.TTF', name='Calisto MT', style='italic', variant='normal', weight=400, stretch='normal', size='scalable')) = 11.05
24076 - 23-Feb-26 14:19:06 - matplotlib.font_manager - findfont: score(FontEntry(fname='C:\\Windows\\Fonts\\LatoWeb-Regular.ttf', name='Lato', style='normal', variant='normal', weight=400, stretch='normal', size='scalable')) = 10.05
24076 - 23-Feb-26 14:19:06 - matplotlib.font_manager - findfont: score(FontEntry(fname='C:\\Windows\\Fonts\\ELEPHNT.TTF', name='Elephant', style='normal', variant='normal', weight=400, stretch='normal', size='scalable')) = 10.05
24076 - 23-Feb-26 14:19:06 - matplotlib.font_manager - findfont: score(FontEntry(fname='C:\\Windows\\Fonts\\MATURASC.TTF', name='Matura MT Script Capitals', style='normal', variant='normal', weight=400, stretch='normal', size='scalable')) = 10.05
24076 - 23-Feb-26 14:19:06 - matplotlib.font_manager - findfont: score(FontEntry(fname='C:\\Windows\\Fonts\\georgiab.ttf', name='Georgia', style='normal', variant='normal', weight=700, stretch='normal', size='scalable')) = 10.335
24076 - 23-Feb-26 14:19:06 - matplotlib.font_manager - findfont: score(FontEntry(fname='C:\\Windows\\Fonts\\taileb.ttf', name='Microsoft Tai Le', style='normal', variant='normal', weight=700, stretch='normal', size='scalable')) = 10.335
24076 - 23-Feb-26 14:19:06 - matplotlib.font_manager - findfont: score(FontEntry(fname='C:\\Windows\\Fonts\\corbelb.ttf', name='Corbel', style='normal', variant='normal', weight=700, stretch='normal', size='scalable')) = 10.335
24076 - 23-Feb-26 14:19:06 - matplotlib.font_manager - findfont: score(FontEntry(fname='C:\\Windows\\Fonts\\msyh.ttc', name='Microsoft YaHei', style='normal', variant='normal', weight=400, stretch='normal', size='scalable')) = 10.05
24076 - 23-Feb-26 14:19:06 - matplotlib.font_manager - findfont: score(FontEntry(fname='C:\\Windows\\Fonts\\ariblk.ttf', name='Arial', style='normal', variant='normal', weight=900, stretch='normal', size='scalable')) = 6.888636363636364
24076 - 23-Feb-26 14:19:06 - matplotlib.font_manager - findfont: score(FontEntry(fname='C:\\Windows\\Fonts\\ERASMD.TTF', name='Eras Medium ITC', style='normal', variant='normal', weight=400, stretch='normal', size='scalable')) = 10.05
24076 - 23-Feb-26 14:19:06 - matplotlib.font_manager - findfont: score(FontEntry(fname='C:\\Windows\\Fonts\\ANTQUABI.TTF', name='Book Antiqua', style='italic', variant='normal', weight=700, stretch='normal', size='scalable')) = 11.335
24076 - 23-Feb-26 14:19:06 - matplotlib.font_manager - findfont: score(FontEntry(fname='C:\\Windows\\Fonts\\ARLRDBD.TTF', name='Arial Rounded MT Bold', style='normal', variant='normal', weight=400, stretch='normal', size='scalable')) = 10.05
24076 - 23-Feb-26 14:19:06 - matplotlib.font_manager - findfont: score(FontEntry(fname='C:\\Windows\\Fonts\\ROCKEB.TTF', name='Rockwell Extra Bold', style='normal', variant='normal', weight=800, stretch='normal', size='scalable')) = 10.43
24076 - 23-Feb-26 14:19:06 - matplotlib.font_manager - findfont: score(FontEntry(fname='C:\\Windows\\Fonts\\seguisb.ttf', name='Segoe UI', style='normal', variant='normal', weight=600, stretch='normal', size='scalable')) = 10.24
24076 - 23-Feb-26 14:19:06 - matplotlib.font_manager - findfont: score(FontEntry(fname='C:\\Windows\\Fonts\\arial.ttf', name='Arial', style='normal', variant='normal', weight=400, stretch='normal', size='scalable')) = 6.413636363636363
24076 - 23-Feb-26 14:19:06 - matplotlib.font_manager - findfont: score(FontEntry(fname='C:\\Windows\\Fonts\\ENGR.TTF', name='Engravers MT', style='normal', variant='normal', weight=500, stretch='normal', size='scalable')) = 10.145
24076 - 23-Feb-26 14:19:06 - matplotlib.font_manager - findfont: score(FontEntry(fname='C:\\Windows\\Fonts\\malgun.ttf', name='Malgun Gothic', style='normal', variant='normal', weight=400, stretch='normal', size='scalable')) = 10.05
24076 - 23-Feb-26 14:19:06 - matplotlib.font_manager - findfont: score(FontEntry(fname='C:\\Windows\\Fonts\\simsun.ttc', name='SimSun', style='normal', variant='normal', weight=400, stretch='normal', size='scalable')) = 10.05
24076 - 23-Feb-26 14:19:06 - matplotlib.font_manager - findfont: score(FontEntry(fname='C:\\Windows\\Fonts\\MISTRAL.TTF', name='Mistral', style='normal', variant='normal', weight=400, stretch='normal', size='scalable')) = 10.05
24076 - 23-Feb-26 14:19:06 - matplotlib.font_manager - findfont: score(FontEntry(fname='C:\\Windows\\Fonts\\BOD_I.TTF', name='Bodoni MT', style='italic', variant='normal', weight=400, stretch='normal', size='scalable')) = 11.05
24076 - 23-Feb-26 14:19:06 - matplotlib.font_manager - findfont: score(FontEntry(fname='C:\\Windows\\Fonts\\PLAYBILL.TTF', name='Playbill', style='normal', variant='normal', weight=400, stretch='normal', size='scalable')) = 10.05
24076 - 23-Feb-26 14:19:06 - matplotlib.font_manager - findfont: score(FontEntry(fname='C:\\Windows\\Fonts\\simsunb.ttf', name='SimSun-ExtB', style='normal', variant='normal', weight=400, stretch='normal', size='scalable')) = 10.05
24076 - 23-Feb-26 14:19:06 - matplotlib.font_manager - findfont: score(FontEntry(fname='C:\\Windows\\Fonts\\MAGNETOB.TTF', name='Magneto', style='normal', variant='normal', weight=700, stretch='normal', size='scalable')) = 10.335
24076 - 23-Feb-26 14:19:06 - matplotlib.font_manager - findfont: score(FontEntry(fname='C:\\Windows\\Fonts\\Gabriola.ttf', name='Gabriola', style='normal', variant='normal', weight=400, stretch='normal', size='scalable')) = 10.05
24076 - 23-Feb-26 14:19:06 - matplotlib.font_manager - findfont: score(FontEntry(fname='C:\\Windows\\Fonts\\seguiemj.ttf', name='Segoe UI Emoji', style='normal', variant='normal', weight=400, stretch='normal', size='scalable')) = 10.05
24076 - 23-Feb-26 14:19:06 - matplotlib.font_manager - findfont: score(FontEntry(fname='C:\\Windows\\Fonts\\sylfaen.ttf', name='Sylfaen', style='normal', variant='normal', weight=400, stretch='normal', size='scalable')) = 10.05
24076 - 23-Feb-26 14:19:06 - matplotlib.font_manager - findfont: score(FontEntry(fname='C:\\Windows\\Fonts\\BELLB.TTF', name='Bell MT', style='normal', variant='normal', weight=700, stretch='normal', size='scalable')) = 10.335
24076 - 23-Feb-26 14:19:06 - matplotlib.font_manager - findfont: score(FontEntry(fname='C:\\Windows\\Fonts\\LBRITEDI.TTF', name='Lucida Bright', style='italic', variant='normal', weight=600, stretch='normal', size='scalable')) = 11.24
24076 - 23-Feb-26 14:19:06 - matplotlib.font_manager - findfont: score(FontEntry(fname='C:\\Windows\\Fonts\\AGENCYR.TTF', name='Agency FB', style='normal', variant='normal', weight=400, stretch='normal', size='scalable')) = 10.05
24076 - 23-Feb-26 14:19:06 - matplotlib.font_manager - findfont: score(FontEntry(fname='C:\\Windows\\Fonts\\PERBI___.TTF', name='Perpetua', style='italic', variant='normal', weight=700, stretch='normal', size='scalable')) = 11.335
24076 - 23-Feb-26 14:19:06 - matplotlib.font_manager - findfont: score(FontEntry(fname='C:\\Windows\\Fonts\\AGENCYB.TTF', name='Agency FB', style='normal', variant='normal', weight=700, stretch='normal', size='scalable')) = 10.335
24076 - 23-Feb-26 14:19:06 - matplotlib.font_manager - findfont: score(FontEntry(fname='C:\\Windows\\Fonts\\timesi.ttf', name='Times New Roman', style='italic', variant='normal', weight=400, stretch='normal', size='scalable')) = 11.05
24076 - 23-Feb-26 14:19:06 - matplotlib.font_manager - findfont: score(FontEntry(fname='C:\\Windows\\Fonts\\cambriab.ttf', name='Cambria', style='normal', variant='normal', weight=700, stretch='normal', size='scalable')) = 10.335
24076 - 23-Feb-26 14:19:06 - matplotlib.font_manager - findfont: score(FontEntry(fname='C:\\Windows\\Fonts\\corbelli.ttf', name='Corbel', style='italic', variant='normal', weight=300, stretch='normal', size='scalable')) = 11.145
24076 - 23-Feb-26 14:19:06 - matplotlib.font_manager - findfont: score(FontEntry(fname='C:\\Windows\\Fonts\\seguisym.ttf', name='Segoe UI Symbol', style='normal', variant='normal', weight=400, stretch='normal', size='scalable')) = 10.05
24076 - 23-Feb-26 14:19:06 - matplotlib.font_manager - findfont: score(FontEntry(fname='C:\\Windows\\Fonts\\BOD_BI.TTF', name='Bodoni MT', style='italic', variant='normal', weight=700, stretch='normal', size='scalable')) = 11.335
24076 - 23-Feb-26 14:19:06 - matplotlib.font_manager - findfont: score(FontEntry(fname='C:\\Windows\\Fonts\\TCMI____.TTF', name='Tw Cen MT', style='italic', variant='normal', weight=400, stretch='normal', size='scalable')) = 11.05
24076 - 23-Feb-26 14:19:06 - matplotlib.font_manager - findfont: score(FontEntry(fname='C:\\Windows\\Fonts\\pala.ttf', name='Palatino Linotype', style='normal', variant='normal', weight=400, stretch='normal', size='scalable')) = 10.05
24076 - 23-Feb-26 14:19:06 - matplotlib.font_manager - findfont: score(FontEntry(fname='C:\\Windows\\Fonts\\BRITANIC.TTF', name='Britannic Bold', style='normal', variant='normal', weight=400, stretch='normal', size='scalable')) = 10.05
24076 - 23-Feb-26 14:19:06 - matplotlib.font_manager - findfont: score(FontEntry(fname='C:\\Windows\\Fonts\\seguisbi.ttf', name='Segoe UI', style='italic', variant='normal', weight=600, stretch='normal', size='scalable')) = 11.24
24076 - 23-Feb-26 14:19:06 - matplotlib.font_manager - findfont: score(FontEntry(fname='C:\\Windows\\Fonts\\BROADW.TTF', name='Broadway', style='normal', variant='normal', weight=400, stretch='normal', size='scalable')) = 10.05
24076 - 23-Feb-26 14:19:06 - matplotlib.font_manager - findfont: score(FontEntry(fname='C:\\Windows\\Fonts\\consolab.ttf', name='Consolas', style='normal', variant='normal', weight=700, stretch='normal', size='scalable')) = 10.335
24076 - 23-Feb-26 14:19:06 - matplotlib.font_manager - findfont: score(FontEntry(fname='C:\\Windows\\Fonts\\GLECB.TTF', name='Gloucester MT Extra Condensed', style='normal', variant='normal', weight=400, stretch='condensed', size='scalable')) = 10.25
24076 - 23-Feb-26 14:19:06 - matplotlib.font_manager - findfont: score(FontEntry(fname='C:\\Windows\\Fonts\\calibriz.ttf', name='Calibri', style='italic', variant='normal', weight=700, stretch='normal', size='scalable')) = 11.335
24076 - 23-Feb-26 14:19:06 - matplotlib.font_manager - findfont: score(FontEntry(fname='C:\\Windows\\Fonts\\arialbi.ttf', name='Arial', style='italic', variant='normal', weight=700, stretch='normal', size='scalable')) = 7.698636363636363
24076 - 23-Feb-26 14:19:06 - matplotlib.font_manager - findfont: score(FontEntry(fname='C:\\Windows\\Fonts\\OCRAEXT.TTF', name='OCR A Extended', style='normal', variant='normal', weight=400, stretch='expanded', size='scalable')) = 10.25
24076 - 23-Feb-26 14:19:06 - matplotlib.font_manager - findfont: score(FontEntry(fname='C:\\Windows\\Fonts\\ELEPHNTI.TTF', name='Elephant', style='italic', variant='normal', weight=400, stretch='normal', size='scalable')) = 11.05
24076 - 23-Feb-26 14:19:06 - matplotlib.font_manager - findfont: score(FontEntry(fname='C:\\Windows\\Fonts\\ANTQUAI.TTF', name='Book Antiqua', style='italic', variant='normal', weight=400, stretch='normal', size='scalable')) = 11.05
24076 - 23-Feb-26 14:19:06 - matplotlib.font_manager - findfont: score(FontEntry(fname='C:\\Windows\\Fonts\\tahoma.ttf', name='Tahoma', style='normal', variant='normal', weight=400, stretch='normal', size='scalable')) = 10.05
24076 - 23-Feb-26 14:19:06 - matplotlib.font_manager - findfont: score(FontEntry(fname='C:\\Windows\\Fonts\\HTOWERTI.TTF', name='High Tower Text', style='italic', variant='normal', weight=400, stretch='normal', size='scalable')) = 11.05
24076 - 23-Feb-26 14:19:06 - matplotlib.font_manager - findfont: score(FontEntry(fname='C:\\Windows\\Fonts\\PERI____.TTF', name='Perpetua', style='italic', variant='normal', weight=400, stretch='normal', size='scalable')) = 11.05
24076 - 23-Feb-26 14:19:06 - matplotlib.font_manager - findfont: score(FontEntry(fname='C:\\Windows\\Fonts\\LHANDW.TTF', name='Lucida Handwriting', style='italic', variant='normal', weight=400, stretch='normal', size='scalable')) = 11.05
24076 - 23-Feb-26 14:19:06 - matplotlib.font_manager - findfont: score(FontEntry(fname='C:\\Windows\\Fonts\\CENSCBK.TTF', name='Century Schoolbook', style='normal', variant='normal', weight=400, stretch='normal', size='scalable')) = 10.05
24076 - 23-Feb-26 14:19:06 - matplotlib.font_manager - findfont: score(FontEntry(fname='C:\\Windows\\Fonts\\LatoWeb-Bold.ttf', name='Lato', style='normal', variant='normal', weight=700, stretch='normal', size='scalable')) = 10.335
24076 - 23-Feb-26 14:19:06 - matplotlib.font_manager - findfont: score(FontEntry(fname='C:\\Windows\\Fonts\\FRAHV.TTF', name='Franklin Gothic Heavy', style='normal', variant='normal', weight=400, stretch='normal', size='scalable')) = 10.05
24076 - 23-Feb-26 14:19:06 - matplotlib.font_manager - findfont: score(FontEntry(fname='C:\\Windows\\Fonts\\LBRITE.TTF', name='Lucida Bright', style='normal', variant='normal', weight=400, stretch='normal', size='scalable')) = 10.05
24076 - 23-Feb-26 14:19:06 - matplotlib.font_manager - findfont: score(FontEntry(fname='C:\\Windows\\Fonts\\GOUDOSI.TTF', name='Goudy Old Style', style='italic', variant='normal', weight=400, stretch='normal', size='scalable')) = 11.05
24076 - 23-Feb-26 14:19:06 - matplotlib.font_manager - findfont: score(FontEntry(fname='C:\\Windows\\Fonts\\HATTEN.TTF', name='Haettenschweiler', style='normal', variant='normal', weight=400, stretch='normal', size='scalable')) = 10.05
24076 - 23-Feb-26 14:19:06 - matplotlib.font_manager - findfont: score(FontEntry(fname='C:\\Windows\\Fonts\\FELIXTI.TTF', name='Felix Titling', style='normal', variant='normal', weight=400, stretch='normal', size='scalable')) = 10.05
24076 - 23-Feb-26 14:19:06 - matplotlib.font_manager - findfont: score(FontEntry(fname='C:\\Windows\\Fonts\\symbol.ttf', name='Symbol', style='normal', variant='normal', weight=400, stretch='normal', size='scalable')) = 10.05
24076 - 23-Feb-26 14:19:06 - matplotlib.font_manager - findfont: score(FontEntry(fname='C:\\Windows\\Fonts\\BKANT.TTF', name='Book Antiqua', style='normal', variant='normal', weight=400, stretch='normal', size='scalable')) = 10.05
24076 - 23-Feb-26 14:19:06 - matplotlib.font_manager - findfont: score(FontEntry(fname='C:\\Windows\\Fonts\\CALIST.TTF', name='Calisto MT', style='normal', variant='normal', weight=400, stretch='normal', size='scalable')) = 10.05
24076 - 23-Feb-26 14:19:06 - matplotlib.font_manager - findfont: score(FontEntry(fname='C:\\Windows\\Fonts\\ntailub.ttf', name='Microsoft New Tai Lue', style='normal', variant='normal', weight=700, stretch='normal', size='scalable')) = 10.335
24076 - 23-Feb-26 14:19:06 - matplotlib.font_manager - findfont: score(FontEntry(fname='C:\\Windows\\Fonts\\DUBAI-REGULAR.TTF', name='Dubai', style='normal', variant='normal', weight=400, stretch='normal', size='scalable')) = 10.05
24076 - 23-Feb-26 14:19:06 - matplotlib.font_manager - findfont: score(FontEntry(fname='C:\\Windows\\Fonts\\segoeuil.ttf', name='Segoe UI', style='normal', variant='normal', weight=300, stretch='normal', size='scalable')) = 10.145
24076 - 23-Feb-26 14:19:06 - matplotlib.font_manager - findfont: score(FontEntry(fname='C:\\Windows\\Fonts\\PARCHM.TTF', name='Parchment', style='normal', variant='normal', weight=400, stretch='normal', size='scalable')) = 10.05
24076 - 23-Feb-26 14:19:06 - matplotlib.font_manager - findfont: score(FontEntry(fname='C:\\Windows\\Fonts\\gadugib.ttf', name='Gadugi', style='normal', variant='normal', weight=700, stretch='normal', size='scalable')) = 10.335
24076 - 23-Feb-26 14:19:06 - matplotlib.font_manager - findfont: score(FontEntry(fname='C:\\Windows\\Fonts\\msjhl.ttc', name='Microsoft JhengHei', style='normal', variant='normal', weight=290, stretch='normal', size='scalable')) = 10.1545
24076 - 23-Feb-26 14:19:06 - matplotlib.font_manager - findfont: score(FontEntry(fname='C:\\Windows\\Fonts\\consolaz.ttf', name='Consolas', style='italic', variant='normal', weight=700, stretch='normal', size='scalable')) = 11.335
24076 - 23-Feb-26 14:19:06 - matplotlib.font_manager - findfont: score(FontEntry(fname='C:\\Windows\\Fonts\\CASTELAR.TTF', name='Castellar', style='normal', variant='normal', weight=400, stretch='normal', size='scalable')) = 10.05
24076 - 23-Feb-26 14:19:06 - matplotlib.font_manager - findfont: score(FontEntry(fname='C:\\Windows\\Fonts\\comic.ttf', name='Comic Sans MS', style='normal', variant='normal', weight=400, stretch='normal', size='scalable')) = 10.05
24076 - 23-Feb-26 14:19:06 - matplotlib.font_manager - findfont: score(FontEntry(fname='C:\\Windows\\Fonts\\trebucbi.ttf', name='Trebuchet MS', style='italic', variant='normal', weight=700, stretch='normal', size='scalable')) = 11.335
24076 - 23-Feb-26 14:19:06 - matplotlib.font_manager - findfont: score(FontEntry(fname='C:\\Windows\\Fonts\\LATINWD.TTF', name='Wide Latin', style='normal', variant='normal', weight=400, stretch='expanded', size='scalable')) = 10.25
24076 - 23-Feb-26 14:19:06 - matplotlib.font_manager - findfont: score(FontEntry(fname='C:\\Windows\\Fonts\\SCRIPTBL.TTF', name='Script MT Bold', style='normal', variant='normal', weight=700, stretch='normal', size='scalable')) = 10.335
24076 - 23-Feb-26 14:19:06 - matplotlib.font_manager - findfont: score(FontEntry(fname='C:\\Windows\\Fonts\\corbel.ttf', name='Corbel', style='normal', variant='normal', weight=400, stretch='normal', size='scalable')) = 10.05
24076 - 23-Feb-26 14:19:06 - matplotlib.font_manager - findfont: score(FontEntry(fname='C:\\Windows\\Fonts\\ARIALNB.TTF', name='Arial', style='normal', variant='normal', weight=700, stretch='condensed', size='scalable')) = 6.8986363636363635
24076 - 23-Feb-26 14:19:06 - matplotlib.font_manager - findfont: score(FontEntry(fname='C:\\Windows\\Fonts\\himalaya.ttf', name='Microsoft Himalaya', style='normal', variant='normal', weight=400, stretch='normal', size='scalable')) = 10.05
24076 - 23-Feb-26 14:19:06 - matplotlib.font_manager - findfont: score(FontEntry(fname='C:\\Windows\\Fonts\\BASKVILL.TTF', name='Baskerville Old Face', style='normal', variant='normal', weight=400, stretch='normal', size='scalable')) = 10.05
24076 - 23-Feb-26 14:19:06 - matplotlib.font_manager - findfont: score(FontEntry(fname='C:\\Windows\\Fonts\\LSANSI.TTF', name='Lucida Sans', style='italic', variant='normal', weight=400, stretch='normal', size='scalable')) = 11.05
24076 - 23-Feb-26 14:19:06 - matplotlib.font_manager - findfont: score(FontEntry(fname='C:\\Windows\\Fonts\\msgothic.ttc', name='MS Gothic', style='normal', variant='normal', weight=400, stretch='normal', size='scalable')) = 10.05
24076 - 23-Feb-26 14:19:06 - matplotlib.font_manager - findfont: score(FontEntry(fname='C:\\Windows\\Fonts\\LeelaUIb.ttf', name='Leelawadee UI', style='normal', variant='normal', weight=700, stretch='normal', size='scalable')) = 10.335
24076 - 23-Feb-26 14:19:06 - matplotlib.font_manager - findfont: score(FontEntry(fname='C:\\Windows\\Fonts\\FORTE.TTF', name='Forte', style='normal', variant='normal', weight=400, stretch='normal', size='scalable')) = 10.05
24076 - 23-Feb-26 14:19:06 - matplotlib.font_manager - findfont: score(FontEntry(fname='C:\\Windows\\Fonts\\CENTURY.TTF', name='Century', style='normal', variant='normal', weight=400, stretch='normal', size='scalable')) = 10.05
24076 - 23-Feb-26 14:19:06 - matplotlib.font_manager - findfont: score(FontEntry(fname='C:\\Windows\\Fonts\\POORICH.TTF', name='Poor Richard', style='normal', variant='normal', weight=400, stretch='normal', size='scalable')) = 10.05
24076 - 23-Feb-26 14:19:06 - matplotlib.font_manager - findfont: score(FontEntry(fname='C:\\Windows\\Fonts\\JOKERMAN.TTF', name='Jokerman', style='normal', variant='normal', weight=400, stretch='normal', size='scalable')) = 10.05
24076 - 23-Feb-26 14:19:06 - matplotlib.font_manager - findfont: score(FontEntry(fname='C:\\Windows\\Fonts\\segoeuib.ttf', name='Segoe UI', style='normal', variant='normal', weight=700, stretch='normal', size='scalable')) = 10.335
24076 - 23-Feb-26 14:19:06 - matplotlib.font_manager - findfont: score(FontEntry(fname='C:\\Windows\\Fonts\\ROCCB___.TTF', name='Rockwell Condensed', style='normal', variant='normal', weight=700, stretch='condensed', size='scalable')) = 10.535
24076 - 23-Feb-26 14:19:06 - matplotlib.font_manager - findfont: score(FontEntry(fname='C:\\Windows\\Fonts\\corbeli.ttf', name='Corbel', style='italic', variant='normal', weight=400, stretch='normal', size='scalable')) = 11.05
24076 - 23-Feb-26 14:19:06 - matplotlib.font_manager - findfont: score(FontEntry(fname='C:\\Windows\\Fonts\\LatoWeb-BoldItalic.ttf', name='Lato', style='italic', variant='normal', weight=700, stretch='normal', size='scalable')) = 11.335
24076 - 23-Feb-26 14:19:06 - matplotlib.font_manager - findfont: score(FontEntry(fname='C:\\Windows\\Fonts\\SCHLBKB.TTF', name='Century Schoolbook', style='normal', variant='normal', weight=700, stretch='normal', size='scalable')) = 10.335
24076 - 23-Feb-26 14:19:06 - matplotlib.font_manager - findfont: score(FontEntry(fname='C:\\Windows\\Fonts\\FRABK.TTF', name='Franklin Gothic Book', style='normal', variant='normal', weight=400, stretch='normal', size='scalable')) = 10.05
24076 - 23-Feb-26 14:19:06 - matplotlib.font_manager - findfont: score(FontEntry(fname='C:\\Windows\\Fonts\\YuGothL.ttc', name='Yu Gothic', style='normal', variant='normal', weight=300, stretch='normal', size='scalable')) = 10.145
24076 - 23-Feb-26 14:19:06 - matplotlib.font_manager - findfont: score(FontEntry(fname='C:\\Windows\\Fonts\\GOTHIC.TTF', name='Century Gothic', style='normal', variant='normal', weight=400, stretch='normal', size='scalable')) = 10.05
24076 - 23-Feb-26 14:19:06 - matplotlib.font_manager - findfont: score(FontEntry(fname='C:\\Windows\\Fonts\\segoepr.ttf', name='Segoe Print', style='normal', variant='normal', weight=400, stretch='normal', size='scalable')) = 10.05
24076 - 23-Feb-26 14:19:06 - matplotlib.font_manager - findfont: score(FontEntry(fname='C:\\Windows\\Fonts\\GILC____.TTF', name='Gill Sans MT Condensed', style='normal', variant='normal', weight=400, stretch='condensed', size='scalable')) = 10.25
24076 - 23-Feb-26 14:19:06 - matplotlib.font_manager - findfont: score(FontEntry(fname='C:\\Windows\\Fonts\\Candaral.ttf', name='Candara', style='normal', variant='normal', weight=400, stretch='normal', size='scalable')) = 10.05
24076 - 23-Feb-26 14:19:06 - matplotlib.font_manager - findfont: score(FontEntry(fname='C:\\Windows\\Fonts\\LTYPEO.TTF', name='Lucida Sans Typewriter', style='oblique', variant='normal', weight=400, stretch='normal', size='scalable')) = 11.05
24076 - 23-Feb-26 14:19:06 - matplotlib.font_manager - findfont: score(FontEntry(fname='C:\\Windows\\Fonts\\Nirmala.ttc', name='Nirmala UI', style='normal', variant='normal', weight=400, stretch='normal', size='scalable')) = 10.05
24076 - 23-Feb-26 14:19:06 - matplotlib.font_manager - findfont: Matching sans\-serif:style=normal:variant=normal:weight=normal:stretch=normal:size=10.0 to DejaVu Sans ('C:\\Users\\armin\\AppData\\Local\\Programs\\Python\\Python313\\Lib\\site-packages\\matplotlib\\mpl-data\\fonts\\ttf\\DejaVuSans.ttf') with score of 0.050000.
24076 - 23-Feb-26 14:19:06 - DBlogger - Successfully closed DB connection
24076 - 23-Feb-26 14:19:06 - DBlogger - Successfully closed DB connection
17952 - 23-Feb-26 14:19:37 - matplotlib - matplotlib data path: C:\Users\armin\AppData\Local\Programs\Python\Python313\Lib\site-packages\matplotlib\mpl-data
17952 - 23-Feb-26 14:19:37 - matplotlib - CONFIGDIR=C:\Users\armin\.matplotlib
17952 - 23-Feb-26 14:19:37 - matplotlib - interactive is False
17952 - 23-Feb-26 14:19:37 - matplotlib - platform is win32
17952 - 23-Feb-26 14:19:37 - matplotlib - CACHEDIR=C:\Users\armin\.matplotlib
17952 - 23-Feb-26 14:19:37 - matplotlib.font_manager - Using fontManager instance from C:\Users\armin\.matplotlib\fontlist-v390.json
17952 - 23-Feb-26 14:19:37 - main - Ingestion pipeline starting
17952 - 23-Feb-26 14:19:37 - ingestion.Reader - Attempting to read CSV at C:\Users\armin\OneDrive\Desktop\Developer\MHIngestion\data\Mental_Health_DB.csv
17952 - 23-Feb-26 14:19:37 - ingestion.Reader - Read 10404 rows from C:\Users\armin\OneDrive\Desktop\Developer\MHIngestion\data\Mental_Health_DB.csv
17952 - 23-Feb-26 14:19:37 - ingestion.Validator - Normalized columns: ['indicator', 'group', 'state', 'subgroup', 'phase', 'time_period', 'time_period_label', 'time_period_start_date', 'time_period_end_date', 'value', 'lowci', 'highci', 'confidence_interval', 'quartile_range', 'suppression_flag']
17952 - 23-Feb-26 14:19:37 - ingestion.Validator - Successfully validated 9914 rows
17952 - 23-Feb-26 14:19:37 - ingestion.Validator - Rejected 490 rows
17952 - 23-Feb-26 14:19:37 - ingestion.Cleaner - Starting data cleaning step
17952 - 23-Feb-26 14:19:37 - ingestion.Cleaner - Removed 0 duplicate rows
17952 - 23-Feb-26 14:19:37 - ingestion.Cleaner - Converted column 'phase' to numeric
17952 - 23-Feb-26 14:19:37 - ingestion.Cleaner - Converted column 'value' to numeric
17952 - 23-Feb-26 14:19:37 - ingestion.Cleaner - Converted column 'lowci' to numeric
17952 - 23-Feb-26 14:19:37 - ingestion.Cleaner - Converted column 'highci' to numeric
17952 - 23-Feb-26 14:19:37 - ingestion.Cleaner - Converted 'time_period' to nullable Int64
17952 - 23-Feb-26 14:19:37 - ingestion.Cleaner - Converted 'time_period_start_date' to datetime
17952 - 23-Feb-26 14:19:37 - ingestion.Cleaner - Converted 'time_period_end_date' to datetime
17952 - 23-Feb-26 14:19:37 - ingestion.Cleaner - Converted 'indicator' to string
17952 - 23-Feb-26 14:19:37 - ingestion.Cleaner - Converted 'group' to string
17952 - 23-Feb-26 14:19:37 - ingestion.Cleaner - Converted 'state' to string
17952 - 23-Feb-26 14:19:37 - ingestion.Cleaner - Converted 'subgroup' to string
17952 - 23-Feb-26 14:19:37 - ingestion.Cleaner - Converted 'time_period_label' to string
17952 - 23-Feb-26 14:19:37 - ingestion.Cleaner - Converted 'confidence_interval' to string
17952 - 23-Feb-26 14:19:37 - ingestion.Cleaner - Converted 'quartile_range' to string
17952 - 23-Feb-26 14:19:37 - ingestion.Cleaner - Completed data cleaning.
17952 - 23-Feb-26 14:19:37 - ingestion.Cleaner - Starting data cleaning step
17952 - 23-Feb-26 14:19:37 - ingestion.Cleaner - Removed 0 duplicate rows
17952 - 23-Feb-26 14:19:37 - ingestion.Cleaner - Converted column 'phase' to numeric
17952 - 23-Feb-26 14:19:37 - ingestion.Cleaner - Converted column 'value' to numeric
17952 - 23-Feb-26 14:19:37 - ingestion.Cleaner - Converted column 'lowci' to numeric
17952 - 23-Feb-26 14:19:37 - ingestion.Cleaner - Converted column 'highci' to numeric
17952 - 23-Feb-26 14:19:37 - ingestion.Cleaner - Converted 'time_period' to nullable Int64
17952 - 23-Feb-26 14:19:37 - ingestion.Cleaner - Converted 'time_period_start_date' to datetime
17952 - 23-Feb-26 14:19:37 - ingestion.Cleaner - Converted 'time_period_end_date' to datetime
17952 - 23-Feb-26 14:19:37 - ingestion.Cleaner - Converted 'indicator' to string
17952 - 23-Feb-26 14:19:37 - ingestion.Cleaner - Converted 'group' to string
17952 - 23-Feb-26 14:19:37 - ingestion.Cleaner - Converted 'state' to string
17952 - 23-Feb-26 14:19:37 - ingestion.Cleaner - Converted 'subgroup' to string
17952 - 23-Feb-26 14:19:37 - ingestion.Cleaner - Converted 'time_period_label' to string
17952 - 23-Feb-26 14:19:37 - ingestion.Cleaner - Converted 'confidence_interval' to string
17952 - 23-Feb-26 14:19:37 - ingestion.Cleaner - Converted 'quartile_range' to string
17952 - 23-Feb-26 14:19:37 - ingestion.Cleaner - Converted suppression_flag to numeric
17952 - 23-Feb-26 14:19:37 - ingestion.Cleaner - Converted rejection_reason to string
17952 - 23-Feb-26 14:19:37 - ingestion.Cleaner - Completed data cleaning.
17952 - 23-Feb-26 14:19:38 - DBlogger - Successfully connected to database
17952 - 23-Feb-26 14:19:38 - DBlogger - Succesfully inserted 9914 rows into database
17952 - 23-Feb-26 14:19:38 - DBlogger - Error occurred during data insertion: 'NoneType' object has no attribute 'session'
17952 - 23-Feb-26 14:19:49 - main - Ingestion pipeline starting
17952 - 23-Feb-26 14:19:49 - api_ingestion.Validator - Normalized columns: ['series_id', 'year', 'period', 'period_name', 'value']
17952 - 23-Feb-26 14:19:49 - api_ingestion.Validator - Successfully validated 1800 rows
17952 - 23-Feb-26 14:19:49 - api_ingestion.Validator - Rejected 0 rows
17952 - 23-Feb-26 14:19:49 - api_ingestion.Cleaner - Starting data cleaning step
17952 - 23-Feb-26 14:19:49 - api_ingestion.Cleaner - Removed 0 duplicate rows
17952 - 23-Feb-26 14:19:49 - api_ingestion.Cleaner - Converted column value to numeric
17952 - 23-Feb-26 14:19:49 - api_ingestion.Cleaner - Converted column year to numeric
17952 - 23-Feb-26 14:19:49 - api_ingestion.Cleaner - Created temporary column month and converted it to numeric
17952 - 23-Feb-26 14:19:49 - api_ingestion.Cleaner - Created column date and converted it to datetime
17952 - 23-Feb-26 14:19:49 - api_ingestion.Cleaner - Converted series_id to string
17952 - 23-Feb-26 14:19:49 - api_ingestion.Cleaner - Created column state_fips 
17952 - 23-Feb-26 14:19:49 - api_ingestion.Cleaner - Created column state and converted it to string
17952 - 23-Feb-26 14:19:49 - api_ingestion.Cleaner - dropped columns series_id, year, month, and period_name
17952 - 23-Feb-26 14:19:49 - api_ingestion.Cleaner - Completed data cleaning.
17952 - 23-Feb-26 14:19:49 - DBlogger - Error occurred during data insertion: (mysql.connector.errors.IntegrityError) 1062 (23000): Duplicate entry '01-2022-12-01' for key 'unemployment.uq_state_date'
[SQL: INSERT INTO unemployment (state_fips, state, date, unemployment_rate)                         VALUES (%(state_fips)s, %(state)s, %(date)s, %(value)s)]
[parameters: [{'state_fips': '01', 'state': 'Alabama', 'date': Timestamp('2022-12-01 00:00:00'), 'value': 2.0}, {'state_fips': '01', 'state': 'Alabama', 'date': Timestamp('2022-11-01 00:00:00'), 'value': 2.2}, {'state_fips': '01', 'state': 'Alabama', 'date': Timestamp('2022-10-01 00:00:00'), 'value': 2.4}, {'state_fips': '01', 'state': 'Alabama', 'date': Timestamp('2022-09-01 00:00:00'), 'value': 2.4}, {'state_fips': '01', 'state': 'Alabama', 'date': Timestamp('2022-08-01 00:00:00'), 'value': 2.9}, {'state_fips': '01', 'state': 'Alabama', 'date': Timestamp('2022-07-01 00:00:00'), 'value': 2.9}, {'state_fips': '01', 'state': 'Alabama', 'date': Timestamp('2022-06-01 00:00:00'), 'value': 3.0}, {'state_fips': '01', 'state': 'Alabama', 'date': Timestamp('2022-05-01 00:00:00'), 'value': 2.2}  ... displaying 10 of 1800 total bound parameter sets ...  {'state_fips': '56', 'state': 'Wyoming', 'date': Timestamp('2020-02-01 00:00:00'), 'value': 5.0}, {'state_fips': '56', 'state': 'Wyoming', 'date': Timestamp('2020-01-01 00:00:00'), 'value': 5.1}]]
(Background on this error at: https://sqlalche.me/e/20/gkpj)
17952 - 23-Feb-26 14:19:49 - matplotlib.pyplot - Loaded backend Agg version v2.2.
17952 - 23-Feb-26 14:19:49 - matplotlib.font_manager - findfont: Matching sans\-serif:style=normal:variant=normal:weight=normal:stretch=normal:size=10.0.
17952 - 23-Feb-26 14:19:49 - matplotlib.font_manager - findfont: score(FontEntry(fname='C:\\Users\\armin\\AppData\\Local\\Programs\\Python\\Python313\\Lib\\site-packages\\matplotlib\\mpl-data\\fonts\\ttf\\STIXSizTwoSymReg.ttf', name='STIXSizeTwoSym', style='normal', variant='normal', weight=400, stretch='normal', size='scalable')) = 10.05
17952 - 23-Feb-26 14:19:49 - matplotlib.font_manager - findfont: score(FontEntry(fname='C:\\Users\\armin\\AppData\\Local\\Programs\\Python\\Python313\\Lib\\site-packages\\matplotlib\\mpl-data\\fonts\\ttf\\STIXNonUniIta.ttf', name='STIXNonUnicode', style='italic', variant='normal', weight=400, stretch='normal', size='scalable')) = 11.05
17952 - 23-Feb-26 14:19:49 - matplotlib.font_manager - findfont: score(FontEntry(fname='C:\\Users\\armin\\AppData\\Local\\Programs\\Python\\Python313\\Lib\\site-packages\\matplotlib\\mpl-data\\fonts\\ttf\\DejaVuSerifDisplay.ttf', name='DejaVu Serif Display', style='normal', variant='normal', weight=400, stretch='normal', size='scalable')) = 10.05
17952 - 23-Feb-26 14:19:49 - matplotlib.font_manager - findfont: score(FontEntry(fname='C:\\Users\\armin\\AppData\\Local\\Programs\\Python\\Python313\\Lib\\site-packages\\matplotlib\\mpl-data\\fonts\\ttf\\STIXGeneralItalic.ttf', name='STIXGeneral', style='italic', variant='normal', weight=400, stretch='normal', size='scalable')) = 11.05
17952 - 23-Feb-26 14:19:49 - matplotlib.font_manager - findfont: score(FontEntry(fname='C:\\Users\\armin\\AppData\\Local\\Programs\\Python\\Python313\\Lib\\site-packages\\matplotlib\\mpl-data\\fonts\\ttf\\STIXSizThreeSymReg.ttf', name='STIXSizeThreeSym', style='normal', variant='normal', weight=400, stretch='normal', size='scalable')) = 10.05
17952 - 23-Feb-26 14:19:49 - matplotlib.font_manager - findfont: score(FontEntry(fname='C:\\Users\\armin\\AppData\\Local\\Programs\\Python\\Python313\\Lib\\site-packages\\matplotlib\\mpl-data\\fonts\\ttf\\cmex10.ttf', name='cmex10', style='normal', variant='normal', weight=400, stretch='normal', size='scalable')) = 10.05
17952 - 23-Feb-26 14:19:49 - matplotlib.font_manager - findfont: score(FontEntry(fname='C:\\Users\\armin\\AppData\\Local\\Programs\\Python\\Python313\\Lib\\site-packages\\matplotlib\\mpl-data\\fonts\\ttf\\cmmi10.ttf', name='cmmi10', style='normal', variant='normal', weight=400, stretch='normal', size='scalable')) = 10.05
17952 - 23-Feb-26 14:19:49 - matplotlib.font_manager - findfont: score(FontEntry(fname='C:\\Users\\armin\\AppData\\Local\\Programs\\Python\\Python313\\Lib\\site-packages\\matplotlib\\mpl-data\\fonts\\ttf\\DejaVuSans-BoldOblique.ttf', name='DejaVu Sans', style='oblique', variant='normal', weight=700, stretch='normal', size='scalable')) = 1.335
17952 - 23-Feb-26 14:19:49 - matplotlib.font_manager - findfont: score(FontEntry(fname='C:\\Users\\armin\\AppData\\Local\\Programs\\Python\\Python313\\Lib\\site-packages\\matplotlib\\mpl-data\\fonts\\ttf\\DejaVuSans-Oblique.ttf', name='DejaVu Sans', style='oblique', variant='normal', weight=400, stretch='normal', size='scalable')) = 1.05
17952 - 23-Feb-26 14:19:49 - matplotlib.font_manager - findfont: score(FontEntry(fname='C:\\Users\\armin\\AppData\\Local\\Programs\\Python\\Python313\\Lib\\site-packages\\matplotlib\\mpl-data\\fonts\\ttf\\STIXGeneralBol.ttf', name='STIXGeneral', style='normal', variant='normal', weight=700, stretch='normal', size='scalable')) = 10.335
17952 - 23-Feb-26 14:19:49 - matplotlib.font_manager - findfont: score(FontEntry(fname='C:\\Users\\armin\\AppData\\Local\\Programs\\Python\\Python313\\Lib\\site-packages\\matplotlib\\mpl-data\\fonts\\ttf\\cmsy10.ttf', name='cmsy10', style='normal', variant='normal', weight=400, stretch='normal', size='scalable')) = 10.05
17952 - 23-Feb-26 14:19:49 - matplotlib.font_manager - findfont: score(FontEntry(fname='C:\\Users\\armin\\AppData\\Local\\Programs\\Python\\Python313\\Lib\\site-packages\\matplotlib\\mpl-data\\fonts\\ttf\\cmr10.ttf', name='cmr10', style='normal', variant='normal', weight=400, stretch='normal', size='scalable')) = 10.05
17952 - 23-Feb-26 14:19:49 - matplotlib.font_manager - findfont: score(FontEntry(fname='C:\\Users\\armin\\AppData\\Local\\Programs\\Python\\Python313\\Lib\\site-packages\\matplotlib\\mpl-data\\fonts\\ttf\\STIXNonUni.ttf', name='STIXNonUnicode', style='normal', variant='normal', weight=400, stretch='normal', size='scalable')) = 10.05
17952 - 23-Feb-26 14:19:49 - matplotlib.font_manager - findfont: score(FontEntry(fname='C:\\Users\\armin\\AppData\\Local\\Programs\\Python\\Python313\\Lib\\site-packages\\matplotlib\\mpl-data\\fonts\\ttf\\STIXSizFourSymReg.ttf', name='STIXSizeFourSym', style='normal', variant='normal', weight=400, stretch='normal', size='scalable')) = 10.05
17952 - 23-Feb-26 14:19:49 - matplotlib.font_manager - findfont: score(FontEntry(fname='C:\\Users\\armin\\AppData\\Local\\Programs\\Python\\Python313\\Lib\\site-packages\\matplotlib\\mpl-data\\fonts\\ttf\\DejaVuSansMono-Oblique.ttf', name='DejaVu Sans Mono', style='oblique', variant='normal', weight=400, stretch='normal', size='scalable')) = 11.05
17952 - 23-Feb-26 14:19:49 - matplotlib.font_manager - findfont: score(FontEntry(fname='C:\\Users\\armin\\AppData\\Local\\Programs\\Python\\Python313\\Lib\\site-packages\\matplotlib\\mpl-data\\fonts\\ttf\\DejaVuSansMono.ttf', name='DejaVu Sans Mono', style='normal', variant='normal', weight=400, stretch='normal', size='scalable')) = 10.05
17952 - 23-Feb-26 14:19:49 - matplotlib.font_manager - findfont: score(FontEntry(fname='C:\\Users\\armin\\AppData\\Local\\Programs\\Python\\Python313\\Lib\\site-packages\\matplotlib\\mpl-data\\fonts\\ttf\\STIXGeneralBolIta.ttf', name='STIXGeneral', style='italic', variant='normal', weight=700, stretch='normal', size='scalable')) = 11.335
17952 - 23-Feb-26 14:19:49 - matplotlib.font_manager - findfont: score(FontEntry(fname='C:\\Users\\armin\\AppData\\Local\\Programs\\Python\\Python313\\Lib\\site-packages\\matplotlib\\mpl-data\\fonts\\ttf\\DejaVuSerif.ttf', name='DejaVu Serif', style='normal', variant='normal', weight=400, stretch='normal', size='scalable')) = 10.05
17952 - 23-Feb-26 14:19:49 - matplotlib.font_manager - findfont: score(FontEntry(fname='C:\\Users\\armin\\AppData\\Local\\Programs\\Python\\Python313\\Lib\\site-packages\\matplotlib\\mpl-data\\fonts\\ttf\\STIXSizOneSymReg.ttf', name='STIXSizeOneSym', style='normal', variant='normal', weight=400, stretch='normal', size='scalable')) = 10.05
17952 - 23-Feb-26 14:19:49 - matplotlib.font_manager - findfont: score(FontEntry(fname='C:\\Users\\armin\\AppData\\Local\\Programs\\Python\\Python313\\Lib\\site-packages\\matplotlib\\mpl-data\\fonts\\ttf\\DejaVuSans.ttf', name='DejaVu Sans', style='normal', variant='normal', weight=400, stretch='normal', size='scalable')) = 0.05
17952 - 23-Feb-26 14:19:49 - matplotlib.font_manager - findfont: score(FontEntry(fname='C:\\Users\\armin\\AppData\\Local\\Programs\\Python\\Python313\\Lib\\site-packages\\matplotlib\\mpl-data\\fonts\\ttf\\DejaVuSerif-Bold.ttf', name='DejaVu Serif', style='normal', variant='normal', weight=700, stretch='normal', size='scalable')) = 10.335
17952 - 23-Feb-26 14:19:49 - matplotlib.font_manager - findfont: score(FontEntry(fname='C:\\Users\\armin\\AppData\\Local\\Programs\\Python\\Python313\\Lib\\site-packages\\matplotlib\\mpl-data\\fonts\\ttf\\cmtt10.ttf', name='cmtt10', style='normal', variant='normal', weight=400, stretch='normal', size='scalable')) = 10.05
17952 - 23-Feb-26 14:19:49 - matplotlib.font_manager - findfont: score(FontEntry(fname='C:\\Users\\armin\\AppData\\Local\\Programs\\Python\\Python313\\Lib\\site-packages\\matplotlib\\mpl-data\\fonts\\ttf\\STIXNonUniBolIta.ttf', name='STIXNonUnicode', style='italic', variant='normal', weight=700, stretch='normal', size='scalable')) = 11.335
17952 - 23-Feb-26 14:19:49 - matplotlib.font_manager - findfont: score(FontEntry(fname='C:\\Users\\armin\\AppData\\Local\\Programs\\Python\\Python313\\Lib\\site-packages\\matplotlib\\mpl-data\\fonts\\ttf\\DejaVuSans-Bold.ttf', name='DejaVu Sans', style='normal', variant='normal', weight=700, stretch='normal', size='scalable')) = 0.33499999999999996
17952 - 23-Feb-26 14:19:49 - matplotlib.font_manager - findfont: score(FontEntry(fname='C:\\Users\\armin\\AppData\\Local\\Programs\\Python\\Python313\\Lib\\site-packages\\matplotlib\\mpl-data\\fonts\\ttf\\DejaVuSerif-BoldItalic.ttf', name='DejaVu Serif', style='italic', variant='normal', weight=700, stretch='normal', size='scalable')) = 11.335
17952 - 23-Feb-26 14:19:49 - matplotlib.font_manager - findfont: score(FontEntry(fname='C:\\Users\\armin\\AppData\\Local\\Programs\\Python\\Python313\\Lib\\site-packages\\matplotlib\\mpl-data\\fonts\\ttf\\STIXNonUniBol.ttf', name='STIXNonUnicode', style='normal', variant='normal', weight=700, stretch='normal', size='scalable')) = 10.335
17952 - 23-Feb-26 14:19:49 - matplotlib.font_manager - findfont: score(FontEntry(fname='C:\\Users\\armin\\AppData\\Local\\Programs\\Python\\Python313\\Lib\\site-packages\\matplotlib\\mpl-data\\fonts\\ttf\\cmb10.ttf', name='cmb10', style='normal', variant='normal', weight=400, stretch='normal', size='scalable')) = 10.05
17952 - 23-Feb-26 14:19:49 - matplotlib.font_manager - findfont: score(FontEntry(fname='C:\\Users\\armin\\AppData\\Local\\Programs\\Python\\Python313\\Lib\\site-packages\\matplotlib\\mpl-data\\fonts\\ttf\\STIXSizFiveSymReg.ttf', name='STIXSizeFiveSym', style='normal', variant='normal', weight=400, stretch='normal', size='scalable')) = 10.05
17952 - 23-Feb-26 14:19:49 - matplotlib.font_manager - findfont: score(FontEntry(fname='C:\\Users\\armin\\AppData\\Local\\Programs\\Python\\Python313\\Lib\\site-packages\\matplotlib\\mpl-data\\fonts\\ttf\\STIXSizThreeSymBol.ttf', name='STIXSizeThreeSym', style='normal', variant='normal', weight=700, stretch='normal', size='scalable')) = 10.335
17952 - 23-Feb-26 14:19:49 - matplotlib.font_manager - findfont: score(FontEntry(fname='C:\\Users\\armin\\AppData\\Local\\Programs\\Python\\Python313\\Lib\\site-packages\\matplotlib\\mpl-data\\fonts\\ttf\\DejaVuSansMono-Bold.ttf', name='DejaVu Sans Mono', style='normal', variant='normal', weight=700, stretch='normal', size='scalable')) = 10.335
17952 - 23-Feb-26 14:19:49 - matplotlib.font_manager - findfont: score(FontEntry(fname='C:\\Users\\armin\\AppData\\Local\\Programs\\Python\\Python313\\Lib\\site-packages\\matplotlib\\mpl-data\\fonts\\ttf\\STIXSizOneSymBol.ttf', name='STIXSizeOneSym', style='normal', variant='normal', weight=700, stretch='normal', size='scalable')) = 10.335
17952 - 23-Feb-26 14:19:49 - matplotlib.font_manager - findfont: score(FontEntry(fname='C:\\Users\\armin\\AppData\\Local\\Programs\\Python\\Python313\\Lib\\site-packages\\matplotlib\\mpl-data\\fonts\\ttf\\DejaVuSansMono-BoldOblique.ttf', name='DejaVu Sans Mono', style='oblique', variant='normal', weight=700, stretch='normal', size='scalable')) = 11.335
17952 - 23-Feb-26 14:19:49 - matplotlib.font_manager - findfont: score(FontEntry(fname='C:\\Users\\armin\\AppData\\Local\\Programs\\Python\\Python313\\Lib\\site-packages\\matplotlib\\mpl-data\\fonts\\ttf\\DejaVuSansDisplay.ttf', name='DejaVu Sans Display', style='normal', variant='normal', weight=400, stretch='normal', size='scalable')) = 10.05
17952 - 23-Feb-26 14:19:49 - matplotlib.font_manager - findfont: score(FontEntry(fname='C:\\Users\\armin\\AppData\\Local\\Programs\\Python\\Python313\\Lib\\site-packages\\matplotlib\\mpl-data\\fonts\\ttf\\STIXSizTwoSymBol.ttf', name='STIXSizeTwoSym', style='normal', variant='normal', weight=700, stretch='normal', size='scalable')) = 10.335
17952 - 23-Feb-26 14:19:49 - matplotlib.font_manager - findfont: score(FontEntry(fname='C:\\Users\\armin\\AppData\\Local\\Programs\\Python\\Python313\\Lib\\site-packages\\matplotlib\\mpl-data\\fonts\\ttf\\DejaVuSerif-Italic.ttf', name='DejaVu Serif', style='italic', variant='normal', weight=400, stretch='normal', size='scalable')) = 11.05
17952 - 23-Feb-26 14:19:49 - matplotlib.font_manager - findfont: score(FontEntry(fname='C:\\Users\\armin\\AppData\\Local\\Programs\\Python\\Python313\\Lib\\site-packages\\matplotlib\\mpl-data\\fonts\\ttf\\STIXGeneral.ttf', name='STIXGeneral', style='normal', variant='normal', weight=400, stretch='normal', size='scalable')) = 10.05
17952 - 23-Feb-26 14:19:49 - matplotlib.font_manager - findfont: score(FontEntry(fname='C:\\Users\\armin\\AppData\\Local\\Programs\\Python\\Python313\\Lib\\site-packages\\matplotlib\\mpl-data\\fonts\\ttf\\STIXSizFourSymBol.ttf', name='STIXSizeFourSym', style='normal', variant='normal', weight=700, stretch='normal', size='scalable')) = 10.335
17952 - 23-Feb-26 14:19:49 - matplotlib.font_manager - findfont: score(FontEntry(fname='C:\\Users\\armin\\AppData\\Local\\Programs\\Python\\Python313\\Lib\\site-packages\\matplotlib\\mpl-data\\fonts\\ttf\\cmss10.ttf', name='cmss10', style='normal', variant='normal', weight=400, stretch='normal', size='scalable')) = 10.05
17952 - 23-Feb-26 14:19:49 - matplotlib.font_manager - findfont: score(FontEntry(fname='C:\\Windows\\Fonts\\monbaiti.ttf', name='Mongolian Baiti', style='normal', variant='normal', weight=400, stretch='normal', size='scalable')) = 10.05
17952 - 23-Feb-26 14:19:49 - matplotlib.font_manager - findfont: score(FontEntry(fname='C:\\Windows\\Fonts\\FRAHVIT.TTF', name='Franklin Gothic Heavy', style='italic', variant='normal', weight=400, stretch='normal', size='scalable')) = 11.05
17952 - 23-Feb-26 14:19:49 - matplotlib.font_manager - findfont: score(FontEntry(fname='C:\\Windows\\Fonts\\LatoWeb-Italic.ttf', name='Lato', style='italic', variant='normal', weight=400, stretch='normal', size='scalable')) = 11.05
17952 - 23-Feb-26 14:19:49 - matplotlib.font_manager - findfont: score(FontEntry(fname='C:\\Windows\\Fonts\\IMPRISHA.TTF', name='Imprint MT Shadow', style='normal', variant='normal', weight=400, stretch='normal', size='scalable')) = 10.05
17952 - 23-Feb-26 14:19:49 - matplotlib.font_manager - findfont: score(FontEntry(fname='C:\\Windows\\Fonts\\YuGothR.ttc', name='Yu Gothic', style='normal', variant='normal', weight=400, stretch='normal', size='scalable')) = 10.05
17952 - 23-Feb-26 14:19:49 - matplotlib.font_manager - findfont: score(FontEntry(fname='C:\\Windows\\Fonts\\GARA.TTF', name='Garamond', style='normal', variant='normal', weight=400, stretch='normal', size='scalable')) = 10.05
17952 - 23-Feb-26 14:19:49 - matplotlib.font_manager - findfont: score(FontEntry(fname='C:\\Windows\\Fonts\\verdanaz.ttf', name='Verdana', style='italic', variant='normal', weight=700, stretch='normal', size='scalable')) = 4.971363636363637
17952 - 23-Feb-26 14:19:49 - matplotlib.font_manager - findfont: score(FontEntry(fname='C:\\Windows\\Fonts\\wingding.ttf', name='Wingdings', style='normal', variant='normal', weight=400, stretch='normal', size='scalable')) = 10.05
17952 - 23-Feb-26 14:19:49 - matplotlib.font_manager - findfont: score(FontEntry(fname='C:\\Windows\\Fonts\\arialbd.ttf', name='Arial', style='normal', variant='normal', weight=700, stretch='normal', size='scalable')) = 6.698636363636363
17952 - 23-Feb-26 14:19:49 - matplotlib.font_manager - findfont: score(FontEntry(fname='C:\\Windows\\Fonts\\LatoWeb-Semibold.ttf', name='Lato', style='normal', variant='normal', weight=600, stretch='normal', size='scalable')) = 10.24
17952 - 23-Feb-26 14:19:49 - matplotlib.font_manager - findfont: score(FontEntry(fname='C:\\Windows\\Fonts\\ERASBD.TTF', name='Eras Bold ITC', style='normal', variant='normal', weight=400, stretch='normal', size='scalable')) = 10.05
17952 - 23-Feb-26 14:19:49 - matplotlib.font_manager - findfont: score(FontEntry(fname='C:\\Windows\\Fonts\\LatoWeb-LightItalic.ttf', name='Lato', style='italic', variant='normal', weight=300, stretch='normal', size='scalable')) = 11.145
17952 - 23-Feb-26 14:19:49 - matplotlib.font_manager - findfont: score(FontEntry(fname='C:\\Windows\\Fonts\\calibril.ttf', name='Calibri', style='normal', variant='normal', weight=300, stretch='normal', size='scalable')) = 10.145
17952 - 23-Feb-26 14:19:49 - matplotlib.font_manager - findfont: score(FontEntry(fname='C:\\Windows\\Fonts\\timesbd.ttf', name='Times New Roman', style='normal', variant='normal', weight=700, stretch='normal', size='scalable')) = 10.335
17952 - 23-Feb-26 14:19:49 - matplotlib.font_manager - findfont: score(FontEntry(fname='C:\\Windows\\Fonts\\constanb.ttf', name='Constantia', style='normal', variant='normal', weight=700, stretch='normal', size='scalable')) = 10.335
17952 - 23-Feb-26 14:19:49 - matplotlib.font_manager - findfont: score(FontEntry(fname='C:\\Windows\\Fonts\\Candaraz.ttf', name='Candara', style='italic', variant='normal', weight=700, stretch='normal', size='scalable')) = 11.335
17952 - 23-Feb-26 14:19:49 - matplotlib.font_manager - findfont: score(FontEntry(fname='C:\\Windows\\Fonts\\CENTAUR.TTF', name='Centaur', style='normal', variant='normal', weight=400, stretch='normal', size='scalable')) = 10.05
17952 - 23-Feb-26 14:19:49 - matplotlib.font_manager - findfont: score(FontEntry(fname='C:\\Windows\\Fonts\\GARAIT.TTF', name='Garamond', style='italic', variant='normal', weight=400, stretch='normal', size='scalable')) = 11.05
17952 - 23-Feb-26 14:19:49 - matplotlib.font_manager - findfont: score(FontEntry(fname='C:\\Windows\\Fonts\\ITCKRIST.TTF', name='Kristen ITC', style='normal', variant='normal', weight=400, stretch='normal', size='scalable')) = 10.05
17952 - 23-Feb-26 14:19:49 - matplotlib.font_manager - findfont: score(FontEntry(fname='C:\\Windows\\Fonts\\BELL.TTF', name='Bell MT', style='normal', variant='normal', weight=400, stretch='normal', size='scalable')) = 10.05
17952 - 23-Feb-26 14:19:49 - matplotlib.font_manager - findfont: score(FontEntry(fname='C:\\Windows\\Fonts\\TCB_____.TTF', name='Tw Cen MT', style='normal', variant='normal', weight=700, stretch='normal', size='scalable')) = 10.335
17952 - 23-Feb-26 14:19:49 - matplotlib.font_manager - findfont: score(FontEntry(fname='C:\\Windows\\Fonts\\msyhl.ttc', name='Microsoft YaHei', style='normal', variant='normal', weight=290, stretch='normal', size='scalable')) = 10.1545
17952 - 23-Feb-26 14:19:49 - matplotlib.font_manager - findfont: score(FontEntry(fname='C:\\Windows\\Fonts\\framd.ttf', name='Franklin Gothic Medium', style='normal', variant='normal', weight=400, stretch='normal', size='scalable')) = 10.05
17952 - 23-Feb-26 14:19:49 - matplotlib.font_manager - findfont: score(FontEntry(fname='C:\\Windows\\Fonts\\REFSAN.TTF', name='MS Reference Sans Serif', style='normal', variant='normal', weight=400, stretch='normal', size='scalable')) = 10.05
17952 - 23-Feb-26 14:19:49 - matplotlib.font_manager - findfont: score(FontEntry(fname='C:\\Windows\\Fonts\\segoeuiz.ttf', name='Segoe UI', style='italic', variant='normal', weight=700, stretch='normal', size='scalable')) = 11.335
17952 - 23-Feb-26 14:19:49 - matplotlib.font_manager - findfont: score(FontEntry(fname='C:\\Windows\\Fonts\\SHOWG.TTF', name='Showcard Gothic', style='normal', variant='normal', weight=400, stretch='normal', size='scalable')) = 10.05
17952 - 23-Feb-26 14:19:49 - matplotlib.font_manager - findfont: score(FontEntry(fname='C:\\Windows\\Fonts\\verdanab.ttf', name='Verdana', style='normal', variant='normal', weight=700, stretch='normal', size='scalable')) = 3.9713636363636367
17952 - 23-Feb-26 14:19:49 - matplotlib.font_manager - findfont: score(FontEntry(fname='C:\\Windows\\Fonts\\STENCIL.TTF', name='Stencil', style='normal', variant='normal', weight=400, stretch='normal', size='scalable')) = 10.05
17952 - 23-Feb-26 14:19:49 - matplotlib.font_manager - findfont: score(FontEntry(fname='C:\\Windows\\Fonts\\MTCORSVA.TTF', name='Monotype Corsiva', style='normal', variant='normal', weight=400, stretch='normal', size='scalable')) = 10.05
17952 - 23-Feb-26 14:19:49 - matplotlib.font_manager - findfont: score(FontEntry(fname='C:\\Windows\\Fonts\\phagspab.ttf', name='Microsoft PhagsPa', style='normal', variant='normal', weight=700, stretch='normal', size='scalable')) = 10.335
17952 - 23-Feb-26 14:19:49 - matplotlib.font_manager - findfont: score(FontEntry(fname='C:\\Windows\\Fonts\\VLADIMIR.TTF', name='Vladimir Script', style='normal', variant='normal', weight=400, stretch='normal', size='scalable')) = 10.05
17952 - 23-Feb-26 14:19:49 - matplotlib.font_manager - findfont: score(FontEntry(fname='C:\\Windows\\Fonts\\TCCB____.TTF', name='Tw Cen MT Condensed', style='normal', variant='normal', weight=700, stretch='condensed', size='scalable')) = 10.535
17952 - 23-Feb-26 14:19:49 - matplotlib.font_manager - findfont: score(FontEntry(fname='C:\\Windows\\Fonts\\phagspa.ttf', name='Microsoft PhagsPa', style='normal', variant='normal', weight=400, stretch='normal', size='scalable')) = 10.05
17952 - 23-Feb-26 14:19:49 - matplotlib.font_manager - findfont: score(FontEntry(fname='C:\\Windows\\Fonts\\cour.ttf', name='Courier New', style='normal', variant='normal', weight=400, stretch='normal', size='scalable')) = 10.05
17952 - 23-Feb-26 14:19:49 - matplotlib.font_manager - findfont: score(FontEntry(fname='C:\\Windows\\Fonts\\BOD_BLAR.TTF', name='Bodoni MT', style='normal', variant='normal', weight=900, stretch='normal', size='scalable')) = 10.525
17952 - 23-Feb-26 14:19:49 - matplotlib.font_manager - findfont: score(FontEntry(fname='C:\\Windows\\Fonts\\ROCC____.TTF', name='Rockwell Condensed', style='normal', variant='normal', weight=400, stretch='condensed', size='scalable')) = 10.25
17952 - 23-Feb-26 14:19:49 - matplotlib.font_manager - findfont: score(FontEntry(fname='C:\\Windows\\Fonts\\BELLI.TTF', name='Bell MT', style='italic', variant='normal', weight=400, stretch='normal', size='scalable')) = 11.05
17952 - 23-Feb-26 14:19:49 - matplotlib.font_manager - findfont: score(FontEntry(fname='C:\\Windows\\Fonts\\taile.ttf', name='Microsoft Tai Le', style='normal', variant='normal', weight=400, stretch='normal', size='scalable')) = 10.05
17952 - 23-Feb-26 14:19:49 - matplotlib.font_manager - findfont: score(FontEntry(fname='C:\\Windows\\Fonts\\constani.ttf', name='Constantia', style='italic', variant='normal', weight=400, stretch='normal', size='scalable')) = 11.05
17952 - 23-Feb-26 14:19:49 - matplotlib.font_manager - findfont: score(FontEntry(fname='C:\\Windows\\Fonts\\constan.ttf', name='Constantia', style='normal', variant='normal', weight=400, stretch='normal', size='scalable')) = 10.05
17952 - 23-Feb-26 14:19:49 - matplotlib.font_manager - findfont: score(FontEntry(fname='C:\\Windows\\Fonts\\georgiai.ttf', name='Georgia', style='italic', variant='normal', weight=400, stretch='normal', size='scalable')) = 11.05
17952 - 23-Feb-26 14:19:49 - matplotlib.font_manager - findfont: score(FontEntry(fname='C:\\Windows\\Fonts\\GILLUBCD.TTF', name='Gill Sans Ultra Bold Condensed', style='normal', variant='normal', weight=400, stretch='condensed', size='scalable')) = 10.25
17952 - 23-Feb-26 14:19:49 - matplotlib.font_manager - findfont: score(FontEntry(fname='C:\\Windows\\Fonts\\segoescb.ttf', name='Segoe Script', style='normal', variant='normal', weight=700, stretch='normal', size='scalable')) = 10.335
17952 - 23-Feb-26 14:19:49 - matplotlib.font_manager - findfont: score(FontEntry(fname='C:\\Windows\\Fonts\\GLSNECB.TTF', name='Gill Sans MT Ext Condensed Bold', style='normal', variant='normal', weight=400, stretch='condensed', size='scalable')) = 10.25
17952 - 23-Feb-26 14:19:49 - matplotlib.font_manager - findfont: score(FontEntry(fname='C:\\Windows\\Fonts\\CALISTB.TTF', name='Calisto MT', style='normal', variant='normal', weight=700, stretch='normal', size='scalable')) = 10.335
17952 - 23-Feb-26 14:19:49 - matplotlib.font_manager - findfont: score(FontEntry(fname='C:\\Windows\\Fonts\\INFROMAN.TTF', name='Informal Roman', style='normal', variant='normal', weight=400, stretch='normal', size='scalable')) = 10.05
17952 - 23-Feb-26 14:19:49 - matplotlib.font_manager - findfont: score(FontEntry(fname='C:\\Windows\\Fonts\\DUBAI-LIGHT.TTF', name='Dubai', style='normal', variant='normal', weight=300, stretch='normal', size='scalable')) = 10.145
17952 - 23-Feb-26 14:19:49 - matplotlib.font_manager - findfont: score(FontEntry(fname='C:\\Windows\\Fonts\\seguibl.ttf', name='Segoe UI', style='normal', variant='normal', weight=900, stretch='normal', size='scalable')) = 10.525
17952 - 23-Feb-26 14:19:49 - matplotlib.font_manager - findfont: score(FontEntry(fname='C:\\Windows\\Fonts\\seguili.ttf', name='Segoe UI', style='italic', variant='normal', weight=300, stretch='normal', size='scalable')) = 11.145
17952 - 23-Feb-26 14:19:49 - matplotlib.font_manager - findfont: score(FontEntry(fname='C:\\Windows\\Fonts\\corbelz.ttf', name='Corbel', style='italic', variant='normal', weight=700, stretch='normal', size='scalable')) = 11.335
17952 - 23-Feb-26 14:19:49 - matplotlib.font_manager - findfont: score(FontEntry(fname='C:\\Windows\\Fonts\\LBRITED.TTF', name='Lucida Bright', style='normal', variant='normal', weight=600, stretch='normal', size='scalable')) = 10.24
17952 - 23-Feb-26 14:19:49 - matplotlib.font_manager - findfont: score(FontEntry(fname='C:\\Windows\\Fonts\\FRAMDCN.TTF', name='Franklin Gothic Medium Cond', style='normal', variant='normal', weight=400, stretch='condensed', size='scalable')) = 10.25
17952 - 23-Feb-26 14:19:49 - matplotlib.font_manager - findfont: score(FontEntry(fname='C:\\Windows\\Fonts\\LTYPEB.TTF', name='Lucida Sans Typewriter', style='normal', variant='normal', weight=600, stretch='normal', size='scalable')) = 10.24
17952 - 23-Feb-26 14:19:49 - matplotlib.font_manager - findfont: score(FontEntry(fname='C:\\Windows\\Fonts\\SitkaVF-Italic.ttf', name='Sitka', style='italic', variant='normal', weight=400, stretch='normal', size='scalable')) = 11.05
17952 - 23-Feb-26 14:19:49 - matplotlib.font_manager - findfont: score(FontEntry(fname='C:\\Windows\\Fonts\\SegoeIcons.ttf', name='Segoe Fluent Icons', style='normal', variant='normal', weight=400, stretch='normal', size='scalable')) = 10.05
17952 - 23-Feb-26 14:19:49 - matplotlib.font_manager - findfont: score(FontEntry(fname='C:\\Windows\\Fonts\\GOTHICB.TTF', name='Century Gothic', style='normal', variant='normal', weight=700, stretch='normal', size='scalable')) = 10.335
17952 - 23-Feb-26 14:19:49 - matplotlib.font_manager - findfont: score(FontEntry(fname='C:\\Windows\\Fonts\\Candarali.ttf', name='Candara', style='italic', variant='normal', weight=400, stretch='normal', size='scalable')) = 11.05
17952 - 23-Feb-26 14:19:49 - matplotlib.font_manager - findfont: score(FontEntry(fname='C:\\Windows\\Fonts\\FRABKIT.TTF', name='Franklin Gothic Book', style='italic', variant='normal', weight=400, stretch='normal', size='scalable')) = 11.05
17952 - 23-Feb-26 14:19:49 - matplotlib.font_manager - findfont: score(FontEntry(fname='C:\\Windows\\Fonts\\consolai.ttf', name='Consolas', style='italic', variant='normal', weight=400, stretch='normal', size='scalable')) = 11.05
17952 - 23-Feb-26 14:19:49 - matplotlib.font_manager - findfont: score(FontEntry(fname='C:\\Windows\\Fonts\\LTYPE.TTF', name='Lucida Sans Typewriter', style='normal', variant='normal', weight=400, stretch='normal', size='scalable')) = 10.05
17952 - 23-Feb-26 14:19:49 - matplotlib.font_manager - findfont: score(FontEntry(fname='C:\\Windows\\Fonts\\malgunsl.ttf', name='Malgun Gothic', style='normal', variant='normal', weight=300, stretch='normal', size='scalable')) = 10.145
17952 - 23-Feb-26 14:19:49 - matplotlib.font_manager - findfont: score(FontEntry(fname='C:\\Windows\\Fonts\\segoeuisl.ttf', name='Segoe UI', style='normal', variant='normal', weight=350, stretch='normal', size='scalable')) = 10.0975
17952 - 23-Feb-26 14:19:49 - matplotlib.font_manager - findfont: score(FontEntry(fname='C:\\Windows\\Fonts\\PAPYRUS.TTF', name='Papyrus', style='normal', variant='normal', weight=400, stretch='normal', size='scalable')) = 10.05
17952 - 23-Feb-26 14:19:49 - matplotlib.font_manager - findfont: score(FontEntry(fname='C:\\Windows\\Fonts\\BOD_R.TTF', name='Bodoni MT', style='normal', variant='normal', weight=400, stretch='normal', size='scalable')) = 10.05
17952 - 23-Feb-26 14:19:49 - matplotlib.font_manager - findfont: score(FontEntry(fname='C:\\Windows\\Fonts\\BRLNSDB.TTF', name='Berlin Sans FB Demi', style='normal', variant='normal', weight=700, stretch='normal', size='scalable')) = 10.335
17952 - 23-Feb-26 14:19:49 - matplotlib.font_manager - findfont: score(FontEntry(fname='C:\\Windows\\Fonts\\MTEXTRA.TTF', name='MT Extra', style='normal', variant='normal', weight=400, stretch='normal', size='scalable')) = 10.05
17952 - 23-Feb-26 14:19:49 - matplotlib.font_manager - findfont: score(FontEntry(fname='C:\\Windows\\Fonts\\JUICE___.TTF', name='Juice ITC', style='normal', variant='normal', weight=400, stretch='normal', size='scalable')) = 10.05
17952 - 23-Feb-26 14:19:49 - matplotlib.font_manager - findfont: score(FontEntry(fname='C:\\Windows\\Fonts\\FRADMIT.TTF', name='Franklin Gothic Demi', style='italic', variant='normal', weight=400, stretch='normal', size='scalable')) = 11.05
17952 - 23-Feb-26 14:19:49 - matplotlib.font_manager - findfont: score(FontEntry(fname='C:\\Windows\\Fonts\\NIAGSOL.TTF', name='Niagara Solid', style='normal', variant='normal', weight=400, stretch='normal', size='scalable')) = 10.05
17952 - 23-Feb-26 14:19:49 - matplotlib.font_manager - findfont: score(FontEntry(fname='C:\\Windows\\Fonts\\WINGDNG2.TTF', name='Wingdings 2', style='normal', variant='normal', weight=400, stretch='normal', size='scalable')) = 10.05
17952 - 23-Feb-26 14:19:49 - matplotlib.font_manager - findfont: score(FontEntry(fname='C:\\Windows\\Fonts\\GOTHICI.TTF', name='Century Gothic', style='italic', variant='normal', weight=400, stretch='normal', size='scalable')) = 11.05
17952 - 23-Feb-26 14:19:49 - matplotlib.font_manager - findfont: score(FontEntry(fname='C:\\Windows\\Fonts\\SCHLBKBI.TTF', name='Century Schoolbook', style='italic', variant='normal', weight=700, stretch='normal', size='scalable')) = 11.335
17952 - 23-Feb-26 14:19:49 - matplotlib.font_manager - findfont: score(FontEntry(fname='C:\\Windows\\Fonts\\seguibli.ttf', name='Segoe UI', style='italic', variant='normal', weight=900, stretch='normal', size='scalable')) = 11.525
17952 - 23-Feb-26 14:19:49 - matplotlib.font_manager - findfont: score(FontEntry(fname='C:\\Windows\\Fonts\\LSANSD.TTF', name='Lucida Sans', style='normal', variant='normal', weight=600, stretch='normal', size='scalable')) = 10.24
17952 - 23-Feb-26 14:19:49 - matplotlib.font_manager - findfont: score(FontEntry(fname='C:\\Windows\\Fonts\\GIL_____.TTF', name='Gill Sans MT', style='normal', variant='normal', weight=400, stretch='normal', size='scalable')) = 10.05
17952 - 23-Feb-26 14:19:49 - matplotlib.font_manager - findfont: score(FontEntry(fname='C:\\Windows\\Fonts\\msjhbd.ttc', name='Microsoft JhengHei', style='normal', variant='normal', weight=700, stretch='normal', size='scalable')) = 10.335
17952 - 23-Feb-26 14:19:49 - matplotlib.font_manager - findfont: score(FontEntry(fname='C:\\Windows\\Fonts\\BOD_CI.TTF', name='Bodoni MT', style='italic', variant='normal', weight=400, stretch='condensed', size='scalable')) = 11.25
17952 - 23-Feb-26 14:19:49 - matplotlib.font_manager - findfont: score(FontEntry(fname='C:\\Windows\\Fonts\\BOOKOSBI.TTF', name='Bookman Old Style', style='italic', variant='normal', weight=600, stretch='normal', size='scalable')) = 11.24
17952 - 23-Feb-26 14:19:49 - matplotlib.font_manager - findfont: score(FontEntry(fname='C:\\Windows\\Fonts\\PERTIBD.TTF', name='Perpetua Titling MT', style='normal', variant='normal', weight=700, stretch='normal', size='scalable')) = 10.335
17952 - 23-Feb-26 14:19:49 - matplotlib.font_manager - findfont: score(FontEntry(fname='C:\\Windows\\Fonts\\PERTILI.TTF', name='Perpetua Titling MT', style='normal', variant='normal', weight=300, stretch='normal', size='scalable')) = 10.145
17952 - 23-Feb-26 14:19:49 - matplotlib.font_manager - findfont: score(FontEntry(fname='C:\\Windows\\Fonts\\CALIFI.TTF', name='Californian FB', style='italic', variant='normal', weight=400, stretch='normal', size='scalable')) = 11.05
17952 - 23-Feb-26 14:19:49 - matplotlib.font_manager - findfont: score(FontEntry(fname='C:\\Windows\\Fonts\\timesbi.ttf', name='Times New Roman', style='italic', variant='normal', weight=700, stretch='normal', size='scalable')) = 11.335
17952 - 23-Feb-26 14:19:49 - matplotlib.font_manager - findfont: score(FontEntry(fname='C:\\Windows\\Fonts\\BAUHS93.TTF', name='Bauhaus 93', style='normal', variant='normal', weight=400, stretch='normal', size='scalable')) = 10.05
17952 - 23-Feb-26 14:19:49 - matplotlib.font_manager - findfont: score(FontEntry(fname='C:\\Windows\\Fonts\\ARIALNI.TTF', name='Arial', style='italic', variant='normal', weight=400, stretch='condensed', size='scalable')) = 7.613636363636363
17952 - 23-Feb-26 14:19:49 - matplotlib.font_manager - findfont: score(FontEntry(fname='C:\\Windows\\Fonts\\msjh.ttc', name='Microsoft JhengHei', style='normal', variant='normal', weight=400, stretch='normal', size='scalable')) = 10.05
17952 - 23-Feb-26 14:19:49 - matplotlib.font_manager - findfont: score(FontEntry(fname='C:\\Windows\\Fonts\\CURLZ___.TTF', name='Curlz MT', style='normal', variant='normal', weight=400, stretch='normal', size='scalable')) = 10.05
17952 - 23-Feb-26 14:19:49 - matplotlib.font_manager - findfont: score(FontEntry(fname='C:\\Windows\\Fonts\\BOD_PSTC.TTF', name='Bodoni MT', style='normal', variant='normal', weight=300, stretch='normal', size='scalable')) = 10.145
17952 - 23-Feb-26 14:19:49 - matplotlib.font_manager - findfont: score(FontEntry(fname='C:\\Windows\\Fonts\\TCBI____.TTF', name='Tw Cen MT', style='italic', variant='normal', weight=700, stretch='normal', size='scalable')) = 11.335
17952 - 23-Feb-26 14:19:49 - matplotlib.font_manager - findfont: score(FontEntry(fname='C:\\Windows\\Fonts\\consola.ttf', name='Consolas', style='normal', variant='normal', weight=400, stretch='normal', size='scalable')) = 10.05
17952 - 23-Feb-26 14:19:49 - matplotlib.font_manager - findfont: score(FontEntry(fname='C:\\Windows\\Fonts\\calibrii.ttf', name='Calibri', style='italic', variant='normal', weight=400, stretch='normal', size='scalable')) = 11.05
17952 - 23-Feb-26 14:19:49 - matplotlib.font_manager - findfont: score(FontEntry(fname='C:\\Windows\\Fonts\\trebucbd.ttf', name='Trebuchet MS', style='normal', variant='normal', weight=700, stretch='normal', size='scalable')) = 10.335
17952 - 23-Feb-26 14:19:49 - matplotlib.font_manager - findfont: score(FontEntry(fname='C:\\Windows\\Fonts\\trebuc.ttf', name='Trebuchet MS', style='normal', variant='normal', weight=400, stretch='normal', size='scalable')) = 10.05
17952 - 23-Feb-26 14:19:49 - matplotlib.font_manager - findfont: score(FontEntry(fname='C:\\Windows\\Fonts\\CALIFR.TTF', name='Californian FB', style='normal', variant='normal', weight=400, stretch='normal', size='scalable')) = 10.05
17952 - 23-Feb-26 14:19:49 - matplotlib.font_manager - findfont: score(FontEntry(fname='C:\\Windows\\Fonts\\OUTLOOK.TTF', name='MS Outlook', style='normal', variant='normal', weight=400, stretch='normal', size='scalable')) = 10.05
17952 - 23-Feb-26 14:19:49 - matplotlib.font_manager - findfont: score(FontEntry(fname='C:\\Windows\\Fonts\\ARIALNBI.TTF', name='Arial', style='italic', variant='normal', weight=700, stretch='condensed', size='scalable')) = 7.8986363636363635
17952 - 23-Feb-26 14:19:49 - matplotlib.font_manager - findfont: score(FontEntry(fname='C:\\Windows\\Fonts\\Inkfree.ttf', name='Ink Free', style='normal', variant='normal', weight=400, stretch='normal', size='scalable')) = 10.05
17952 - 23-Feb-26 14:19:49 - matplotlib.font_manager - findfont: score(FontEntry(fname='C:\\Windows\\Fonts\\ITCBLKAD.TTF', name='Blackadder ITC', style='normal', variant='normal', weight=400, stretch='normal', size='scalable')) = 10.05
17952 - 23-Feb-26 14:19:49 - matplotlib.font_manager - findfont: score(FontEntry(fname='C:\\Windows\\Fonts\\DUBAI-MEDIUM.TTF', name='Dubai', style='normal', variant='normal', weight=500, stretch='normal', size='scalable')) = 10.145
17952 - 23-Feb-26 14:19:49 - matplotlib.font_manager - findfont: score(FontEntry(fname='C:\\Windows\\Fonts\\TEMPSITC.TTF', name='Tempus Sans ITC', style='normal', variant='normal', weight=400, stretch='normal', size='scalable')) = 10.05
17952 - 23-Feb-26 14:19:49 - matplotlib.font_manager - findfont: score(FontEntry(fname='C:\\Windows\\Fonts\\LBRITEI.TTF', name='Lucida Bright', style='italic', variant='normal', weight=400, stretch='normal', size='scalable')) = 11.05
17952 - 23-Feb-26 14:19:49 - matplotlib.font_manager - findfont: score(FontEntry(fname='C:\\Windows\\Fonts\\Candarab.ttf', name='Candara', style='normal', variant='normal', weight=700, stretch='normal', size='scalable')) = 10.335
17952 - 23-Feb-26 14:19:49 - matplotlib.font_manager - findfont: score(FontEntry(fname='C:\\Windows\\Fonts\\BSSYM7.TTF', name='Bookshelf Symbol 7', style='normal', variant='normal', weight=400, stretch='normal', size='scalable')) = 10.05
17952 - 23-Feb-26 14:19:49 - matplotlib.font_manager - findfont: score(FontEntry(fname='C:\\Windows\\Fonts\\ebrimabd.ttf', name='Ebrima', style='normal', variant='normal', weight=700, stretch='normal', size='scalable')) = 10.335
17952 - 23-Feb-26 14:19:49 - matplotlib.font_manager - findfont: score(FontEntry(fname='C:\\Windows\\Fonts\\MAIAN.TTF', name='Maiandra GD', style='normal', variant='normal', weight=400, stretch='normal', size='scalable')) = 10.05
17952 - 23-Feb-26 14:19:49 - matplotlib.font_manager - findfont: score(FontEntry(fname='C:\\Windows\\Fonts\\calibrili.ttf', name='Calibri', style='italic', variant='normal', weight=300, stretch='normal', size='scalable')) = 11.145
17952 - 23-Feb-26 14:19:49 - matplotlib.font_manager - findfont: score(FontEntry(fname='C:\\Windows\\Fonts\\VINERITC.TTF', name='Viner Hand ITC', style='normal', variant='normal', weight=400, stretch='normal', size='scalable')) = 10.05
17952 - 23-Feb-26 14:19:49 - matplotlib.font_manager - findfont: score(FontEntry(fname='C:\\Windows\\Fonts\\l_10646.ttf', name='Lucida Sans Unicode', style='normal', variant='normal', weight=400, stretch='normal', size='scalable')) = 10.05
17952 - 23-Feb-26 14:19:49 - matplotlib.font_manager - findfont: score(FontEntry(fname='C:\\Windows\\Fonts\\gadugi.ttf', name='Gadugi', style='normal', variant='normal', weight=400, stretch='normal', size='scalable')) = 10.05
17952 - 23-Feb-26 14:19:49 - matplotlib.font_manager - findfont: score(FontEntry(fname='C:\\Windows\\Fonts\\NIAGENG.TTF', name='Niagara Engraved', style='normal', variant='normal', weight=400, stretch='normal', size='scalable')) = 10.05
17952 - 23-Feb-26 14:19:49 - matplotlib.font_manager - findfont: score(FontEntry(fname='C:\\Windows\\Fonts\\LCALLIG.TTF', name='Lucida Calligraphy', style='italic', variant='normal', weight=400, stretch='normal', size='scalable')) = 11.05
17952 - 23-Feb-26 14:19:49 - matplotlib.font_manager - findfont: score(FontEntry(fname='C:\\Windows\\Fonts\\palabi.ttf', name='Palatino Linotype', style='italic', variant='normal', weight=700, stretch='normal', size='scalable')) = 11.335
17952 - 23-Feb-26 14:19:49 - matplotlib.font_manager - findfont: score(FontEntry(fname='C:\\Windows\\Fonts\\SansSerifCollection.ttf', name='Sans Serif Collection', style='normal', variant='normal', weight=400, stretch='normal', size='scalable')) = 10.05
17952 - 23-Feb-26 14:19:49 - matplotlib.font_manager - findfont: score(FontEntry(fname='C:\\Windows\\Fonts\\comici.ttf', name='Comic Sans MS', style='italic', variant='normal', weight=400, stretch='normal', size='scalable')) = 11.05
17952 - 23-Feb-26 14:19:49 - matplotlib.font_manager - findfont: score(FontEntry(fname='C:\\Windows\\Fonts\\msyi.ttf', name='Microsoft Yi Baiti', style='normal', variant='normal', weight=400, stretch='normal', size='scalable')) = 10.05
17952 - 23-Feb-26 14:19:49 - matplotlib.font_manager - findfont: score(FontEntry(fname='C:\\Windows\\Fonts\\LSANSDI.TTF', name='Lucida Sans', style='italic', variant='normal', weight=600, stretch='normal', size='scalable')) = 11.24
17952 - 23-Feb-26 14:19:49 - matplotlib.font_manager - findfont: score(FontEntry(fname='C:\\Windows\\Fonts\\FRADM.TTF', name='Franklin Gothic Demi', style='normal', variant='normal', weight=400, stretch='normal', size='scalable')) = 10.05
17952 - 23-Feb-26 14:19:49 - matplotlib.font_manager - findfont: score(FontEntry(fname='C:\\Windows\\Fonts\\KUNSTLER.TTF', name='Kunstler Script', style='normal', variant='normal', weight=400, stretch='normal', size='scalable')) = 10.05
17952 - 23-Feb-26 14:19:49 - matplotlib.font_manager - findfont: score(FontEntry(fname='C:\\Windows\\Fonts\\BOOKOS.TTF', name='Bookman Old Style', style='normal', variant='normal', weight=300, stretch='normal', size='scalable')) = 10.145
17952 - 23-Feb-26 14:19:49 - matplotlib.font_manager - findfont: score(FontEntry(fname='C:\\Windows\\Fonts\\impact.ttf', name='Impact', style='normal', variant='normal', weight=400, stretch='normal', size='scalable')) = 10.05
17952 - 23-Feb-26 14:19:49 - matplotlib.font_manager - findfont: score(FontEntry(fname='C:\\Windows\\Fonts\\COPRGTB.TTF', name='Copperplate Gothic Bold', style='normal', variant='normal', weight=400, stretch='normal', size='scalable')) = 10.05
17952 - 23-Feb-26 14:19:49 - matplotlib.font_manager - findfont: score(FontEntry(fname='C:\\Windows\\Fonts\\calibrib.ttf', name='Calibri', style='normal', variant='normal', weight=700, stretch='normal', size='scalable')) = 10.335
17952 - 23-Feb-26 14:19:49 - matplotlib.font_manager - findfont: score(FontEntry(fname='C:\\Windows\\Fonts\\FRSCRIPT.TTF', name='French Script MT', style='normal', variant='normal', weight=400, stretch='normal', size='scalable')) = 10.05
17952 - 23-Feb-26 14:19:49 - matplotlib.font_manager - findfont: score(FontEntry(fname='C:\\Windows\\Fonts\\calibri.ttf', name='Calibri', style='normal', variant='normal', weight=400, stretch='normal', size='scalable')) = 10.05
17952 - 23-Feb-26 14:19:49 - matplotlib.font_manager - findfont: score(FontEntry(fname='C:\\Windows\\Fonts\\comicz.ttf', name='Comic Sans MS', style='italic', variant='normal', weight=700, stretch='normal', size='scalable')) = 11.335
17952 - 23-Feb-26 14:19:49 - matplotlib.font_manager - findfont: score(FontEntry(fname='C:\\Windows\\Fonts\\SitkaVF.ttf', name='Sitka', style='normal', variant='normal', weight=400, stretch='normal', size='scalable')) = 10.05
17952 - 23-Feb-26 14:19:49 - matplotlib.font_manager - findfont: score(FontEntry(fname='C:\\Windows\\Fonts\\MOD20.TTF', name='Modern No. 20', style='normal', variant='normal', weight=400, stretch='normal', size='scalable')) = 10.05
17952 - 23-Feb-26 14:19:49 - matplotlib.font_manager - findfont: score(FontEntry(fname='C:\\Windows\\Fonts\\ARIALN.TTF', name='Arial', style='normal', variant='normal', weight=400, stretch='condensed', size='scalable')) = 6.613636363636363
17952 - 23-Feb-26 14:19:49 - matplotlib.font_manager - findfont: score(FontEntry(fname='C:\\Windows\\Fonts\\FREESCPT.TTF', name='Freestyle Script', style='normal', variant='normal', weight=400, stretch='normal', size='scalable')) = 10.05
17952 - 23-Feb-26 14:19:49 - matplotlib.font_manager - findfont: score(FontEntry(fname='C:\\Windows\\Fonts\\FTLTLT.TTF', name='Footlight MT Light', style='normal', variant='normal', weight=300, stretch='normal', size='scalable')) = 10.145
17952 - 23-Feb-26 14:19:49 - matplotlib.font_manager - findfont: score(FontEntry(fname='C:\\Windows\\Fonts\\SNAP____.TTF', name='Snap ITC', style='normal', variant='normal', weight=400, stretch='normal', size='scalable')) = 10.05
17952 - 23-Feb-26 14:19:49 - matplotlib.font_manager - findfont: score(FontEntry(fname='C:\\Windows\\Fonts\\segoesc.ttf', name='Segoe Script', style='normal', variant='normal', weight=400, stretch='normal', size='scalable')) = 10.05
17952 - 23-Feb-26 14:19:49 - matplotlib.font_manager - findfont: score(FontEntry(fname='C:\\Windows\\Fonts\\micross.ttf', name='Microsoft Sans Serif', style='normal', variant='normal', weight=400, stretch='normal', size='scalable')) = 10.05
17952 - 23-Feb-26 14:19:49 - matplotlib.font_manager - findfont: score(FontEntry(fname='C:\\Windows\\Fonts\\segoeprb.ttf', name='Segoe Print', style='normal', variant='normal', weight=700, stretch='normal', size='scalable')) = 10.335
17952 - 23-Feb-26 14:19:49 - matplotlib.font_manager - findfont: score(FontEntry(fname='C:\\Windows\\Fonts\\SegUIVar.ttf', name='Segoe UI Variable', style='normal', variant='normal', weight=400, stretch='normal', size='scalable')) = 10.05
17952 - 23-Feb-26 14:19:49 - matplotlib.font_manager - findfont: score(FontEntry(fname='C:\\Windows\\Fonts\\segoeuii.ttf', name='Segoe UI', style='italic', variant='normal', weight=400, stretch='normal', size='scalable')) = 11.05
17952 - 23-Feb-26 14:19:49 - matplotlib.font_manager - findfont: score(FontEntry(fname='C:\\Windows\\Fonts\\GIGI.TTF', name='Gigi', style='normal', variant='normal', weight=400, stretch='normal', size='scalable')) = 10.05
17952 - 23-Feb-26 14:19:49 - matplotlib.font_manager - findfont: score(FontEntry(fname='C:\\Windows\\Fonts\\mmrtextb.ttf', name='Myanmar Text', style='normal', variant='normal', weight=700, stretch='normal', size='scalable')) = 10.335
17952 - 23-Feb-26 14:19:49 - matplotlib.font_manager - findfont: score(FontEntry(fname='C:\\Windows\\Fonts\\LFAXD.TTF', name='Lucida Fax', style='normal', variant='normal', weight=600, stretch='normal', size='scalable')) = 10.24
17952 - 23-Feb-26 14:19:49 - matplotlib.font_manager - findfont: score(FontEntry(fname='C:\\Windows\\Fonts\\constanz.ttf', name='Constantia', style='italic', variant='normal', weight=700, stretch='normal', size='scalable')) = 11.335
17952 - 23-Feb-26 14:19:49 - matplotlib.font_manager - findfont: score(FontEntry(fname='C:\\Windows\\Fonts\\verdanai.ttf', name='Verdana', style='italic', variant='normal', weight=400, stretch='normal', size='scalable')) = 4.6863636363636365
17952 - 23-Feb-26 14:19:49 - matplotlib.font_manager - findfont: score(FontEntry(fname='C:\\Windows\\Fonts\\lucon.ttf', name='Lucida Console', style='normal', variant='normal', weight=400, stretch='normal', size='scalable')) = 10.05
17952 - 23-Feb-26 14:19:49 - matplotlib.font_manager - findfont: score(FontEntry(fname='C:\\Windows\\Fonts\\LSANS.TTF', name='Lucida Sans', style='normal', variant='normal', weight=400, stretch='normal', size='scalable')) = 10.05
17952 - 23-Feb-26 14:19:49 - matplotlib.font_manager - findfont: score(FontEntry(fname='C:\\Windows\\Fonts\\mvboli.ttf', name='MV Boli', style='normal', variant='normal', weight=400, stretch='normal', size='scalable')) = 10.05
17952 - 23-Feb-26 14:19:49 - matplotlib.font_manager - findfont: score(FontEntry(fname='C:\\Windows\\Fonts\\BRADHITC.TTF', name='Bradley Hand ITC', style='normal', variant='normal', weight=400, stretch='normal', size='scalable')) = 10.05
17952 - 23-Feb-26 14:19:49 - matplotlib.font_manager - findfont: score(FontEntry(fname='C:\\Windows\\Fonts\\GOUDOS.TTF', name='Goudy Old Style', style='normal', variant='normal', weight=400, stretch='normal', size='scalable')) = 10.05
17952 - 23-Feb-26 14:19:49 - matplotlib.font_manager - findfont: score(FontEntry(fname='C:\\Windows\\Fonts\\BRUSHSCI.TTF', name='Brush Script MT', style='italic', variant='normal', weight=400, stretch='normal', size='scalable')) = 11.05
17952 - 23-Feb-26 14:19:49 - matplotlib.font_manager - findfont: score(FontEntry(fname='C:\\Windows\\Fonts\\ebrima.ttf', name='Ebrima', style='normal', variant='normal', weight=400, stretch='normal', size='scalable')) = 10.05
17952 - 23-Feb-26 14:19:49 - matplotlib.font_manager - findfont: score(FontEntry(fname='C:\\Windows\\Fonts\\BOD_CBI.TTF', name='Bodoni MT', style='italic', variant='normal', weight=700, stretch='condensed', size='scalable')) = 11.535
17952 - 23-Feb-26 14:19:49 - matplotlib.font_manager - findfont: score(FontEntry(fname='C:\\Windows\\Fonts\\georgiaz.ttf', name='Georgia', style='italic', variant='normal', weight=700, stretch='normal', size='scalable')) = 11.335
17952 - 23-Feb-26 14:19:49 - matplotlib.font_manager - findfont: score(FontEntry(fname='C:\\Windows\\Fonts\\seguihis.ttf', name='Segoe UI Historic', style='normal', variant='normal', weight=400, stretch='normal', size='scalable')) = 10.05
17952 - 23-Feb-26 14:19:49 - matplotlib.font_manager - findfont: score(FontEntry(fname='C:\\Windows\\Fonts\\RAVIE.TTF', name='Ravie', style='normal', variant='normal', weight=400, stretch='normal', size='scalable')) = 10.05
17952 - 23-Feb-26 14:19:49 - matplotlib.font_manager - findfont: score(FontEntry(fname='C:\\Windows\\Fonts\\SCHLBKI.TTF', name='Century Schoolbook', style='italic', variant='normal', weight=400, stretch='normal', size='scalable')) = 11.05
17952 - 23-Feb-26 14:19:49 - matplotlib.font_manager - findfont: score(FontEntry(fname='C:\\Windows\\Fonts\\LFAXDI.TTF', name='Lucida Fax', style='italic', variant='normal', weight=600, stretch='normal', size='scalable')) = 11.24
17952 - 23-Feb-26 14:19:49 - matplotlib.font_manager - findfont: score(FontEntry(fname='C:\\Windows\\Fonts\\mmrtext.ttf', name='Myanmar Text', style='normal', variant='normal', weight=400, stretch='normal', size='scalable')) = 10.05
17952 - 23-Feb-26 14:19:49 - matplotlib.font_manager - findfont: score(FontEntry(fname='C:\\Windows\\Fonts\\GILI____.TTF', name='Gill Sans MT', style='italic', variant='normal', weight=400, stretch='normal', size='scalable')) = 11.05
17952 - 23-Feb-26 14:19:49 - matplotlib.font_manager - findfont: score(FontEntry(fname='C:\\Windows\\Fonts\\LFAX.TTF', name='Lucida Fax', style='normal', variant='normal', weight=400, stretch='normal', size='scalable')) = 10.05
17952 - 23-Feb-26 14:19:49 - matplotlib.font_manager - findfont: score(FontEntry(fname='C:\\Windows\\Fonts\\OLDENGL.TTF', name='Old English Text MT', style='normal', variant='normal', weight=400, stretch='normal', size='scalable')) = 10.05
17952 - 23-Feb-26 14:19:49 - matplotlib.font_manager - findfont: score(FontEntry(fname='C:\\Windows\\Fonts\\WINGDNG3.TTF', name='Wingdings 3', style='normal', variant='normal', weight=400, stretch='normal', size='scalable')) = 10.05
17952 - 23-Feb-26 14:19:49 - matplotlib.font_manager - findfont: score(FontEntry(fname='C:\\Windows\\Fonts\\GARABD.TTF', name='Garamond', style='normal', variant='normal', weight=700, stretch='normal', size='scalable')) = 10.335
17952 - 23-Feb-26 14:19:49 - matplotlib.font_manager - findfont: score(FontEntry(fname='C:\\Windows\\Fonts\\Candara.ttf', name='Candara', style='normal', variant='normal', weight=400, stretch='normal', size='scalable')) = 10.05
17952 - 23-Feb-26 14:19:49 - matplotlib.font_manager - findfont: score(FontEntry(fname='C:\\Windows\\Fonts\\BOD_B.TTF', name='Bodoni MT', style='normal', variant='normal', weight=700, stretch='normal', size='scalable')) = 10.335
17952 - 23-Feb-26 14:19:49 - matplotlib.font_manager - findfont: score(FontEntry(fname='C:\\Windows\\Fonts\\HARLOWSI.TTF', name='Harlow Solid Italic', style='italic', variant='normal', weight=400, stretch='normal', size='scalable')) = 11.05
17952 - 23-Feb-26 14:19:49 - matplotlib.font_manager - findfont: score(FontEntry(fname='C:\\Windows\\Fonts\\BOOKOSB.TTF', name='Bookman Old Style', style='normal', variant='normal', weight=600, stretch='normal', size='scalable')) = 10.24
17952 - 23-Feb-26 14:19:49 - matplotlib.font_manager - findfont: score(FontEntry(fname='C:\\Windows\\Fonts\\webdings.ttf', name='Webdings', style='normal', variant='normal', weight=400, stretch='normal', size='scalable')) = 10.05
17952 - 23-Feb-26 14:19:49 - matplotlib.font_manager - findfont: score(FontEntry(fname='C:\\Windows\\Fonts\\YuGothM.ttc', name='Yu Gothic', style='normal', variant='normal', weight=500, stretch='normal', size='scalable')) = 10.145
17952 - 23-Feb-26 14:19:49 - matplotlib.font_manager - findfont: score(FontEntry(fname='C:\\Windows\\Fonts\\GILB____.TTF', name='Gill Sans MT', style='normal', variant='normal', weight=700, stretch='normal', size='scalable')) = 10.335
17952 - 23-Feb-26 14:19:49 - matplotlib.font_manager - findfont: score(FontEntry(fname='C:\\Windows\\Fonts\\SimsunExtG.ttf', name='SimSun-ExtG', style='normal', variant='normal', weight=400, stretch='normal', size='scalable')) = 10.05
17952 - 23-Feb-26 14:19:49 - matplotlib.font_manager - findfont: score(FontEntry(fname='C:\\Windows\\Fonts\\BERNHC.TTF', name='Bernard MT Condensed', style='normal', variant='normal', weight=400, stretch='condensed', size='scalable')) = 10.25
17952 - 23-Feb-26 14:19:49 - matplotlib.font_manager - findfont: score(FontEntry(fname='C:\\Windows\\Fonts\\cambriai.ttf', name='Cambria', style='italic', variant='normal', weight=400, stretch='normal', size='scalable')) = 11.05
17952 - 23-Feb-26 14:19:49 - matplotlib.font_manager - findfont: score(FontEntry(fname='C:\\Windows\\Fonts\\cambriaz.ttf', name='Cambria', style='italic', variant='normal', weight=700, stretch='normal', size='scalable')) = 11.335
17952 - 23-Feb-26 14:19:49 - matplotlib.font_manager - findfont: score(FontEntry(fname='C:\\Windows\\Fonts\\BRLNSR.TTF', name='Berlin Sans FB', style='normal', variant='normal', weight=400, stretch='normal', size='scalable')) = 10.05
17952 - 23-Feb-26 14:19:49 - matplotlib.font_manager - findfont: score(FontEntry(fname='C:\\Windows\\Fonts\\GILBI___.TTF', name='Gill Sans MT', style='italic', variant='normal', weight=700, stretch='normal', size='scalable')) = 11.335
17952 - 23-Feb-26 14:19:49 - matplotlib.font_manager - findfont: score(FontEntry(fname='C:\\Windows\\Fonts\\palai.ttf', name='Palatino Linotype', style='italic', variant='normal', weight=400, stretch='normal', size='scalable')) = 11.05
17952 - 23-Feb-26 14:19:49 - matplotlib.font_manager - findfont: score(FontEntry(fname='C:\\Windows\\Fonts\\BOD_BLAI.TTF', name='Bodoni MT', style='italic', variant='normal', weight=900, stretch='normal', size='scalable')) = 11.525
17952 - 23-Feb-26 14:19:49 - matplotlib.font_manager - findfont: score(FontEntry(fname='C:\\Windows\\Fonts\\seguisli.ttf', name='Segoe UI', style='italic', variant='normal', weight=350, stretch='normal', size='scalable')) = 11.0975
17952 - 23-Feb-26 14:19:49 - matplotlib.font_manager - findfont: score(FontEntry(fname='C:\\Windows\\Fonts\\malgunbd.ttf', name='Malgun Gothic', style='normal', variant='normal', weight=700, stretch='normal', size='scalable')) = 10.335
17952 - 23-Feb-26 14:19:49 - matplotlib.font_manager - findfont: score(FontEntry(fname='C:\\Windows\\Fonts\\RAGE.TTF', name='Rage Italic', style='italic', variant='normal', weight=400, stretch='normal', size='scalable')) = 11.05
17952 - 23-Feb-26 14:19:49 - matplotlib.font_manager - findfont: score(FontEntry(fname='C:\\Windows\\Fonts\\Candarai.ttf', name='Candara', style='italic', variant='normal', weight=400, stretch='normal', size='scalable')) = 11.05
17952 - 23-Feb-26 14:19:49 - matplotlib.font_manager - findfont: score(FontEntry(fname='C:\\Windows\\Fonts\\GOTHICBI.TTF', name='Century Gothic', style='italic', variant='normal', weight=700, stretch='normal', size='scalable')) = 11.335
17952 - 23-Feb-26 14:19:49 - matplotlib.font_manager - findfont: score(FontEntry(fname='C:\\Windows\\Fonts\\BOOKOSI.TTF', name='Bookman Old Style', style='italic', variant='normal', weight=300, stretch='normal', size='scalable')) = 11.145
17952 - 23-Feb-26 14:19:49 - matplotlib.font_manager - findfont: score(FontEntry(fname='C:\\Windows\\Fonts\\FRADMCN.TTF', name='Franklin Gothic Demi Cond', style='normal', variant='normal', weight=400, stretch='condensed', size='scalable')) = 10.25
17952 - 23-Feb-26 14:19:49 - matplotlib.font_manager - findfont: score(FontEntry(fname='C:\\Windows\\Fonts\\COPRGTL.TTF', name='Copperplate Gothic Light', style='normal', variant='normal', weight=400, stretch='normal', size='scalable')) = 10.05
17952 - 23-Feb-26 14:19:49 - matplotlib.font_manager - findfont: score(FontEntry(fname='C:\\Windows\\Fonts\\CALIFB.TTF', name='Californian FB', style='normal', variant='normal', weight=700, stretch='normal', size='scalable')) = 10.335
17952 - 23-Feb-26 14:19:49 - matplotlib.font_manager - findfont: score(FontEntry(fname='C:\\Windows\\Fonts\\corbell.ttf', name='Corbel', style='normal', variant='normal', weight=300, stretch='normal', size='scalable')) = 10.145
17952 - 23-Feb-26 14:19:49 - matplotlib.font_manager - findfont: score(FontEntry(fname='C:\\Windows\\Fonts\\LatoWeb-SemiboldItalic.ttf', name='Lato', style='italic', variant='normal', weight=600, stretch='normal', size='scalable')) = 11.24
17952 - 23-Feb-26 14:19:49 - matplotlib.font_manager - findfont: score(FontEntry(fname='C:\\Windows\\Fonts\\cambria.ttc', name='Cambria', style='normal', variant='normal', weight=400, stretch='normal', size='scalable')) = 10.05
17952 - 23-Feb-26 14:19:49 - matplotlib.font_manager - findfont: score(FontEntry(fname='C:\\Windows\\Fonts\\bahnschrift.ttf', name='Bahnschrift', style='normal', variant='normal', weight=400, stretch='normal', size='scalable')) = 10.05
17952 - 23-Feb-26 14:19:49 - matplotlib.font_manager - findfont: score(FontEntry(fname='C:\\Windows\\Fonts\\ONYX.TTF', name='Onyx', style='normal', variant='normal', weight=400, stretch='normal', size='scalable')) = 10.05
17952 - 23-Feb-26 14:19:49 - matplotlib.font_manager - findfont: score(FontEntry(fname='C:\\Windows\\Fonts\\GOUDOSB.TTF', name='Goudy Old Style', style='normal', variant='normal', weight=700, stretch='normal', size='scalable')) = 10.335
17952 - 23-Feb-26 14:19:49 - matplotlib.font_manager - findfont: score(FontEntry(fname='C:\\Windows\\Fonts\\ntailu.ttf', name='Microsoft New Tai Lue', style='normal', variant='normal', weight=400, stretch='normal', size='scalable')) = 10.05
17952 - 23-Feb-26 14:19:49 - matplotlib.font_manager - findfont: score(FontEntry(fname='C:\\Windows\\Fonts\\PERB____.TTF', name='Perpetua', style='normal', variant='normal', weight=700, stretch='normal', size='scalable')) = 10.335
17952 - 23-Feb-26 14:19:49 - matplotlib.font_manager - findfont: score(FontEntry(fname='C:\\Windows\\Fonts\\GOUDYSTO.TTF', name='Goudy Stout', style='normal', variant='normal', weight=400, stretch='normal', size='scalable')) = 10.05
17952 - 23-Feb-26 14:19:49 - matplotlib.font_manager - findfont: score(FontEntry(fname='C:\\Windows\\Fonts\\ERASLGHT.TTF', name='Eras Light ITC', style='normal', variant='normal', weight=400, stretch='normal', size='scalable')) = 10.05
17952 - 23-Feb-26 14:19:49 - matplotlib.font_manager - findfont: score(FontEntry(fname='C:\\Windows\\Fonts\\verdana.ttf', name='Verdana', style='normal', variant='normal', weight=400, stretch='normal', size='scalable')) = 3.6863636363636365
17952 - 23-Feb-26 14:19:49 - matplotlib.font_manager - findfont: score(FontEntry(fname='C:\\Windows\\Fonts\\LeelUIsl.ttf', name='Leelawadee UI', style='normal', variant='normal', weight=350, stretch='normal', size='scalable')) = 10.0975
17952 - 23-Feb-26 14:19:49 - matplotlib.font_manager - findfont: score(FontEntry(fname='C:\\Windows\\Fonts\\times.ttf', name='Times New Roman', style='normal', variant='normal', weight=400, stretch='normal', size='scalable')) = 10.05
17952 - 23-Feb-26 14:19:49 - matplotlib.font_manager - findfont: score(FontEntry(fname='C:\\Windows\\Fonts\\LFAXI.TTF', name='Lucida Fax', style='italic', variant='normal', weight=400, stretch='normal', size='scalable')) = 11.05
17952 - 23-Feb-26 14:19:49 - matplotlib.font_manager - findfont: score(FontEntry(fname='C:\\Windows\\Fonts\\COOPBL.TTF', name='Cooper Black', style='normal', variant='normal', weight=400, stretch='normal', size='scalable')) = 10.05
17952 - 23-Feb-26 14:19:49 - matplotlib.font_manager - findfont: score(FontEntry(fname='C:\\Windows\\Fonts\\BOD_CR.TTF', name='Bodoni MT', style='normal', variant='normal', weight=400, stretch='condensed', size='scalable')) = 10.25
17952 - 23-Feb-26 14:19:49 - matplotlib.font_manager - findfont: score(FontEntry(fname='C:\\Windows\\Fonts\\BRLNSB.TTF', name='Berlin Sans FB', style='normal', variant='normal', weight=700, stretch='normal', size='scalable')) = 10.335
17952 - 23-Feb-26 14:19:49 - matplotlib.font_manager - findfont: score(FontEntry(fname='C:\\Windows\\Fonts\\segmdl2.ttf', name='Segoe MDL2 Assets', style='normal', variant='normal', weight=400, stretch='normal', size='scalable')) = 10.05
17952 - 23-Feb-26 14:19:49 - matplotlib.font_manager - findfont: score(FontEntry(fname='C:\\Windows\\Fonts\\framdit.ttf', name='Franklin Gothic Medium', style='italic', variant='normal', weight=400, stretch='normal', size='scalable')) = 11.05
17952 - 23-Feb-26 14:19:49 - matplotlib.font_manager - findfont: score(FontEntry(fname='C:\\Windows\\Fonts\\VIVALDII.TTF', name='Vivaldi', style='italic', variant='normal', weight=400, stretch='normal', size='scalable')) = 11.05
17952 - 23-Feb-26 14:19:49 - matplotlib.font_manager - findfont: score(FontEntry(fname='C:\\Windows\\Fonts\\ITCEDSCR.TTF', name='Edwardian Script ITC', style='normal', variant='normal', weight=400, stretch='normal', size='scalable')) = 10.05
17952 - 23-Feb-26 14:19:49 - matplotlib.font_manager - findfont: score(FontEntry(fname='C:\\Windows\\Fonts\\LTYPEBO.TTF', name='Lucida Sans Typewriter', style='oblique', variant='normal', weight=600, stretch='normal', size='scalable')) = 11.24
17952 - 23-Feb-26 14:19:49 - matplotlib.font_manager - findfont: score(FontEntry(fname='C:\\Windows\\Fonts\\courbi.ttf', name='Courier New', style='italic', variant='normal', weight=700, stretch='normal', size='scalable')) = 11.335
17952 - 23-Feb-26 14:19:49 - matplotlib.font_manager - findfont: score(FontEntry(fname='C:\\Windows\\Fonts\\HARNGTON.TTF', name='Harrington', style='normal', variant='normal', weight=400, stretch='normal', size='scalable')) = 10.05
17952 - 23-Feb-26 14:19:49 - matplotlib.font_manager - findfont: score(FontEntry(fname='C:\\Windows\\Fonts\\GILSANUB.TTF', name='Gill Sans Ultra Bold', style='normal', variant='normal', weight=400, stretch='normal', size='scalable')) = 10.05
17952 - 23-Feb-26 14:19:49 - matplotlib.font_manager - findfont: score(FontEntry(fname='C:\\Windows\\Fonts\\BOD_CB.TTF', name='Bodoni MT', style='normal', variant='normal', weight=700, stretch='condensed', size='scalable')) = 10.535
17952 - 23-Feb-26 14:19:49 - matplotlib.font_manager - findfont: score(FontEntry(fname='C:\\Windows\\Fonts\\ariali.ttf', name='Arial', style='italic', variant='normal', weight=400, stretch='normal', size='scalable')) = 7.413636363636363
17952 - 23-Feb-26 14:19:49 - matplotlib.font_manager - findfont: score(FontEntry(fname='C:\\Windows\\Fonts\\ALGER.TTF', name='Algerian', style='normal', variant='normal', weight=400, stretch='normal', size='scalable')) = 10.05
17952 - 23-Feb-26 14:19:49 - matplotlib.font_manager - findfont: score(FontEntry(fname='C:\\Windows\\Fonts\\ROCKB.TTF', name='Rockwell', style='normal', variant='normal', weight=700, stretch='normal', size='scalable')) = 10.335
17952 - 23-Feb-26 14:19:49 - matplotlib.font_manager - findfont: score(FontEntry(fname='C:\\Windows\\Fonts\\PRISTINA.TTF', name='Pristina', style='normal', variant='normal', weight=400, stretch='normal', size='scalable')) = 10.05
17952 - 23-Feb-26 14:19:49 - matplotlib.font_manager - findfont: score(FontEntry(fname='C:\\Windows\\Fonts\\LatoWeb-Light.ttf', name='Lato', style='normal', variant='normal', weight=300, stretch='normal', size='scalable')) = 10.145
17952 - 23-Feb-26 14:19:49 - matplotlib.font_manager - findfont: score(FontEntry(fname='C:\\Windows\\Fonts\\couri.ttf', name='Courier New', style='italic', variant='normal', weight=400, stretch='normal', size='scalable')) = 11.05
17952 - 23-Feb-26 14:19:49 - matplotlib.font_manager - findfont: score(FontEntry(fname='C:\\Windows\\Fonts\\tahomabd.ttf', name='Tahoma', style='normal', variant='normal', weight=700, stretch='normal', size='scalable')) = 10.335
17952 - 23-Feb-26 14:19:49 - matplotlib.font_manager - findfont: score(FontEntry(fname='C:\\Windows\\Fonts\\HTOWERT.TTF', name='High Tower Text', style='normal', variant='normal', weight=400, stretch='normal', size='scalable')) = 10.05
17952 - 23-Feb-26 14:19:49 - matplotlib.font_manager - findfont: score(FontEntry(fname='C:\\Windows\\Fonts\\ROCKI.TTF', name='Rockwell', style='italic', variant='normal', weight=400, stretch='normal', size='scalable')) = 11.05
17952 - 23-Feb-26 14:19:49 - matplotlib.font_manager - findfont: score(FontEntry(fname='C:\\Windows\\Fonts\\courbd.ttf', name='Courier New', style='normal', variant='normal', weight=700, stretch='normal', size='scalable')) = 10.335
17952 - 23-Feb-26 14:19:49 - matplotlib.font_manager - findfont: score(FontEntry(fname='C:\\Windows\\Fonts\\DUBAI-BOLD.TTF', name='Dubai', style='normal', variant='normal', weight=700, stretch='normal', size='scalable')) = 10.335
17952 - 23-Feb-26 14:19:49 - matplotlib.font_manager - findfont: score(FontEntry(fname='C:\\Windows\\Fonts\\COLONNA.TTF', name='Colonna MT', style='normal', variant='normal', weight=400, stretch='normal', size='scalable')) = 10.05
17952 - 23-Feb-26 14:19:49 - matplotlib.font_manager - findfont: score(FontEntry(fname='C:\\Windows\\Fonts\\ROCKBI.TTF', name='Rockwell', style='italic', variant='normal', weight=700, stretch='normal', size='scalable')) = 11.335
17952 - 23-Feb-26 14:19:49 - matplotlib.font_manager - findfont: score(FontEntry(fname='C:\\Windows\\Fonts\\TCM_____.TTF', name='Tw Cen MT', style='normal', variant='normal', weight=400, stretch='normal', size='scalable')) = 10.05
17952 - 23-Feb-26 14:19:49 - matplotlib.font_manager - findfont: score(FontEntry(fname='C:\\Windows\\Fonts\\ERASDEMI.TTF', name='Eras Demi ITC', style='normal', variant='normal', weight=400, stretch='normal', size='scalable')) = 10.05
17952 - 23-Feb-26 14:19:49 - matplotlib.font_manager - findfont: score(FontEntry(fname='C:\\Windows\\Fonts\\mingliub.ttc', name='MingLiU-ExtB', style='normal', variant='normal', weight=400, stretch='normal', size='scalable')) = 10.05
17952 - 23-Feb-26 14:19:49 - matplotlib.font_manager - findfont: score(FontEntry(fname='C:\\Windows\\Fonts\\CALISTBI.TTF', name='Calisto MT', style='italic', variant='normal', weight=700, stretch='normal', size='scalable')) = 11.335
17952 - 23-Feb-26 14:19:49 - matplotlib.font_manager - findfont: score(FontEntry(fname='C:\\Windows\\Fonts\\segoeui.ttf', name='Segoe UI', style='normal', variant='normal', weight=400, stretch='normal', size='scalable')) = 10.05
17952 - 23-Feb-26 14:19:49 - matplotlib.font_manager - findfont: score(FontEntry(fname='C:\\Windows\\Fonts\\LeelawUI.ttf', name='Leelawadee UI', style='normal', variant='normal', weight=400, stretch='normal', size='scalable')) = 10.05
17952 - 23-Feb-26 14:19:49 - matplotlib.font_manager - findfont: score(FontEntry(fname='C:\\Windows\\Fonts\\REFSPCL.TTF', name='MS Reference Specialty', style='normal', variant='normal', weight=400, stretch='normal', size='scalable')) = 10.05
17952 - 23-Feb-26 14:19:49 - matplotlib.font_manager - findfont: score(FontEntry(fname='C:\\Windows\\Fonts\\comicbd.ttf', name='Comic Sans MS', style='normal', variant='normal', weight=700, stretch='normal', size='scalable')) = 10.335
17952 - 23-Feb-26 14:19:49 - matplotlib.font_manager - findfont: score(FontEntry(fname='C:\\Windows\\Fonts\\PALSCRI.TTF', name='Palace Script MT', style='normal', variant='normal', weight=400, stretch='normal', size='scalable')) = 10.05
17952 - 23-Feb-26 14:19:49 - matplotlib.font_manager - findfont: score(FontEntry(fname='C:\\Windows\\Fonts\\TCCEB.TTF', name='Tw Cen MT Condensed Extra Bold', style='normal', variant='normal', weight=400, stretch='condensed', size='scalable')) = 10.25
17952 - 23-Feb-26 14:19:49 - matplotlib.font_manager - findfont: score(FontEntry(fname='C:\\Windows\\Fonts\\ANTQUAB.TTF', name='Book Antiqua', style='normal', variant='normal', weight=700, stretch='normal', size='scalable')) = 10.335
17952 - 23-Feb-26 14:19:49 - matplotlib.font_manager - findfont: score(FontEntry(fname='C:\\Windows\\Fonts\\PER_____.TTF', name='Perpetua', style='normal', variant='normal', weight=400, stretch='normal', size='scalable')) = 10.05
17952 - 23-Feb-26 14:19:49 - matplotlib.font_manager - findfont: score(FontEntry(fname='C:\\Windows\\Fonts\\javatext.ttf', name='Javanese Text', style='normal', variant='normal', weight=400, stretch='normal', size='scalable')) = 10.05
17952 - 23-Feb-26 14:19:49 - matplotlib.font_manager - findfont: score(FontEntry(fname='C:\\Windows\\Fonts\\palab.ttf', name='Palatino Linotype', style='normal', variant='normal', weight=700, stretch='normal', size='scalable')) = 10.335
17952 - 23-Feb-26 14:19:49 - matplotlib.font_manager - findfont: score(FontEntry(fname='C:\\Windows\\Fonts\\msyhbd.ttc', name='Microsoft YaHei', style='normal', variant='normal', weight=700, stretch='normal', size='scalable')) = 10.335
17952 - 23-Feb-26 14:19:49 - matplotlib.font_manager - findfont: score(FontEntry(fname='C:\\Windows\\Fonts\\YuGothB.ttc', name='Yu Gothic', style='normal', variant='normal', weight=700, stretch='normal', size='scalable')) = 10.335
17952 - 23-Feb-26 14:19:49 - matplotlib.font_manager - findfont: score(FontEntry(fname='C:\\Windows\\Fonts\\CHILLER.TTF', name='Chiller', style='normal', variant='normal', weight=400, stretch='normal', size='scalable')) = 10.05
17952 - 23-Feb-26 14:19:49 - matplotlib.font_manager - findfont: score(FontEntry(fname='C:\\Windows\\Fonts\\trebucit.ttf', name='Trebuchet MS', style='italic', variant='normal', weight=400, stretch='normal', size='scalable')) = 11.05
17952 - 23-Feb-26 14:19:49 - matplotlib.font_manager - findfont: score(FontEntry(fname='C:\\Windows\\Fonts\\georgia.ttf', name='Georgia', style='normal', variant='normal', weight=400, stretch='normal', size='scalable')) = 10.05
17952 - 23-Feb-26 14:19:49 - matplotlib.font_manager - findfont: score(FontEntry(fname='C:\\Windows\\Fonts\\ROCK.TTF', name='Rockwell', style='normal', variant='normal', weight=400, stretch='normal', size='scalable')) = 10.05
17952 - 23-Feb-26 14:19:49 - matplotlib.font_manager - findfont: score(FontEntry(fname='C:\\Windows\\Fonts\\TCCM____.TTF', name='Tw Cen MT Condensed', style='normal', variant='normal', weight=400, stretch='condensed', size='scalable')) = 10.25
17952 - 23-Feb-26 14:19:49 - matplotlib.font_manager - findfont: score(FontEntry(fname='C:\\Windows\\Fonts\\CALISTI.TTF', name='Calisto MT', style='italic', variant='normal', weight=400, stretch='normal', size='scalable')) = 11.05
17952 - 23-Feb-26 14:19:49 - matplotlib.font_manager - findfont: score(FontEntry(fname='C:\\Windows\\Fonts\\LatoWeb-Regular.ttf', name='Lato', style='normal', variant='normal', weight=400, stretch='normal', size='scalable')) = 10.05
17952 - 23-Feb-26 14:19:49 - matplotlib.font_manager - findfont: score(FontEntry(fname='C:\\Windows\\Fonts\\ELEPHNT.TTF', name='Elephant', style='normal', variant='normal', weight=400, stretch='normal', size='scalable')) = 10.05
17952 - 23-Feb-26 14:19:49 - matplotlib.font_manager - findfont: score(FontEntry(fname='C:\\Windows\\Fonts\\MATURASC.TTF', name='Matura MT Script Capitals', style='normal', variant='normal', weight=400, stretch='normal', size='scalable')) = 10.05
17952 - 23-Feb-26 14:19:49 - matplotlib.font_manager - findfont: score(FontEntry(fname='C:\\Windows\\Fonts\\georgiab.ttf', name='Georgia', style='normal', variant='normal', weight=700, stretch='normal', size='scalable')) = 10.335
17952 - 23-Feb-26 14:19:49 - matplotlib.font_manager - findfont: score(FontEntry(fname='C:\\Windows\\Fonts\\taileb.ttf', name='Microsoft Tai Le', style='normal', variant='normal', weight=700, stretch='normal', size='scalable')) = 10.335
17952 - 23-Feb-26 14:19:49 - matplotlib.font_manager - findfont: score(FontEntry(fname='C:\\Windows\\Fonts\\corbelb.ttf', name='Corbel', style='normal', variant='normal', weight=700, stretch='normal', size='scalable')) = 10.335
17952 - 23-Feb-26 14:19:49 - matplotlib.font_manager - findfont: score(FontEntry(fname='C:\\Windows\\Fonts\\msyh.ttc', name='Microsoft YaHei', style='normal', variant='normal', weight=400, stretch='normal', size='scalable')) = 10.05
17952 - 23-Feb-26 14:19:49 - matplotlib.font_manager - findfont: score(FontEntry(fname='C:\\Windows\\Fonts\\ariblk.ttf', name='Arial', style='normal', variant='normal', weight=900, stretch='normal', size='scalable')) = 6.888636363636364
17952 - 23-Feb-26 14:19:49 - matplotlib.font_manager - findfont: score(FontEntry(fname='C:\\Windows\\Fonts\\ERASMD.TTF', name='Eras Medium ITC', style='normal', variant='normal', weight=400, stretch='normal', size='scalable')) = 10.05
17952 - 23-Feb-26 14:19:49 - matplotlib.font_manager - findfont: score(FontEntry(fname='C:\\Windows\\Fonts\\ANTQUABI.TTF', name='Book Antiqua', style='italic', variant='normal', weight=700, stretch='normal', size='scalable')) = 11.335
17952 - 23-Feb-26 14:19:49 - matplotlib.font_manager - findfont: score(FontEntry(fname='C:\\Windows\\Fonts\\ARLRDBD.TTF', name='Arial Rounded MT Bold', style='normal', variant='normal', weight=400, stretch='normal', size='scalable')) = 10.05
17952 - 23-Feb-26 14:19:49 - matplotlib.font_manager - findfont: score(FontEntry(fname='C:\\Windows\\Fonts\\ROCKEB.TTF', name='Rockwell Extra Bold', style='normal', variant='normal', weight=800, stretch='normal', size='scalable')) = 10.43
17952 - 23-Feb-26 14:19:49 - matplotlib.font_manager - findfont: score(FontEntry(fname='C:\\Windows\\Fonts\\seguisb.ttf', name='Segoe UI', style='normal', variant='normal', weight=600, stretch='normal', size='scalable')) = 10.24
17952 - 23-Feb-26 14:19:49 - matplotlib.font_manager - findfont: score(FontEntry(fname='C:\\Windows\\Fonts\\arial.ttf', name='Arial', style='normal', variant='normal', weight=400, stretch='normal', size='scalable')) = 6.413636363636363
17952 - 23-Feb-26 14:19:49 - matplotlib.font_manager - findfont: score(FontEntry(fname='C:\\Windows\\Fonts\\ENGR.TTF', name='Engravers MT', style='normal', variant='normal', weight=500, stretch='normal', size='scalable')) = 10.145
17952 - 23-Feb-26 14:19:49 - matplotlib.font_manager - findfont: score(FontEntry(fname='C:\\Windows\\Fonts\\malgun.ttf', name='Malgun Gothic', style='normal', variant='normal', weight=400, stretch='normal', size='scalable')) = 10.05
17952 - 23-Feb-26 14:19:49 - matplotlib.font_manager - findfont: score(FontEntry(fname='C:\\Windows\\Fonts\\simsun.ttc', name='SimSun', style='normal', variant='normal', weight=400, stretch='normal', size='scalable')) = 10.05
17952 - 23-Feb-26 14:19:49 - matplotlib.font_manager - findfont: score(FontEntry(fname='C:\\Windows\\Fonts\\MISTRAL.TTF', name='Mistral', style='normal', variant='normal', weight=400, stretch='normal', size='scalable')) = 10.05
17952 - 23-Feb-26 14:19:49 - matplotlib.font_manager - findfont: score(FontEntry(fname='C:\\Windows\\Fonts\\BOD_I.TTF', name='Bodoni MT', style='italic', variant='normal', weight=400, stretch='normal', size='scalable')) = 11.05
17952 - 23-Feb-26 14:19:49 - matplotlib.font_manager - findfont: score(FontEntry(fname='C:\\Windows\\Fonts\\PLAYBILL.TTF', name='Playbill', style='normal', variant='normal', weight=400, stretch='normal', size='scalable')) = 10.05
17952 - 23-Feb-26 14:19:49 - matplotlib.font_manager - findfont: score(FontEntry(fname='C:\\Windows\\Fonts\\simsunb.ttf', name='SimSun-ExtB', style='normal', variant='normal', weight=400, stretch='normal', size='scalable')) = 10.05
17952 - 23-Feb-26 14:19:49 - matplotlib.font_manager - findfont: score(FontEntry(fname='C:\\Windows\\Fonts\\MAGNETOB.TTF', name='Magneto', style='normal', variant='normal', weight=700, stretch='normal', size='scalable')) = 10.335
17952 - 23-Feb-26 14:19:49 - matplotlib.font_manager - findfont: score(FontEntry(fname='C:\\Windows\\Fonts\\Gabriola.ttf', name='Gabriola', style='normal', variant='normal', weight=400, stretch='normal', size='scalable')) = 10.05
17952 - 23-Feb-26 14:19:49 - matplotlib.font_manager - findfont: score(FontEntry(fname='C:\\Windows\\Fonts\\seguiemj.ttf', name='Segoe UI Emoji', style='normal', variant='normal', weight=400, stretch='normal', size='scalable')) = 10.05
17952 - 23-Feb-26 14:19:49 - matplotlib.font_manager - findfont: score(FontEntry(fname='C:\\Windows\\Fonts\\sylfaen.ttf', name='Sylfaen', style='normal', variant='normal', weight=400, stretch='normal', size='scalable')) = 10.05
17952 - 23-Feb-26 14:19:49 - matplotlib.font_manager - findfont: score(FontEntry(fname='C:\\Windows\\Fonts\\BELLB.TTF', name='Bell MT', style='normal', variant='normal', weight=700, stretch='normal', size='scalable')) = 10.335
17952 - 23-Feb-26 14:19:49 - matplotlib.font_manager - findfont: score(FontEntry(fname='C:\\Windows\\Fonts\\LBRITEDI.TTF', name='Lucida Bright', style='italic', variant='normal', weight=600, stretch='normal', size='scalable')) = 11.24
17952 - 23-Feb-26 14:19:49 - matplotlib.font_manager - findfont: score(FontEntry(fname='C:\\Windows\\Fonts\\AGENCYR.TTF', name='Agency FB', style='normal', variant='normal', weight=400, stretch='normal', size='scalable')) = 10.05
17952 - 23-Feb-26 14:19:49 - matplotlib.font_manager - findfont: score(FontEntry(fname='C:\\Windows\\Fonts\\PERBI___.TTF', name='Perpetua', style='italic', variant='normal', weight=700, stretch='normal', size='scalable')) = 11.335
17952 - 23-Feb-26 14:19:49 - matplotlib.font_manager - findfont: score(FontEntry(fname='C:\\Windows\\Fonts\\AGENCYB.TTF', name='Agency FB', style='normal', variant='normal', weight=700, stretch='normal', size='scalable')) = 10.335
17952 - 23-Feb-26 14:19:49 - matplotlib.font_manager - findfont: score(FontEntry(fname='C:\\Windows\\Fonts\\timesi.ttf', name='Times New Roman', style='italic', variant='normal', weight=400, stretch='normal', size='scalable')) = 11.05
17952 - 23-Feb-26 14:19:49 - matplotlib.font_manager - findfont: score(FontEntry(fname='C:\\Windows\\Fonts\\cambriab.ttf', name='Cambria', style='normal', variant='normal', weight=700, stretch='normal', size='scalable')) = 10.335
17952 - 23-Feb-26 14:19:49 - matplotlib.font_manager - findfont: score(FontEntry(fname='C:\\Windows\\Fonts\\corbelli.ttf', name='Corbel', style='italic', variant='normal', weight=300, stretch='normal', size='scalable')) = 11.145
17952 - 23-Feb-26 14:19:49 - matplotlib.font_manager - findfont: score(FontEntry(fname='C:\\Windows\\Fonts\\seguisym.ttf', name='Segoe UI Symbol', style='normal', variant='normal', weight=400, stretch='normal', size='scalable')) = 10.05
17952 - 23-Feb-26 14:19:49 - matplotlib.font_manager - findfont: score(FontEntry(fname='C:\\Windows\\Fonts\\BOD_BI.TTF', name='Bodoni MT', style='italic', variant='normal', weight=700, stretch='normal', size='scalable')) = 11.335
17952 - 23-Feb-26 14:19:49 - matplotlib.font_manager - findfont: score(FontEntry(fname='C:\\Windows\\Fonts\\TCMI____.TTF', name='Tw Cen MT', style='italic', variant='normal', weight=400, stretch='normal', size='scalable')) = 11.05
17952 - 23-Feb-26 14:19:49 - matplotlib.font_manager - findfont: score(FontEntry(fname='C:\\Windows\\Fonts\\pala.ttf', name='Palatino Linotype', style='normal', variant='normal', weight=400, stretch='normal', size='scalable')) = 10.05
17952 - 23-Feb-26 14:19:49 - matplotlib.font_manager - findfont: score(FontEntry(fname='C:\\Windows\\Fonts\\BRITANIC.TTF', name='Britannic Bold', style='normal', variant='normal', weight=400, stretch='normal', size='scalable')) = 10.05
17952 - 23-Feb-26 14:19:49 - matplotlib.font_manager - findfont: score(FontEntry(fname='C:\\Windows\\Fonts\\seguisbi.ttf', name='Segoe UI', style='italic', variant='normal', weight=600, stretch='normal', size='scalable')) = 11.24
17952 - 23-Feb-26 14:19:49 - matplotlib.font_manager - findfont: score(FontEntry(fname='C:\\Windows\\Fonts\\BROADW.TTF', name='Broadway', style='normal', variant='normal', weight=400, stretch='normal', size='scalable')) = 10.05
17952 - 23-Feb-26 14:19:49 - matplotlib.font_manager - findfont: score(FontEntry(fname='C:\\Windows\\Fonts\\consolab.ttf', name='Consolas', style='normal', variant='normal', weight=700, stretch='normal', size='scalable')) = 10.335
17952 - 23-Feb-26 14:19:49 - matplotlib.font_manager - findfont: score(FontEntry(fname='C:\\Windows\\Fonts\\GLECB.TTF', name='Gloucester MT Extra Condensed', style='normal', variant='normal', weight=400, stretch='condensed', size='scalable')) = 10.25
17952 - 23-Feb-26 14:19:49 - matplotlib.font_manager - findfont: score(FontEntry(fname='C:\\Windows\\Fonts\\calibriz.ttf', name='Calibri', style='italic', variant='normal', weight=700, stretch='normal', size='scalable')) = 11.335
17952 - 23-Feb-26 14:19:49 - matplotlib.font_manager - findfont: score(FontEntry(fname='C:\\Windows\\Fonts\\arialbi.ttf', name='Arial', style='italic', variant='normal', weight=700, stretch='normal', size='scalable')) = 7.698636363636363
17952 - 23-Feb-26 14:19:49 - matplotlib.font_manager - findfont: score(FontEntry(fname='C:\\Windows\\Fonts\\OCRAEXT.TTF', name='OCR A Extended', style='normal', variant='normal', weight=400, stretch='expanded', size='scalable')) = 10.25
17952 - 23-Feb-26 14:19:49 - matplotlib.font_manager - findfont: score(FontEntry(fname='C:\\Windows\\Fonts\\ELEPHNTI.TTF', name='Elephant', style='italic', variant='normal', weight=400, stretch='normal', size='scalable')) = 11.05
17952 - 23-Feb-26 14:19:49 - matplotlib.font_manager - findfont: score(FontEntry(fname='C:\\Windows\\Fonts\\ANTQUAI.TTF', name='Book Antiqua', style='italic', variant='normal', weight=400, stretch='normal', size='scalable')) = 11.05
17952 - 23-Feb-26 14:19:49 - matplotlib.font_manager - findfont: score(FontEntry(fname='C:\\Windows\\Fonts\\tahoma.ttf', name='Tahoma', style='normal', variant='normal', weight=400, stretch='normal', size='scalable')) = 10.05
17952 - 23-Feb-26 14:19:49 - matplotlib.font_manager - findfont: score(FontEntry(fname='C:\\Windows\\Fonts\\HTOWERTI.TTF', name='High Tower Text', style='italic', variant='normal', weight=400, stretch='normal', size='scalable')) = 11.05
17952 - 23-Feb-26 14:19:49 - matplotlib.font_manager - findfont: score(FontEntry(fname='C:\\Windows\\Fonts\\PERI____.TTF', name='Perpetua', style='italic', variant='normal', weight=400, stretch='normal', size='scalable')) = 11.05
17952 - 23-Feb-26 14:19:49 - matplotlib.font_manager - findfont: score(FontEntry(fname='C:\\Windows\\Fonts\\LHANDW.TTF', name='Lucida Handwriting', style='italic', variant='normal', weight=400, stretch='normal', size='scalable')) = 11.05
17952 - 23-Feb-26 14:19:49 - matplotlib.font_manager - findfont: score(FontEntry(fname='C:\\Windows\\Fonts\\CENSCBK.TTF', name='Century Schoolbook', style='normal', variant='normal', weight=400, stretch='normal', size='scalable')) = 10.05
17952 - 23-Feb-26 14:19:49 - matplotlib.font_manager - findfont: score(FontEntry(fname='C:\\Windows\\Fonts\\LatoWeb-Bold.ttf', name='Lato', style='normal', variant='normal', weight=700, stretch='normal', size='scalable')) = 10.335
17952 - 23-Feb-26 14:19:49 - matplotlib.font_manager - findfont: score(FontEntry(fname='C:\\Windows\\Fonts\\FRAHV.TTF', name='Franklin Gothic Heavy', style='normal', variant='normal', weight=400, stretch='normal', size='scalable')) = 10.05
17952 - 23-Feb-26 14:19:49 - matplotlib.font_manager - findfont: score(FontEntry(fname='C:\\Windows\\Fonts\\LBRITE.TTF', name='Lucida Bright', style='normal', variant='normal', weight=400, stretch='normal', size='scalable')) = 10.05
17952 - 23-Feb-26 14:19:49 - matplotlib.font_manager - findfont: score(FontEntry(fname='C:\\Windows\\Fonts\\GOUDOSI.TTF', name='Goudy Old Style', style='italic', variant='normal', weight=400, stretch='normal', size='scalable')) = 11.05
17952 - 23-Feb-26 14:19:49 - matplotlib.font_manager - findfont: score(FontEntry(fname='C:\\Windows\\Fonts\\HATTEN.TTF', name='Haettenschweiler', style='normal', variant='normal', weight=400, stretch='normal', size='scalable')) = 10.05
17952 - 23-Feb-26 14:19:49 - matplotlib.font_manager - findfont: score(FontEntry(fname='C:\\Windows\\Fonts\\FELIXTI.TTF', name='Felix Titling', style='normal', variant='normal', weight=400, stretch='normal', size='scalable')) = 10.05
17952 - 23-Feb-26 14:19:49 - matplotlib.font_manager - findfont: score(FontEntry(fname='C:\\Windows\\Fonts\\symbol.ttf', name='Symbol', style='normal', variant='normal', weight=400, stretch='normal', size='scalable')) = 10.05
17952 - 23-Feb-26 14:19:49 - matplotlib.font_manager - findfont: score(FontEntry(fname='C:\\Windows\\Fonts\\BKANT.TTF', name='Book Antiqua', style='normal', variant='normal', weight=400, stretch='normal', size='scalable')) = 10.05
17952 - 23-Feb-26 14:19:49 - matplotlib.font_manager - findfont: score(FontEntry(fname='C:\\Windows\\Fonts\\CALIST.TTF', name='Calisto MT', style='normal', variant='normal', weight=400, stretch='normal', size='scalable')) = 10.05
17952 - 23-Feb-26 14:19:49 - matplotlib.font_manager - findfont: score(FontEntry(fname='C:\\Windows\\Fonts\\ntailub.ttf', name='Microsoft New Tai Lue', style='normal', variant='normal', weight=700, stretch='normal', size='scalable')) = 10.335
17952 - 23-Feb-26 14:19:49 - matplotlib.font_manager - findfont: score(FontEntry(fname='C:\\Windows\\Fonts\\DUBAI-REGULAR.TTF', name='Dubai', style='normal', variant='normal', weight=400, stretch='normal', size='scalable')) = 10.05
17952 - 23-Feb-26 14:19:49 - matplotlib.font_manager - findfont: score(FontEntry(fname='C:\\Windows\\Fonts\\segoeuil.ttf', name='Segoe UI', style='normal', variant='normal', weight=300, stretch='normal', size='scalable')) = 10.145
17952 - 23-Feb-26 14:19:49 - matplotlib.font_manager - findfont: score(FontEntry(fname='C:\\Windows\\Fonts\\PARCHM.TTF', name='Parchment', style='normal', variant='normal', weight=400, stretch='normal', size='scalable')) = 10.05
17952 - 23-Feb-26 14:19:49 - matplotlib.font_manager - findfont: score(FontEntry(fname='C:\\Windows\\Fonts\\gadugib.ttf', name='Gadugi', style='normal', variant='normal', weight=700, stretch='normal', size='scalable')) = 10.335
17952 - 23-Feb-26 14:19:49 - matplotlib.font_manager - findfont: score(FontEntry(fname='C:\\Windows\\Fonts\\msjhl.ttc', name='Microsoft JhengHei', style='normal', variant='normal', weight=290, stretch='normal', size='scalable')) = 10.1545
17952 - 23-Feb-26 14:19:49 - matplotlib.font_manager - findfont: score(FontEntry(fname='C:\\Windows\\Fonts\\consolaz.ttf', name='Consolas', style='italic', variant='normal', weight=700, stretch='normal', size='scalable')) = 11.335
17952 - 23-Feb-26 14:19:49 - matplotlib.font_manager - findfont: score(FontEntry(fname='C:\\Windows\\Fonts\\CASTELAR.TTF', name='Castellar', style='normal', variant='normal', weight=400, stretch='normal', size='scalable')) = 10.05
17952 - 23-Feb-26 14:19:49 - matplotlib.font_manager - findfont: score(FontEntry(fname='C:\\Windows\\Fonts\\comic.ttf', name='Comic Sans MS', style='normal', variant='normal', weight=400, stretch='normal', size='scalable')) = 10.05
17952 - 23-Feb-26 14:19:49 - matplotlib.font_manager - findfont: score(FontEntry(fname='C:\\Windows\\Fonts\\trebucbi.ttf', name='Trebuchet MS', style='italic', variant='normal', weight=700, stretch='normal', size='scalable')) = 11.335
17952 - 23-Feb-26 14:19:49 - matplotlib.font_manager - findfont: score(FontEntry(fname='C:\\Windows\\Fonts\\LATINWD.TTF', name='Wide Latin', style='normal', variant='normal', weight=400, stretch='expanded', size='scalable')) = 10.25
17952 - 23-Feb-26 14:19:49 - matplotlib.font_manager - findfont: score(FontEntry(fname='C:\\Windows\\Fonts\\SCRIPTBL.TTF', name='Script MT Bold', style='normal', variant='normal', weight=700, stretch='normal', size='scalable')) = 10.335
17952 - 23-Feb-26 14:19:49 - matplotlib.font_manager - findfont: score(FontEntry(fname='C:\\Windows\\Fonts\\corbel.ttf', name='Corbel', style='normal', variant='normal', weight=400, stretch='normal', size='scalable')) = 10.05
17952 - 23-Feb-26 14:19:49 - matplotlib.font_manager - findfont: score(FontEntry(fname='C:\\Windows\\Fonts\\ARIALNB.TTF', name='Arial', style='normal', variant='normal', weight=700, stretch='condensed', size='scalable')) = 6.8986363636363635
17952 - 23-Feb-26 14:19:49 - matplotlib.font_manager - findfont: score(FontEntry(fname='C:\\Windows\\Fonts\\himalaya.ttf', name='Microsoft Himalaya', style='normal', variant='normal', weight=400, stretch='normal', size='scalable')) = 10.05
17952 - 23-Feb-26 14:19:49 - matplotlib.font_manager - findfont: score(FontEntry(fname='C:\\Windows\\Fonts\\BASKVILL.TTF', name='Baskerville Old Face', style='normal', variant='normal', weight=400, stretch='normal', size='scalable')) = 10.05
17952 - 23-Feb-26 14:19:49 - matplotlib.font_manager - findfont: score(FontEntry(fname='C:\\Windows\\Fonts\\LSANSI.TTF', name='Lucida Sans', style='italic', variant='normal', weight=400, stretch='normal', size='scalable')) = 11.05
17952 - 23-Feb-26 14:19:49 - matplotlib.font_manager - findfont: score(FontEntry(fname='C:\\Windows\\Fonts\\msgothic.ttc', name='MS Gothic', style='normal', variant='normal', weight=400, stretch='normal', size='scalable')) = 10.05
17952 - 23-Feb-26 14:19:49 - matplotlib.font_manager - findfont: score(FontEntry(fname='C:\\Windows\\Fonts\\LeelaUIb.ttf', name='Leelawadee UI', style='normal', variant='normal', weight=700, stretch='normal', size='scalable')) = 10.335
17952 - 23-Feb-26 14:19:49 - matplotlib.font_manager - findfont: score(FontEntry(fname='C:\\Windows\\Fonts\\FORTE.TTF', name='Forte', style='normal', variant='normal', weight=400, stretch='normal', size='scalable')) = 10.05
17952 - 23-Feb-26 14:19:49 - matplotlib.font_manager - findfont: score(FontEntry(fname='C:\\Windows\\Fonts\\CENTURY.TTF', name='Century', style='normal', variant='normal', weight=400, stretch='normal', size='scalable')) = 10.05
17952 - 23-Feb-26 14:19:49 - matplotlib.font_manager - findfont: score(FontEntry(fname='C:\\Windows\\Fonts\\POORICH.TTF', name='Poor Richard', style='normal', variant='normal', weight=400, stretch='normal', size='scalable')) = 10.05
17952 - 23-Feb-26 14:19:49 - matplotlib.font_manager - findfont: score(FontEntry(fname='C:\\Windows\\Fonts\\JOKERMAN.TTF', name='Jokerman', style='normal', variant='normal', weight=400, stretch='normal', size='scalable')) = 10.05
17952 - 23-Feb-26 14:19:49 - matplotlib.font_manager - findfont: score(FontEntry(fname='C:\\Windows\\Fonts\\segoeuib.ttf', name='Segoe UI', style='normal', variant='normal', weight=700, stretch='normal', size='scalable')) = 10.335
17952 - 23-Feb-26 14:19:49 - matplotlib.font_manager - findfont: score(FontEntry(fname='C:\\Windows\\Fonts\\ROCCB___.TTF', name='Rockwell Condensed', style='normal', variant='normal', weight=700, stretch='condensed', size='scalable')) = 10.535
17952 - 23-Feb-26 14:19:49 - matplotlib.font_manager - findfont: score(FontEntry(fname='C:\\Windows\\Fonts\\corbeli.ttf', name='Corbel', style='italic', variant='normal', weight=400, stretch='normal', size='scalable')) = 11.05
17952 - 23-Feb-26 14:19:49 - matplotlib.font_manager - findfont: score(FontEntry(fname='C:\\Windows\\Fonts\\LatoWeb-BoldItalic.ttf', name='Lato', style='italic', variant='normal', weight=700, stretch='normal', size='scalable')) = 11.335
17952 - 23-Feb-26 14:19:49 - matplotlib.font_manager - findfont: score(FontEntry(fname='C:\\Windows\\Fonts\\SCHLBKB.TTF', name='Century Schoolbook', style='normal', variant='normal', weight=700, stretch='normal', size='scalable')) = 10.335
17952 - 23-Feb-26 14:19:49 - matplotlib.font_manager - findfont: score(FontEntry(fname='C:\\Windows\\Fonts\\FRABK.TTF', name='Franklin Gothic Book', style='normal', variant='normal', weight=400, stretch='normal', size='scalable')) = 10.05
17952 - 23-Feb-26 14:19:49 - matplotlib.font_manager - findfont: score(FontEntry(fname='C:\\Windows\\Fonts\\YuGothL.ttc', name='Yu Gothic', style='normal', variant='normal', weight=300, stretch='normal', size='scalable')) = 10.145
17952 - 23-Feb-26 14:19:49 - matplotlib.font_manager - findfont: score(FontEntry(fname='C:\\Windows\\Fonts\\GOTHIC.TTF', name='Century Gothic', style='normal', variant='normal', weight=400, stretch='normal', size='scalable')) = 10.05
17952 - 23-Feb-26 14:19:49 - matplotlib.font_manager - findfont: score(FontEntry(fname='C:\\Windows\\Fonts\\segoepr.ttf', name='Segoe Print', style='normal', variant='normal', weight=400, stretch='normal', size='scalable')) = 10.05
17952 - 23-Feb-26 14:19:49 - matplotlib.font_manager - findfont: score(FontEntry(fname='C:\\Windows\\Fonts\\GILC____.TTF', name='Gill Sans MT Condensed', style='normal', variant='normal', weight=400, stretch='condensed', size='scalable')) = 10.25
17952 - 23-Feb-26 14:19:49 - matplotlib.font_manager - findfont: score(FontEntry(fname='C:\\Windows\\Fonts\\Candaral.ttf', name='Candara', style='normal', variant='normal', weight=400, stretch='normal', size='scalable')) = 10.05
17952 - 23-Feb-26 14:19:49 - matplotlib.font_manager - findfont: score(FontEntry(fname='C:\\Windows\\Fonts\\LTYPEO.TTF', name='Lucida Sans Typewriter', style='oblique', variant='normal', weight=400, stretch='normal', size='scalable')) = 11.05
17952 - 23-Feb-26 14:19:49 - matplotlib.font_manager - findfont: score(FontEntry(fname='C:\\Windows\\Fonts\\Nirmala.ttc', name='Nirmala UI', style='normal', variant='normal', weight=400, stretch='normal', size='scalable')) = 10.05
17952 - 23-Feb-26 14:19:49 - matplotlib.font_manager - findfont: Matching sans\-serif:style=normal:variant=normal:weight=normal:stretch=normal:size=10.0 to DejaVu Sans ('C:\\Users\\armin\\AppData\\Local\\Programs\\Python\\Python313\\Lib\\site-packages\\matplotlib\\mpl-data\\fonts\\ttf\\DejaVuSans.ttf') with score of 0.050000.
17952 - 23-Feb-26 14:19:49 - DBlogger - Successfully closed DB connection
17952 - 23-Feb-26 14:19:49 - DBlogger - Successfully closed DB connection
22424 - 25-Feb-26 09:14:25 - matplotlib - matplotlib data path: C:\Users\mishr\AppData\Local\Programs\Python\Python313\Lib\site-packages\matplotlib\mpl-data
22424 - 25-Feb-26 09:14:25 - matplotlib - CONFIGDIR=C:\Users\mishr\.matplotlib
22424 - 25-Feb-26 09:14:25 - matplotlib - interactive is False
22424 - 25-Feb-26 09:14:25 - matplotlib - platform is win32
22424 - 25-Feb-26 09:14:25 - matplotlib - CACHEDIR=C:\Users\mishr\.matplotlib
22424 - 25-Feb-26 09:14:25 - matplotlib.font_manager - Using fontManager instance from C:\Users\mishr\.matplotlib\fontlist-v390.json
22424 - 25-Feb-26 09:14:26 - main - Ingestion pipeline starting
22424 - 25-Feb-26 09:14:26 - ingestion.Reader - Attempting to read CSV at C:\DataTrainingProjects\Project1\DataIngestionProject\data\Mental_Health_DB.csv
22424 - 25-Feb-26 09:14:26 - ingestion.Reader - Read 10404 rows from C:\DataTrainingProjects\Project1\DataIngestionProject\data\Mental_Health_DB.csv
22424 - 25-Feb-26 09:14:26 - ingestion.Validator - Normalized columns: ['indicator', 'group', 'state', 'subgroup', 'phase', 'time_period', 'time_period_label', 'time_period_start_date', 'time_period_end_date', 'value', 'lowci', 'highci', 'confidence_interval', 'quartile_range', 'suppression_flag']
22424 - 25-Feb-26 09:14:26 - ingestion.Validator - Successfully validated 9914 rows
22424 - 25-Feb-26 09:14:26 - ingestion.Validator - Rejected 490 rows
22424 - 25-Feb-26 09:14:26 - ingestion.Cleaner - Starting data cleaning step
22424 - 25-Feb-26 09:14:26 - ingestion.Cleaner - Removed 0 duplicate rows
22424 - 25-Feb-26 09:14:26 - ingestion.Cleaner - Converted column 'phase' to numeric
22424 - 25-Feb-26 09:14:26 - ingestion.Cleaner - Converted column 'value' to numeric
22424 - 25-Feb-26 09:14:26 - ingestion.Cleaner - Converted column 'lowci' to numeric
22424 - 25-Feb-26 09:14:26 - ingestion.Cleaner - Converted column 'highci' to numeric
22424 - 25-Feb-26 09:14:26 - ingestion.Cleaner - Converted 'time_period' to nullable Int64
22424 - 25-Feb-26 09:14:26 - ingestion.Cleaner - Converted 'time_period_start_date' to datetime
22424 - 25-Feb-26 09:14:26 - ingestion.Cleaner - Converted 'time_period_end_date' to datetime
22424 - 25-Feb-26 09:14:26 - ingestion.Cleaner - Converted 'indicator' to string
22424 - 25-Feb-26 09:14:26 - ingestion.Cleaner - Converted 'group' to string
22424 - 25-Feb-26 09:14:26 - ingestion.Cleaner - Converted 'state' to string
22424 - 25-Feb-26 09:14:26 - ingestion.Cleaner - Converted 'subgroup' to string
22424 - 25-Feb-26 09:14:26 - ingestion.Cleaner - Converted 'time_period_label' to string
22424 - 25-Feb-26 09:14:26 - ingestion.Cleaner - Converted 'confidence_interval' to string
22424 - 25-Feb-26 09:14:26 - ingestion.Cleaner - Converted 'quartile_range' to string
22424 - 25-Feb-26 09:14:26 - ingestion.Cleaner - Completed data cleaning.
22424 - 25-Feb-26 09:14:26 - ingestion.Cleaner - Starting data cleaning step
22424 - 25-Feb-26 09:14:26 - ingestion.Cleaner - Removed 0 duplicate rows
22424 - 25-Feb-26 09:14:26 - ingestion.Cleaner - Converted column 'phase' to numeric
22424 - 25-Feb-26 09:14:26 - ingestion.Cleaner - Converted column 'value' to numeric
22424 - 25-Feb-26 09:14:26 - ingestion.Cleaner - Converted column 'lowci' to numeric
22424 - 25-Feb-26 09:14:26 - ingestion.Cleaner - Converted column 'highci' to numeric
22424 - 25-Feb-26 09:14:26 - ingestion.Cleaner - Converted 'time_period' to nullable Int64
22424 - 25-Feb-26 09:14:26 - ingestion.Cleaner - Converted 'time_period_start_date' to datetime
22424 - 25-Feb-26 09:14:26 - ingestion.Cleaner - Converted 'time_period_end_date' to datetime
22424 - 25-Feb-26 09:14:26 - ingestion.Cleaner - Converted 'indicator' to string
22424 - 25-Feb-26 09:14:26 - ingestion.Cleaner - Converted 'group' to string
22424 - 25-Feb-26 09:14:26 - ingestion.Cleaner - Converted 'state' to string
22424 - 25-Feb-26 09:14:26 - ingestion.Cleaner - Converted 'subgroup' to string
22424 - 25-Feb-26 09:14:26 - ingestion.Cleaner - Converted 'time_period_label' to string
22424 - 25-Feb-26 09:14:26 - ingestion.Cleaner - Converted 'confidence_interval' to string
22424 - 25-Feb-26 09:14:26 - ingestion.Cleaner - Converted 'quartile_range' to string
22424 - 25-Feb-26 09:14:26 - ingestion.Cleaner - Converted suppression_flag to numeric
22424 - 25-Feb-26 09:14:26 - ingestion.Cleaner - Converted rejection_reason to string
22424 - 25-Feb-26 09:14:26 - ingestion.Cleaner - Completed data cleaning.
22424 - 25-Feb-26 09:14:27 - DBlogger - Successfully connected to database
22424 - 25-Feb-26 09:14:29 - DBlogger - Succesfully inserted 9914 rows into database
22424 - 25-Feb-26 09:14:29 - DBlogger - Error occurred during data insertion: 'NoneType' object has no attribute 'session'
22424 - 25-Feb-26 09:14:29 - DBlogger - Created fact table and dimension tables for star schema
22424 - 25-Feb-26 09:15:12 - DBlogger - Populated all star schema tables with data
22424 - 25-Feb-26 09:15:13 - DBlogger - Successfully closed DB connection
22424 - 25-Feb-26 09:15:13 - DBlogger - Successfully closed DB connection
29644 - 25-Feb-26 10:00:38 - matplotlib - matplotlib data path: C:\Users\mishr\AppData\Local\Programs\Python\Python313\Lib\site-packages\matplotlib\mpl-data
29644 - 25-Feb-26 10:00:38 - matplotlib - CONFIGDIR=C:\Users\mishr\.matplotlib
29644 - 25-Feb-26 10:00:38 - matplotlib - interactive is False
29644 - 25-Feb-26 10:00:38 - matplotlib - platform is win32
29644 - 25-Feb-26 10:00:38 - matplotlib - CACHEDIR=C:\Users\mishr\.matplotlib
29644 - 25-Feb-26 10:00:38 - matplotlib.font_manager - Using fontManager instance from C:\Users\mishr\.matplotlib\fontlist-v390.json
29644 - 25-Feb-26 10:00:39 - main - Ingestion pipeline starting
29644 - 25-Feb-26 10:00:39 - ingestion.Reader - Attempting to read CSV at C:\DataTrainingProjects\Project1\DataIngestionProject\data\Mental_Health_DB.csv
29644 - 25-Feb-26 10:00:39 - ingestion.Reader - Read 10404 rows from C:\DataTrainingProjects\Project1\DataIngestionProject\data\Mental_Health_DB.csv
29644 - 25-Feb-26 10:00:39 - ingestion.Validator - Normalized columns: ['indicator', 'group', 'state', 'subgroup', 'phase', 'time_period', 'time_period_label', 'time_period_start_date', 'time_period_end_date', 'value', 'lowci', 'highci', 'confidence_interval', 'quartile_range', 'suppression_flag']
29644 - 25-Feb-26 10:00:39 - ingestion.Validator - Successfully validated 9914 rows
29644 - 25-Feb-26 10:00:39 - ingestion.Validator - Rejected 490 rows
29644 - 25-Feb-26 10:00:39 - ingestion.Cleaner - Starting data cleaning step
29644 - 25-Feb-26 10:00:39 - ingestion.Cleaner - Removed 0 duplicate rows
29644 - 25-Feb-26 10:00:39 - ingestion.Cleaner - Converted column 'phase' to numeric
29644 - 25-Feb-26 10:00:39 - ingestion.Cleaner - Converted column 'value' to numeric
29644 - 25-Feb-26 10:00:39 - ingestion.Cleaner - Converted column 'lowci' to numeric
29644 - 25-Feb-26 10:00:39 - ingestion.Cleaner - Converted column 'highci' to numeric
29644 - 25-Feb-26 10:00:39 - ingestion.Cleaner - Converted 'time_period' to nullable Int64
29644 - 25-Feb-26 10:00:39 - ingestion.Cleaner - Converted 'time_period_start_date' to datetime
29644 - 25-Feb-26 10:00:39 - ingestion.Cleaner - Converted 'time_period_end_date' to datetime
29644 - 25-Feb-26 10:00:39 - ingestion.Cleaner - Converted 'indicator' to string
29644 - 25-Feb-26 10:00:39 - ingestion.Cleaner - Converted 'group' to string
29644 - 25-Feb-26 10:00:39 - ingestion.Cleaner - Converted 'state' to string
29644 - 25-Feb-26 10:00:39 - ingestion.Cleaner - Converted 'subgroup' to string
29644 - 25-Feb-26 10:00:39 - ingestion.Cleaner - Converted 'time_period_label' to string
29644 - 25-Feb-26 10:00:39 - ingestion.Cleaner - Converted 'confidence_interval' to string
29644 - 25-Feb-26 10:00:39 - ingestion.Cleaner - Converted 'quartile_range' to string
29644 - 25-Feb-26 10:00:39 - ingestion.Cleaner - Completed data cleaning.
29644 - 25-Feb-26 10:00:39 - ingestion.Cleaner - Starting data cleaning step
29644 - 25-Feb-26 10:00:39 - ingestion.Cleaner - Removed 0 duplicate rows
29644 - 25-Feb-26 10:00:39 - ingestion.Cleaner - Converted column 'phase' to numeric
29644 - 25-Feb-26 10:00:39 - ingestion.Cleaner - Converted column 'value' to numeric
29644 - 25-Feb-26 10:00:39 - ingestion.Cleaner - Converted column 'lowci' to numeric
29644 - 25-Feb-26 10:00:39 - ingestion.Cleaner - Converted column 'highci' to numeric
29644 - 25-Feb-26 10:00:39 - ingestion.Cleaner - Converted 'time_period' to nullable Int64
29644 - 25-Feb-26 10:00:39 - ingestion.Cleaner - Converted 'time_period_start_date' to datetime
29644 - 25-Feb-26 10:00:39 - ingestion.Cleaner - Converted 'time_period_end_date' to datetime
29644 - 25-Feb-26 10:00:39 - ingestion.Cleaner - Converted 'indicator' to string
29644 - 25-Feb-26 10:00:39 - ingestion.Cleaner - Converted 'group' to string
29644 - 25-Feb-26 10:00:39 - ingestion.Cleaner - Converted 'state' to string
29644 - 25-Feb-26 10:00:39 - ingestion.Cleaner - Converted 'subgroup' to string
29644 - 25-Feb-26 10:00:39 - ingestion.Cleaner - Converted 'time_period_label' to string
29644 - 25-Feb-26 10:00:39 - ingestion.Cleaner - Converted 'confidence_interval' to string
29644 - 25-Feb-26 10:00:39 - ingestion.Cleaner - Converted 'quartile_range' to string
29644 - 25-Feb-26 10:00:39 - ingestion.Cleaner - Converted suppression_flag to numeric
29644 - 25-Feb-26 10:00:39 - ingestion.Cleaner - Converted rejection_reason to string
29644 - 25-Feb-26 10:00:39 - ingestion.Cleaner - Completed data cleaning.
29644 - 25-Feb-26 10:00:40 - DBlogger - Successfully connected to database
29644 - 25-Feb-26 10:00:41 - DBlogger - Succesfully inserted 9914 rows into database
29644 - 25-Feb-26 10:00:41 - DBlogger - Error occurred during data insertion: 'NoneType' object has no attribute 'session'
29644 - 25-Feb-26 10:00:42 - DBlogger - Created fact table and dimension tables for star schema
29644 - 25-Feb-26 10:01:21 - DBlogger - Populated all star schema tables with data
29644 - 25-Feb-26 10:01:22 - DBlogger - Successfully closed DB connection
29644 - 25-Feb-26 10:01:22 - DBlogger - Successfully closed DB connection
15900 - 25-Feb-26 10:11:42 - api_ingestion.Reader - Requesting BLS data | series=50 | years=2022-2023
15900 - 25-Feb-26 10:11:42 - urllib3.connectionpool - Starting new HTTPS connection (1): api.bls.gov:443
15900 - 25-Feb-26 10:11:43 - urllib3.connectionpool - https://api.bls.gov:443 "POST /publicAPI/v2/timeseries/data/ HTTP/1.1" 200 None
15900 - 25-Feb-26 10:11:44 - api_ingestion.Reader - BLS fetch successful | rows=1200
15900 - 25-Feb-26 10:11:44 - api_ingestion.Reader - {'source': 'bls_laus_api', 'series_requested': 50, 'rows_returned': 1200, 'start_year': 2022, 'end_year': 2023}
15900 - 25-Feb-26 10:11:44 - api_ingestion.Validator - Normalized columns: ['series_id', 'year', 'period', 'period_name', 'value']
15900 - 25-Feb-26 10:11:44 - api_ingestion.Validator - Successfully validated 1200 rows
15900 - 25-Feb-26 10:11:44 - api_ingestion.Validator - Rejected 0 rows
15900 - 25-Feb-26 10:11:44 - api_ingestion.Cleaner - Starting data cleaning step
15900 - 25-Feb-26 10:11:44 - api_ingestion.Cleaner - Removed 0 duplicate rows
15900 - 25-Feb-26 10:11:44 - api_ingestion.Cleaner - Converted column value to numeric
15900 - 25-Feb-26 10:11:44 - api_ingestion.Cleaner - Converted column year to numeric
15900 - 25-Feb-26 10:11:44 - api_ingestion.Cleaner - Created temporary column month and converted it to numeric
15900 - 25-Feb-26 10:11:44 - api_ingestion.Cleaner - Created column date and converted it to datetime
15900 - 25-Feb-26 10:11:44 - api_ingestion.Cleaner - Converted series_id to string
15900 - 25-Feb-26 10:11:44 - api_ingestion.Cleaner - Created column state_fips 
15900 - 25-Feb-26 10:11:44 - api_ingestion.Cleaner - Created column state and converted it to string
15900 - 25-Feb-26 10:11:44 - api_ingestion.Cleaner - dropped columns series_id, year, month, and period_name
15900 - 25-Feb-26 10:11:44 - api_ingestion.Cleaner - Completed data cleaning.
15900 - 25-Feb-26 10:11:44 - api_ingestion.Cleaner - Starting data cleaning step
15900 - 25-Feb-26 10:11:44 - api_ingestion.Cleaner - Removed 0 duplicate rows
15900 - 25-Feb-26 10:11:44 - api_ingestion.Cleaner - Converted column value to numeric
15900 - 25-Feb-26 10:11:44 - api_ingestion.Cleaner - Converted column year to numeric
15900 - 25-Feb-26 10:11:44 - api_ingestion.Cleaner - Created temporary column month and converted it to numeric
15900 - 25-Feb-26 10:11:44 - api_ingestion.Cleaner - Created column date and converted it to datetime
15900 - 25-Feb-26 10:11:44 - api_ingestion.Cleaner - Converted series_id to string
15900 - 25-Feb-26 10:11:44 - api_ingestion.Cleaner - Created column state_fips 
15900 - 25-Feb-26 10:11:44 - api_ingestion.Cleaner - Created column state and converted it to string
15900 - 25-Feb-26 10:11:44 - api_ingestion.Cleaner - dropped columns series_id, year, month, and period_name
15900 - 25-Feb-26 10:11:44 - api_ingestion.Cleaner - Converted rejection_reason to string
15900 - 25-Feb-26 10:11:44 - api_ingestion.Cleaner - Completed data cleaning.
15900 - 25-Feb-26 10:11:44 - DBlogger - Upserted/updated 600 rows into unemployment
15900 - 25-Feb-26 10:11:44 - DBlogger - Successfully closed DB connection
30244 - 25-Feb-26 10:28:42 - api_ingestion.Reader - Requesting BLS data | series=50 | years=2022-2023
30244 - 25-Feb-26 10:28:42 - urllib3.connectionpool - Starting new HTTPS connection (1): api.bls.gov:443
30244 - 25-Feb-26 10:28:43 - urllib3.connectionpool - https://api.bls.gov:443 "POST /publicAPI/v2/timeseries/data/ HTTP/1.1" 200 None
30244 - 25-Feb-26 10:28:43 - api_ingestion.Reader - BLS fetch successful | rows=1200
30244 - 25-Feb-26 10:28:43 - api_ingestion.Reader - {'source': 'bls_laus_api', 'series_requested': 50, 'rows_returned': 1200, 'start_year': 2022, 'end_year': 2023}
30244 - 25-Feb-26 10:28:43 - api_ingestion.Validator - Normalized columns: ['series_id', 'year', 'period', 'period_name', 'value']
30244 - 25-Feb-26 10:28:43 - api_ingestion.Validator - Successfully validated 1200 rows
30244 - 25-Feb-26 10:28:43 - api_ingestion.Validator - Rejected 0 rows
30244 - 25-Feb-26 10:28:43 - api_ingestion.Cleaner - Starting data cleaning step
30244 - 25-Feb-26 10:28:43 - api_ingestion.Cleaner - Removed 0 duplicate rows
30244 - 25-Feb-26 10:28:43 - api_ingestion.Cleaner - Converted column value to numeric
30244 - 25-Feb-26 10:28:43 - api_ingestion.Cleaner - Converted column year to numeric
30244 - 25-Feb-26 10:28:43 - api_ingestion.Cleaner - Created temporary column month and converted it to numeric
30244 - 25-Feb-26 10:28:43 - api_ingestion.Cleaner - Created column date and converted it to datetime
30244 - 25-Feb-26 10:28:43 - api_ingestion.Cleaner - Converted series_id to string
30244 - 25-Feb-26 10:28:43 - api_ingestion.Cleaner - Created column state_fips 
30244 - 25-Feb-26 10:28:43 - api_ingestion.Cleaner - Created column state and converted it to string
30244 - 25-Feb-26 10:28:43 - api_ingestion.Cleaner - dropped columns series_id, year, month, and period_name
30244 - 25-Feb-26 10:28:43 - api_ingestion.Cleaner - Completed data cleaning.
30244 - 25-Feb-26 10:28:43 - api_ingestion.Cleaner - Starting data cleaning step
30244 - 25-Feb-26 10:28:43 - api_ingestion.Cleaner - Removed 0 duplicate rows
30244 - 25-Feb-26 10:28:43 - api_ingestion.Cleaner - Converted column value to numeric
30244 - 25-Feb-26 10:28:43 - api_ingestion.Cleaner - Converted column year to numeric
30244 - 25-Feb-26 10:28:43 - api_ingestion.Cleaner - Created temporary column month and converted it to numeric
30244 - 25-Feb-26 10:28:43 - api_ingestion.Cleaner - Created column date and converted it to datetime
30244 - 25-Feb-26 10:28:43 - api_ingestion.Cleaner - Converted series_id to string
30244 - 25-Feb-26 10:28:43 - api_ingestion.Cleaner - Created column state_fips 
30244 - 25-Feb-26 10:28:43 - api_ingestion.Cleaner - Created column state and converted it to string
30244 - 25-Feb-26 10:28:43 - api_ingestion.Cleaner - dropped columns series_id, year, month, and period_name
30244 - 25-Feb-26 10:28:43 - api_ingestion.Cleaner - Converted rejection_reason to string
30244 - 25-Feb-26 10:28:43 - api_ingestion.Cleaner - Completed data cleaning.
30244 - 25-Feb-26 10:28:43 - DBlogger - Upserted/updated 600 rows into unemployment
30244 - 25-Feb-26 10:28:43 - DBlogger - Successfully closed DB connection
37980 - 25-Feb-26 11:06:49 - api_ingestion.Reader - Requesting BLS data | series=50 | years=2022-2023
37980 - 25-Feb-26 11:06:49 - urllib3.connectionpool - Starting new HTTPS connection (1): api.bls.gov:443
37980 - 25-Feb-26 11:06:50 - urllib3.connectionpool - https://api.bls.gov:443 "POST /publicAPI/v2/timeseries/data/ HTTP/1.1" 200 None
37980 - 25-Feb-26 11:06:50 - api_ingestion.Reader - BLS fetch successful | rows=1200
37980 - 25-Feb-26 11:06:50 - api_ingestion.Reader - {'source': 'bls_laus_api', 'series_requested': 50, 'rows_returned': 1200, 'start_year': 2022, 'end_year': 2023}
37980 - 25-Feb-26 11:06:50 - api_ingestion.Validator - Normalized columns: ['series_id', 'year', 'period', 'period_name', 'value']
37980 - 25-Feb-26 11:06:50 - api_ingestion.Validator - Successfully validated 1200 rows
37980 - 25-Feb-26 11:06:50 - api_ingestion.Validator - Rejected 0 rows
37980 - 25-Feb-26 11:06:50 - api_ingestion.Cleaner - Starting data cleaning step
37980 - 25-Feb-26 11:06:50 - api_ingestion.Cleaner - Removed 0 duplicate rows
37980 - 25-Feb-26 11:06:50 - api_ingestion.Cleaner - Converted column value to numeric
37980 - 25-Feb-26 11:06:50 - api_ingestion.Cleaner - Converted column year to numeric
37980 - 25-Feb-26 11:06:50 - api_ingestion.Cleaner - Created temporary column month and converted it to numeric
37980 - 25-Feb-26 11:06:50 - api_ingestion.Cleaner - Created column date and converted it to datetime
37980 - 25-Feb-26 11:06:50 - api_ingestion.Cleaner - Converted series_id to string
37980 - 25-Feb-26 11:06:50 - api_ingestion.Cleaner - Created column state_fips 
37980 - 25-Feb-26 11:06:50 - api_ingestion.Cleaner - Created column state and converted it to string
37980 - 25-Feb-26 11:06:50 - api_ingestion.Cleaner - dropped columns series_id, year, month, and period_name
37980 - 25-Feb-26 11:06:50 - api_ingestion.Cleaner - Completed data cleaning.
37980 - 25-Feb-26 11:06:50 - api_ingestion.Cleaner - Starting data cleaning step
37980 - 25-Feb-26 11:06:50 - api_ingestion.Cleaner - Removed 0 duplicate rows
37980 - 25-Feb-26 11:06:50 - api_ingestion.Cleaner - Converted column value to numeric
37980 - 25-Feb-26 11:06:50 - api_ingestion.Cleaner - Converted column year to numeric
37980 - 25-Feb-26 11:06:50 - api_ingestion.Cleaner - Created temporary column month and converted it to numeric
37980 - 25-Feb-26 11:06:50 - api_ingestion.Cleaner - Created column date and converted it to datetime
37980 - 25-Feb-26 11:06:50 - api_ingestion.Cleaner - Converted series_id to string
37980 - 25-Feb-26 11:06:50 - api_ingestion.Cleaner - Created column state_fips 
37980 - 25-Feb-26 11:06:50 - api_ingestion.Cleaner - Created column state and converted it to string
37980 - 25-Feb-26 11:06:50 - api_ingestion.Cleaner - dropped columns series_id, year, month, and period_name
37980 - 25-Feb-26 11:06:50 - api_ingestion.Cleaner - Converted rejection_reason to string
37980 - 25-Feb-26 11:06:50 - api_ingestion.Cleaner - Completed data cleaning.
37980 - 25-Feb-26 11:06:50 - DBlogger - Upserted/updated 600 rows into unemployment
37980 - 25-Feb-26 11:06:50 - DBlogger - Successfully closed DB connection
36984 - 25-Feb-26 11:10:21 - api_ingestion.Reader - Requesting BLS data | series=50 | years=2022-2023
36984 - 25-Feb-26 11:10:21 - urllib3.connectionpool - Starting new HTTPS connection (1): api.bls.gov:443
36984 - 25-Feb-26 11:10:22 - urllib3.connectionpool - https://api.bls.gov:443 "POST /publicAPI/v2/timeseries/data/ HTTP/1.1" 200 None
36984 - 25-Feb-26 11:10:22 - api_ingestion.Reader - BLS fetch successful | rows=1200
36984 - 25-Feb-26 11:10:22 - api_ingestion.Reader - {'source': 'bls_laus_api', 'series_requested': 50, 'rows_returned': 1200, 'start_year': 2022, 'end_year': 2023}
36984 - 25-Feb-26 11:10:22 - api_ingestion.Validator - Normalized columns: ['series_id', 'year', 'period', 'period_name', 'value']
36984 - 25-Feb-26 11:10:22 - api_ingestion.Validator - Successfully validated 1200 rows
36984 - 25-Feb-26 11:10:22 - api_ingestion.Validator - Rejected 0 rows
36984 - 25-Feb-26 11:10:22 - api_ingestion.Cleaner - Starting data cleaning step
36984 - 25-Feb-26 11:10:22 - api_ingestion.Cleaner - Removed 0 duplicate rows
36984 - 25-Feb-26 11:10:22 - api_ingestion.Cleaner - Converted column value to numeric
36984 - 25-Feb-26 11:10:22 - api_ingestion.Cleaner - Converted column year to numeric
36984 - 25-Feb-26 11:10:22 - api_ingestion.Cleaner - Created temporary column month and converted it to numeric
36984 - 25-Feb-26 11:10:22 - api_ingestion.Cleaner - Created column date and converted it to datetime
36984 - 25-Feb-26 11:10:22 - api_ingestion.Cleaner - Converted series_id to string
36984 - 25-Feb-26 11:10:22 - api_ingestion.Cleaner - Created column state_fips 
36984 - 25-Feb-26 11:10:22 - api_ingestion.Cleaner - Created column state and converted it to string
36984 - 25-Feb-26 11:10:22 - api_ingestion.Cleaner - dropped columns series_id, year, month, and period_name
36984 - 25-Feb-26 11:10:22 - api_ingestion.Cleaner - Completed data cleaning.
36984 - 25-Feb-26 11:10:22 - api_ingestion.Cleaner - Starting data cleaning step
36984 - 25-Feb-26 11:10:22 - api_ingestion.Cleaner - Removed 0 duplicate rows
36984 - 25-Feb-26 11:10:22 - api_ingestion.Cleaner - Converted column value to numeric
36984 - 25-Feb-26 11:10:22 - api_ingestion.Cleaner - Converted column year to numeric
36984 - 25-Feb-26 11:10:22 - api_ingestion.Cleaner - Created temporary column month and converted it to numeric
36984 - 25-Feb-26 11:10:22 - api_ingestion.Cleaner - Created column date and converted it to datetime
36984 - 25-Feb-26 11:10:22 - api_ingestion.Cleaner - Converted series_id to string
36984 - 25-Feb-26 11:10:22 - api_ingestion.Cleaner - Created column state_fips 
36984 - 25-Feb-26 11:10:22 - api_ingestion.Cleaner - Created column state and converted it to string
36984 - 25-Feb-26 11:10:22 - api_ingestion.Cleaner - dropped columns series_id, year, month, and period_name
36984 - 25-Feb-26 11:10:22 - api_ingestion.Cleaner - Converted rejection_reason to string
36984 - 25-Feb-26 11:10:22 - api_ingestion.Cleaner - Completed data cleaning.
36984 - 25-Feb-26 11:10:22 - DBlogger - Upserted/updated 600 rows into unemployment
36984 - 25-Feb-26 11:10:22 - DBlogger - Successfully closed DB connection
33488 - 25-Feb-26 11:10:44 - api_ingestion.Reader - Requesting BLS data | series=50 | years=2022-2023
33488 - 25-Feb-26 11:10:44 - urllib3.connectionpool - Starting new HTTPS connection (1): api.bls.gov:443
33488 - 25-Feb-26 11:10:45 - urllib3.connectionpool - https://api.bls.gov:443 "POST /publicAPI/v2/timeseries/data/ HTTP/1.1" 200 None
33488 - 25-Feb-26 11:10:45 - api_ingestion.Reader - BLS fetch successful | rows=1200
33488 - 25-Feb-26 11:10:45 - api_ingestion.Reader - {'source': 'bls_laus_api', 'series_requested': 50, 'rows_returned': 1200, 'start_year': 2022, 'end_year': 2023}
33488 - 25-Feb-26 11:10:45 - api_ingestion.Validator - Normalized columns: ['series_id', 'year', 'period', 'period_name', 'value']
33488 - 25-Feb-26 11:10:45 - api_ingestion.Validator - Successfully validated 1200 rows
33488 - 25-Feb-26 11:10:45 - api_ingestion.Validator - Rejected 0 rows
33488 - 25-Feb-26 11:10:45 - api_ingestion.Cleaner - Starting data cleaning step
33488 - 25-Feb-26 11:10:45 - api_ingestion.Cleaner - Removed 0 duplicate rows
33488 - 25-Feb-26 11:10:45 - api_ingestion.Cleaner - Converted column value to numeric
33488 - 25-Feb-26 11:10:45 - api_ingestion.Cleaner - Converted column year to numeric
33488 - 25-Feb-26 11:10:45 - api_ingestion.Cleaner - Created temporary column month and converted it to numeric
33488 - 25-Feb-26 11:10:45 - api_ingestion.Cleaner - Created column date and converted it to datetime
33488 - 25-Feb-26 11:10:45 - api_ingestion.Cleaner - Converted series_id to string
33488 - 25-Feb-26 11:10:45 - api_ingestion.Cleaner - Created column state_fips 
33488 - 25-Feb-26 11:10:45 - api_ingestion.Cleaner - Created column state and converted it to string
33488 - 25-Feb-26 11:10:45 - api_ingestion.Cleaner - dropped columns series_id, year, month, and period_name
33488 - 25-Feb-26 11:10:45 - api_ingestion.Cleaner - Completed data cleaning.
33488 - 25-Feb-26 11:10:45 - api_ingestion.Cleaner - Starting data cleaning step
33488 - 25-Feb-26 11:10:45 - api_ingestion.Cleaner - Removed 0 duplicate rows
33488 - 25-Feb-26 11:10:45 - api_ingestion.Cleaner - Converted column value to numeric
33488 - 25-Feb-26 11:10:45 - api_ingestion.Cleaner - Converted column year to numeric
33488 - 25-Feb-26 11:10:45 - api_ingestion.Cleaner - Created temporary column month and converted it to numeric
33488 - 25-Feb-26 11:10:45 - api_ingestion.Cleaner - Created column date and converted it to datetime
33488 - 25-Feb-26 11:10:45 - api_ingestion.Cleaner - Converted series_id to string
33488 - 25-Feb-26 11:10:45 - api_ingestion.Cleaner - Created column state_fips 
33488 - 25-Feb-26 11:10:45 - api_ingestion.Cleaner - Created column state and converted it to string
33488 - 25-Feb-26 11:10:45 - api_ingestion.Cleaner - dropped columns series_id, year, month, and period_name
33488 - 25-Feb-26 11:10:45 - api_ingestion.Cleaner - Converted rejection_reason to string
33488 - 25-Feb-26 11:10:45 - api_ingestion.Cleaner - Completed data cleaning.
33488 - 25-Feb-26 11:10:45 - DBlogger - Upserted/updated 600 rows into unemployment
33488 - 25-Feb-26 11:10:45 - DBlogger - Successfully closed DB connection
